unit_name,month,Worked Mandays--Present Head Count--Admin,Worked Mandays--Present Head Count--Audit & Refilling,Worked Mandays--Present Head Count--CHECKING,Worked Mandays--Present Head Count--Checking,Worked Mandays--Present Head Count--Data Analyst,Worked Mandays--Present Head Count--Data analyst,Worked Mandays--Present Head Count--Delivery,Worked Mandays--Present Head Count--Dispatch,Worked Mandays--Present Head Count--Expiry,Worked Mandays--Present Head Count--Finance & Accounts,Worked Mandays--Present Head Count--HR,Worked Mandays--Present Head Count--IT,Worked Mandays--Present Head Count--IT ,Worked Mandays--Present Head Count--Inward,Worked Mandays--Present Head Count--Overall Non - Ops,Worked Mandays--Present Head Count--Overall Operation,Worked Mandays--Present Head Count--PURCHASE,Worked Mandays--Present Head Count--Purchase,Worked Mandays--Present Head Count--SALES,Worked Mandays--Present Head Count--Sales,Worked Mandays--Present Head Count--Sales Return,Worked Mandays--Present Head Count--Store,Worked Mandays--Present Head Count--store
Ahmedabad,2022-04-01,,26.0,,102.7,,,,20.8,,25.133333333333333,,,,69.33333333333334,,,,,,289.0333333333333,25.133333333333333,62.83333333333334,
Ahmedabad,2022-05-01,,20.548387096774192,,81.7741935483871,,,,24.741935483870968,,26.0,,,,47.806451612903224,,,,,,367.7741935483871,23.483870967741936,46.96774193548387,
Ahmedabad,2022-06-01,,8.666666666666666,,104.0,,,,26.0,,26.0,,,,72.36666666666666,,,,,,388.7,27.733333333333334,85.8,
Ahmedabad,2022-07-01,,,,105.25806451612904,,,,24.32258064516129,,26.0,,,,61.645161290322584,,,,,,397.5483870967742,25.161290322580648,106.0967741935484,
Ahmedabad,2022-08-01,,,,52.25806451612903,,,,27.0,,39.62903225806452,,,,81.43548387096774,,,,,,412.83870967741933,27.0,124.98387096774194,
Ahmedabad,2022-09-01,,,,51.56666666666667,,,,25.133333333333333,,26.0,,,,56.33333333333334,,,,,,375.26666666666665,25.133333333333333,130.0,
Ahmedabad,2022-10-01,,22.645161290322577,,55.774193548387096,,,,17.612903225806452,,26.0,,,,75.90322580645162,,,,,,379.9354838709677,,153.48387096774195,
Ahmedabad,2022-11-01,,10.4,,22.966666666666665,,,,26.0,,26.0,,,,74.53333333333333,,,,,,382.2,,249.60000000000002,
Aurangabad,2022-04-01,26.86666666666667,,,52.86666666666666,,,,26.86666666666667,,,,,,75.39999999999999,,26.0,,25.133333333333333,,260.8666666666667,26.86666666666667,77.13333333333334,
Aurangabad,2022-05-01,26.0,,,52.0,,,,26.0,,,,,,72.54838709677419,,0.0,,14.258064516129032,,273.0,26.0,78.0,
Aurangabad,2022-06-01,26.0,,,52.0,,,,26.0,,,,,,68.03333333333333,,,,26.0,,333.23333333333335,26.0,92.73333333333333,
Aurangabad,2022-07-01,26.0,,,52.0,,,,18.451612903225808,,,,,,77.16129032258064,,,,26.0,,379.93548387096774,26.0,101.48387096774194,
Aurangabad,2022-08-01,27.0,,,54.0,,,,27.0,,,,,,72.29032258064515,,,,27.0,,401.9516129032258,27.0,108.0,
Aurangabad,2022-09-01,26.0,34.666666666666664,,45.5,,,,26.0,,,,,,99.23333333333332,,,,,,316.3333333333333,26.0,103.13333333333334,
Aurangabad,2022-10-01,26.0,26.0,,105.6774193548387,,,,26.838709677419352,,,,,,65.41935483870968,,,,,,317.87096774193543,26.0,122.4516129032258,
Aurangabad,2022-11-01,21.666666666666668,25.133333333333333,,99.66666666666666,,,,26.0,,,,,,68.46666666666667,,,,,,280.8,25.133333333333333,123.5,
Aushad,2022-04-01,26.0,,,182.0,,,130.0,130.0,,208.0,,,,78.0,,26.0,,,,676.0,,624.0,
Aushad,2022-05-01,26.0,,,156.0,,,104.0,130.0,,182.0,,,,78.0,,26.0,,,,676.0,,650.0,
Aushad,2022-06-01,17.333333333333332,,,67.60000000000001,,,64.13333333333334,123.93333333333334,,160.33333333333331,,,,40.73333333333334,,64.13333333333334,,43.333333333333336,,481.86666666666673,,544.2666666666667,
Aushad,2022-07-01,18.451612903225808,,,63.74193548387097,,,111.96774193548387,119.93548387096774,,144.25806451612902,,,,41.096774193548384,,62.06451612903226,,37.74193548387097,,460.03225806451616,,564.4516129032259,
Aushad,2022-08-01,20.032258064516128,,,45.29032258064516,,,107.12903225806451,136.30645161290323,,156.33870967741936,,,,44.41935483870967,,67.93548387096774,,41.806451612903224,,497.7580645161291,,655.8387096774193,
Balasore,2022-04-01,49.4,,,,,,,,,52.0,,,,,,,,,,175.06666666666666,,,
Balasore,2022-05-01,52.0,,,,,,,,,52.0,,,,,,,,,,253.29032258064518,,,
Balasore,2022-06-01,52.0,,,,,,,,,52.0,,,,,,,,,,204.53333333333333,,,
Balasore,2022-07-01,52.0,,,,,,,,,52.0,,,,,,,,,,234.0,,,
Balasore,2022-08-01,54.0,,,,,,,,,54.0,,,,,,,,,,270.0,,,
Balasore,2022-09-01,71.06666666666666,,,,,,,,,52.0,,,,,,,,,,260.0,,,
Balasore,2022-10-01,78.0,,,,,,,,,26.0,,,,,,,,,,260.0,,,
Balasore,2022-11-01,78.0,,,,,,,,,27.733333333333334,,,,,,,,,,260.0,,,
Belgam,2022-04-01,18.201558498174485,,,55.03333333333333,,,156.86666666666667,36.4,,48.10233774726173,23.833333333333332,,,38.13333333333334,,52.0,,,,399.53333333333336,,200.63333333333333,
Belgam,2022-05-01,17.614411449846276,,,57.03753684865552,,,162.72475965975312,38.16506088268021,,49.06677846509199,20.96774193548387,,,36.80196912886878,,50.322580645161295,,,,371.9828241758821,,227.41797317892497,
Belgam,2022-06-01,26.0,,,74.1,,,171.16666666666666,68.46666666666667,,48.1,26.0,,,24.266666666666666,,52.0,,,,398.23333333333335,,301.59999999999997,
Belgam,2022-07-01,19.698091516503453,,,61.634248032830975,,,199.3321859321036,41.707386635008476,,51.935189234060964,26.0,,,45.661859720094945,,52.0,,,,449.8037060546857,,306.4986922899725,
Belgam,2022-08-01,24.387096774193548,,,79.69354838709677,,,196.83870967741936,27.0,,50.95161290322581,27.0,,,54.0,,54.0,,,,535.2096774193548,,330.53225806451616,
Belgam,2022-09-01,19.486186038907963,,,60.48698803914462,,,276.4971366437115,21.601014860456687,,51.92272562522653,26.0,,,45.44298658934397,,52.0,,,,423.9385284523378,,300.27691192461043,
Belgam,2022-10-01,19.486186038907963,,,60.48698803914462,,,235.45313519391084,21.601014860456687,,51.92272562522653,26.0,,,45.44298658934397,,52.0,,,,423.9385284523378,,280.83392533526643,
Belgam,2022-11-01,19.486186038907963,,,60.48698803914462,,,257.05415005436754,21.601014860456687,,25.92272562522653,51.92272562522653,,,45.44298658934397,,52.0,,,,449.8612540775643,,302.4349401957231,
Bhopal,2022-04-01,,,,,,,52.0,,,26.0,,,,,,29.466666666666665,,,,307.6666666666667,,,
Bhopal,2022-05-01,,,,,,,26.0,,,26.0,,,,,,29.355271647954574,,,,260.0,,,
Bhopal,2022-06-01,,,,,,,,,,26.0,,,,,,29.466666666666665,,,,305.9333333333333,,,
Bhopal,2022-07-01,,,,,,,,,,24.32258064516129,,,,,,26.0,,,,258.3225806451613,,,
Bhopal,2022-08-01,,,,,,,,,,0.8709677419354839,,,,,,4.354838709677419,,,,245.61290322580646,,,
Bhopal,2022-09-01,,,,,,,,,,24.266666666666666,,,,,,,,,,194.13333333333333,,,
Bhopal,2022-10-01,,,,,,,,,,26.0,,,,,,21.806451612903228,,,,130.0,,,
Bhopal,2022-11-01,,,,,,,,,,26.0,,,,,,26.0,,,,129.13333333333333,,,
Bhubaneswar,2022-04-01,52.0,96.2,,138.66666666666669,,,,52.86666666666666,,28.6,,,,113.53333333333335,,0.0,,,,495.73333333333335,25.133333333333333,242.66666666666669,
Bhubaneswar,2022-05-01,53.677419354838705,79.6774193548387,,110.70967741935483,,,,56.19354838709677,,26.0,,,,133.3548387096774,,,,,,434.45161290322585,25.161290322580648,259.1612903225806,
Bhubaneswar,2022-06-01,49.4,80.60000000000001,,104.86666666666666,,,,52.0,,26.0,,,,104.0,,,,26.0,,350.13333333333327,24.266666666666666,238.33333333333337,
Bhubaneswar,2022-07-01,55.354838709677416,109.87096774193547,,112.38709677419354,,,,55.354838709677416,,26.838709677419352,,,,113.2258064516129,,,,27.677419354838708,,383.7096774193548,38.16129032258065,242.38709677419354,
Bhubaneswar,2022-08-01,57.483870967741936,109.74193548387096,,117.58064516129032,,,,57.483870967741936,,27.0,,,,120.19354838709677,,,,28.741935483870968,,410.2258064516129,53.12903225806452,257.8064516129032,
Bhubaneswar,2022-09-01,27.733333333333334,143.86666666666667,,110.93333333333334,,,,57.2,,58.06666666666667,,,,114.4,,,,28.6,,379.6,54.6,170.73333333333332,
Bhubaneswar,2022-10-01,26.838709677419352,129.16129032258064,,112.38709677419354,,,,56.19354838709677,,55.354838709677416,,,,139.2258064516129,,,,,,353.09677419354836,56.19354838709677,167.74193548387095,
Bhubaneswar,2022-11-01,26.0,137.79999999999998,,104.0,,,,52.0,,52.0,,,,129.13333333333333,,,,,,366.59999999999997,52.0,150.79999999999998,
Bilaspur,2022-04-01,,,,,,,,24.266666666666666,,27.733333333333334,,,,,,,,,,156.86666666666667,,,
Bilaspur,2022-05-01,,,,,,,,25.161290322580648,,25.161290322580648,,,,,,,,,,185.3548387096774,,,
Bilaspur,2022-06-01,,,,,,,,25.133333333333333,,25.133333333333333,,,,,,,,,,120.46666666666665,,,
Bilaspur,2022-07-01,,,,,,,,25.161290322580648,,17.612903225806452,,,,,,,,,,195.0,,,
Bilaspur,2022-08-01,,,,,,,,24.387096774193548,,26.129032258064516,,,,,,,,,,252.14516129032256,,,
Bilaspur,2022-09-01,,,,,,,,24.266666666666666,,26.0,,,,,,,,,,182.0,,,
Bilaspur,2022-10-01,,,,,,,,26.0,,26.0,,,,,,,,,,191.2258064516129,,,
Bilaspur,2022-11-01,,,,,,,,26.0,,26.0,,,,,,,,,,212.76666666666668,,,
Bokaro,2022-04-01,,,,,,,,,,,,,,,,,,,,40.733333333333334,,,
Bokaro,2022-05-01,,,,,,,,,,,,,,,,15.935483870967742,,,,130.83870967741936,,,
Bokaro,2022-06-01,,,,,,,,,,,,,,,,14.733333333333333,,,,115.26666666666668,,,
Bokaro,2022-07-01,,,,,,,,,,,,,,,,27.677419354838708,,,,265.8709677419355,,,
Bokaro,2022-08-01,,,,,,,,,,,,,,,,27.870967741935484,,,,290.03225806451616,,,
Bokaro,2022-09-01,,,,,,,,,,26.0,,,,,,26.0,,,,245.26666666666668,,,
Bokaro,2022-10-01,,,,,,,,,,22.64516129032258,,,,,,25.161290322580648,,,,260.83870967741933,,,
Bokaro,2022-11-01,,,,,,,,,,17.333333333333332,,,,,,17.333333333333332,,,,182.0,,,
Chandigarh,2022-04-01,25.133333333333333,24.266666666666666,,121.55,,,,56.76666666666667,29.033333333333335,72.36666666666666,,0.0,,112.88333333333334,,53.73333333333334,,24.266666666666666,,466.26666666666665,,222.95000000000002,
Chandigarh,2022-05-01,26.0,27.677419354838708,,135.4516129032258,,,,47.387096774193544,17.612903225806452,71.29032258064517,,,,105.25806451612904,,54.516129032258064,,26.0,,473.45161290322585,,204.2258064516129,
Chandigarh,2022-06-01,26.0,19.933333333333334,,133.9,,,,54.6,27.3,78.86666666666666,,,,76.7,,49.4,,25.133333333333333,,501.3666666666666,,177.66666666666666,
Chandigarh,2022-07-01,26.0,,,199.1935483870968,,,,62.903225806451616,26.0,83.03225806451614,,,,72.12903225806453,,52.41935483870968,,26.0,,469.258064516129,,272.58064516129036,
Chandigarh,2022-08-01,27.0,,,177.24193548387098,,,,60.096774193548384,27.870967741935484,56.61290322580645,,,,74.90322580645162,,56.177419354838705,,26.129032258064516,,512.1290322580645,,323.56451612903226,
Chandigarh,2022-09-01,26.0,,,182.43333333333334,,,,81.46666666666667,26.86666666666667,45.93333333333333,,,,97.93333333333334,,41.6,,26.0,,451.53333333333336,,265.2,
Chandigarh,2022-10-01,26.0,25.161290322580644,,247.41935483870967,,,,109.45161290322581,26.419354838709676,52.83870967741935,,,,145.93548387096774,,28.516129032258064,,25.161290322580648,,493.58064516129036,,195.0,
Chandigarh,2022-11-01,25.133333333333333,11.266666666666667,,241.8,,,,108.33333333333334,26.86666666666667,38.13333333333334,,,,119.6,,26.0,,25.133333333333333,,493.1333333333334,,255.23333333333332,
Chennai,2022-04-01,182.0,27.733333333333334,,1048.6666666666665,,67.60000000000001,136.06666666666666,490.96666666666664,311.1333333333333,405.6,5.2,78.0,,952.4666666666667,,,,77.13333333333334,,1042.6000000000001,103.13333333333334,2226.9,
Chennai,2022-05-01,74.70154272656622,,,990.4458344879232,,55.522271631357654,157.22475959044988,513.8579494852016,297.23143753752345,472.47078088912474,,24.32258064516129,,894.1887243570498,,,,72.15659781255289,,1024.4256542524845,100.25335191822647,2560.021622231419,
Chennai,2022-06-01,149.06666666666666,,,901.2370370370371,,53.73333333333334,155.80740740740742,486.68148148148146,301.69629629629634,442.0000000000001,,27.3,,901.4296296296296,,26.86666666666667,,80.60000000000001,,1106.3481481481483,103.56666666666666,2711.7037037037035,
Chennai,2022-07-01,146.7741935483871,,,839.3620071684588,,54.516129032258064,148.078853046595,536.9139784946237,275.6559139784946,461.56989247311833,,25.161290322580648,,868.0179211469534,,25.161290322580648,,73.80645161290323,,965.6810035842294,96.87096774193547,2607.0824372759857,
Chennai,2022-08-01,140.2258064516129,,,883.4032258064516,57.483870967741936,,159.67741935483872,553.5483870967743,294.241935483871,501.8709677419355,,27.0,,969.3387096774194,,27.0,,81.0,,1036.4516129032259,98.85483870967741,2931.6774193548385,
Chennai,2022-09-01,106.60000000000001,,,880.4851851851852,43.333333333333336,,185.0814814814815,744.9481481481481,324.5185185185185,493.1333333333334,,26.86666666666667,,946.0629629629631,,26.86666666666667,,74.96666666666667,,1016.1666666666667,93.60000000000001,2773.6703703703706,26.86666666666667
Chennai,2022-10-01,73.80645161290323,,,821.3763440860216,50.322580645161295,,150.31541218637994,492.69534050179215,280.78136200716847,495.6774193548388,,25.161290322580648,,888.100358422939,,25.161290322580648,,74.64516129032259,,906.6451612903227,98.96774193548387,2692.258064516129,
Chennai,2022-11-01,104.86666666666666,,,754.7703703703704,51.13333333333334,,145.0222222222222,497.41851851851857,320.0407407407408,562.0814814814815,,,26.0,873.0703703703704,,146.65925925925927,,74.53333333333333,,940.9111111111112,94.2740740740741,2545.2555555555555,
Coimbatore,2022-04-01,56.11666666666666,,,285.45833333333337,,,148.63333333333333,94.46666666666668,77.13333333333334,77.13333333333334,,25.133333333333333,,173.54999999999998,,,,48.53333333333333,,279.9333333333333,,403.21666666666664,
Coimbatore,2022-05-01,56.3350806451613,,,254.43655913978492,,,153.05577956989248,95.99731182795699,70.94086021505376,72.96774193548387,,25.161290322580648,,172.7899193548387,,,,50.322580645161295,,283.5397849462366,,363.52473118279573,
Coimbatore,2022-06-01,30.333333333333336,,,279.25925925925924,,,165.82222222222222,139.34074074074073,78.86666666666667,102.26666666666668,,26.0,,177.23333333333332,,,,52.0,,321.96666666666664,,357.162962962963,
Coimbatore,2022-07-01,29.354838709677423,,,343.3584229390681,,,170.91039426523298,111.17562724014337,75.11111111111111,74.64516129032259,,25.161290322580648,,173.3426523297491,,,,50.322580645161295,,287.86379928315415,,379.3297491039427,
Coimbatore,2022-08-01,23.516129032258064,,,430.3064516129032,,,157.50000000000003,118.74193548387098,75.7741935483871,77.51612903225806,,27.0,,183.09677419354838,,59.661290322580655,,53.12903225806452,,322.258064516129,,371.51612903225805,
Coimbatore,2022-09-01,30.333333333333336,,,467.37407407407414,,,143.96296296296296,117.81851851851852,83.5851851851852,79.73333333333333,,26.86666666666667,,180.74814814814818,,57.68148148148149,,50.7,,300.73333333333335,,337.32592592592596,
Coimbatore,2022-10-01,28.516129032258064,,,510.1218637992831,,,144.21146953405017,111.92114695340503,80.51612903225806,75.06451612903226,,24.741935483870964,,178.6451612903226,,55.634408602150536,,52.83870967741935,,283.90322580645164,,436.268817204301,
Coimbatore,2022-11-01,26.86666666666667,,,527.3185185185185,,,155.9037037037037,84.69259259259259,69.91111111111111,79.73333333333332,,,26.86666666666667,200.05555555555557,,58.355555555555554,,52.86666666666666,,287.97407407407405,,620.5814814814815,
DC,2022-04-01,340.16666666666663,446.76666666666665,,1237.1666666666667,,26.0,52.0,473.63333333333327,429.86666666666673,256.1,52.86666666666666,38.13333333333333,,544.6999999999999,27.733333333333334,118.73333333333332,,65.86666666666666,,3211.0,95.76666666666668,2652.0,
DC,2022-05-01,351.4193541708279,472.19426696490206,,1054.2598562171088,,26.0,51.16129032258065,397.9684390280313,488.96661921166975,238.19328487152302,52.0,20.96732183379772,,550.195798046749,26.0,93.93566738041638,,78.83853304852734,,3171.999782531389,113.22655354863252,2762.30100764866,
DC,2022-06-01,332.8,526.9333333333333,,1052.5666666666666,,26.0,34.666666666666664,409.9333333333333,556.4,231.83333333333331,52.0,32.06666666666667,,489.66666666666674,26.0,72.36666666666666,,72.8,,3080.133333333333,114.4,2682.766666666667,
DC,2022-07-01,327.09677419354836,491.483870967742,,1040.8387096774193,,26.0,29.354838709677416,369.0322580645161,443.6774193548388,222.67741935483872,52.0,44.45161290322581,,449.1290322580645,0.0,51.16129032258065,,78.0,,2917.870967741935,121.61290322580646,2630.1935483870966,
DC,2022-08-01,343.1612903225806,459.0,,955.0161290322582,27.0,,26.129032258064516,340.5483870967742,424.59677419354836,206.8548387096774,54.0,46.16129032258065,,486.8709677419355,,40.064516129032256,,79.25806451612904,,3158.129032258064,101.46774193548387,3008.3225806451615,
DC,2022-09-01,317.2,454.5666666666667,,1064.2666666666669,26.0,,26.0,312.8666666666667,386.09999999999997,205.4,52.86666666666666,40.733333333333334,,573.7333333333333,,27.733333333333334,,77.13333333333334,,2908.9666666666667,132.16666666666669,2689.7000000000003,
DC,2022-10-01,339.258064516129,487.2903225806452,,950.6774193548387,26.0,,23.483870967741936,291.8709677419355,422.7096774193548,185.3548387096774,51.16129032258065,44.45161290322581,,440.741935483871,,26.838709677419352,,76.3225806451613,,2784.935483870968,105.6774193548387,3029.0,
DC,2022-11-01,224.46666666666664,413.40000000000003,,837.6333333333334,26.0,,0.0,275.59999999999997,368.33333333333337,168.13333333333333,51.13333333333334,,35.53333333333333,483.6,,23.400000000000002,,66.73333333333332,,2639.866666666667,110.93333333333334,2610.3999999999996,
DRK,2022-04-01,,,,185.46666666666667,,,53.73333333333334,,27.733333333333334,52.0,,,,78.0,,,,26.0,,487.0666666666667,,441.1333333333334,
DRK,2022-05-01,,,,137.14014040545047,,,45.106671100764885,,24.807063857801182,45.45303225806452,,,,44.19511360448808,,,,20.96774193548387,,439.94083558389474,,364.07487018038756,
DRK,2022-06-01,,,,133.46666666666667,,,64.13333333333334,,23.400000000000002,46.800000000000004,,,,42.9,,,,20.8,,456.7333333333334,,395.2,
DRK,2022-07-01,,,,148.45161290322582,,,94.7741935483871,,25.161290322580648,46.96774193548387,,,,80.93548387096774,,,,20.96774193548387,,462.9677419354839,,370.7096774193548,
DRK,2022-08-01,,,,140.66129032258064,,,65.3225806451613,,23.516129032258064,48.7741935483871,,,,77.9516129032258,,,,20.903225806451612,,445.93548387096774,,385.83870967741933,
DRK,2022-09-01,,,,146.46666666666667,,,68.46666666666667,,24.266666666666666,49.4,,,,86.66666666666667,,,,22.533333333333335,,464.1,,405.59999999999997,
DRK,2022-10-01,,,,124.1290322580645,,,88.9032258064516,,22.645161290322577,46.96774193548387,,,,80.51612903225806,,,,21.806451612903228,,449.54838709677415,,382.45161290322585,
DRK,2022-11-01,,,,133.46666666666664,,,94.46666666666667,,23.400000000000002,48.53333333333333,,,,83.2,,,,20.8,,477.1,,453.7,
Davangere,2022-04-01,94.46666666666667,26.0,,560.7333333333333,,26.0,482.3,496.6,12.566666666666666,251.33333333333337,48.53333333333333,,,945.9666666666667,,26.0,,190.66666666666666,,2375.9666666666662,167.26666666666668,2346.5,
Davangere,2022-05-01,96.70308806575227,26.0,,533.1918859123556,,8.387096774193548,482.5194438908468,504.3582973635018,17.445023549623233,251.80128002986905,26.0,,,907.6426335214444,,,,192.0361153086426,,2219.434549201936,175.97043368138506,2161.8517546802827,
Davangere,2022-06-01,96.94295619047618,26.0,,449.8,,,436.1931910012773,487.0666666666667,13.259857667944004,251.33333333333331,26.0,,,1030.2900838581777,,,,143.77224770642204,,2070.877733786539,204.7955264115579,2174.9964697258115,
Davangere,2022-07-01,122.70308806575225,26.0,,526.7062011064664,,26.0,473.52950198916744,549.3128605917805,18.70308806575226,252.63998970728838,26.0,26.0,,1102.2111771784348,,,,187.81462523682066,,2184.8060454544307,207.84140142332058,2252.398833334814,
Davangere,2022-08-01,127.00367560803942,27.0,25.33823414405255,445.72487682802847,,27.0,481.73473058575115,582.1438179400953,19.003675608039416,317.0425432079455,54.0,27.0,,1171.137405177133,,,,186.57597560021895,,2342.8955970907955,215.8036286853836,2400.1955158218598,
Davangere,2022-09-01,96.29983577070462,26.0,,478.01611011183235,,26.0,496.55181043247046,560.5829357941659,18.29983577070462,279.37545945100493,52.0,26.0,,1127.761945726128,,,,179.66575428169233,,2350.5203722530696,207.81090169703603,2512.239715628915,
Davangere,2022-10-01,96.29983577070462,26.0,,474.01611011183223,,,496.55181043247046,503.65011339641825,18.29983577070462,279.37545945100493,72.9838116837413,26.0,,1137.285993587237,,,,164.04176116368185,,2168.8213028857435,207.81090169703603,2453.269511515362,
Davangere,2022-11-01,96.29983577070462,26.0,,515.2664424806444,,,522.5518104324705,498.62579181981704,18.29983577070462,279.37545945100493,52.0,,26.0,1263.5833268162978,,,,164.04176116368185,,2256.8374129975755,207.81090169703603,2557.6663799171033,
Desai,2022-04-01,26.0,,,308.53333333333336,,,80.60000000000001,30.333333333333336,159.46666666666667,127.4,,,,205.4,,26.86666666666667,,,,164.66666666666669,26.86666666666667,674.2666666666668,
Desai,2022-05-01,30.19363449691992,,,284.3214421008297,,,71.2908799039689,30.193477246702574,152.64524420236518,89.74172580645161,,,,184.51725226841802,,7.548387096774194,,,,150.97047984269776,26.83918105178643,667.6141706503759,
Desai,2022-06-01,29.466666666666665,,,318.0666666666667,,,73.66666666666667,29.466666666666665,145.6,143.86666666666667,,,,209.73333333333332,,26.86666666666667,,,,162.93333333333334,21.666666666666668,908.2666666666665,
Desai,2022-07-01,28.516129032258064,,,314.5161290322581,,,80.51612903225806,29.354838709677416,149.29032258064518,151.80645161290323,,,,209.67741935483872,,26.0,,,,163.54838709677418,26.0,790.9032258064516,
Desai,2022-08-01,30.483870967741932,,,297.43548387096774,,,83.61290322580645,30.48387096774194,132.38709677419354,162.8709677419355,,,,251.70967741935482,,13.935483870967742,,,,175.93548387096774,27.0,724.6451612903226,
Desai,2022-09-01,30.333333333333336,,,244.4,,,81.46666666666668,31.2,153.4,127.4,,,,227.93333333333337,,27.733333333333334,,,,169.43333333333337,26.0,702.0,
Desai,2022-10-01,29.354838709677416,,,313.67741935483866,,,80.51612903225806,29.354838709677416,151.80645161290323,128.32258064516128,,,,231.48387096774192,,26.0,,,,156.83870967741936,26.0,816.9032258064516,
Desai,2022-11-01,30.333333333333336,,,253.0666666666667,,,81.46666666666667,30.333333333333336,153.4,124.80000000000001,,,,283.40000000000003,,26.86666666666667,,,,137.8,24.266666666666666,796.9000000000001,
Dhanbad,2022-04-01,,,,,,,,,,,,,,,,26.0,,,,233.13333333333333,,23.400000000000002,
Dhanbad,2022-05-01,,,,,,,,,,,,,,,,26.0,,,,232.32258064516128,,26.0,
Dhanbad,2022-06-01,,,,,,,,,,,,,,,,26.0,,,,257.40000000000003,,26.0,
Dhanbad,2022-07-01,,,,,,,,,,,,,,,,26.0,,,,243.22580645161293,,26.0,
Dhanbad,2022-08-01,,,,,,,,,,,,,,,,27.870967741935484,,,,265.64516129032256,,27.870967741935484,
Dhanbad,2022-09-01,,,,,,,,,,10.4,,,,,,26.0,,,,240.93333333333337,,0.0,
Dhanbad,2022-10-01,,,,,,,,,,26.838709677419352,,,,,,26.838709677419352,,,,265.87096774193543,,,
Dhanbad,2022-11-01,,,,,,,,,,17.333333333333332,,,,,,17.333333333333332,,,,182.0,,,
Eastern,2022-04-01,,151.66666666666669,,1574.3000000000002,,,,,384.8,408.2,,,,605.8000000000001,,137.79999999999998,,51.13333333333334,,340.1666666666667,253.0666666666667,2905.9333333333334,
Eastern,2022-05-01,,141.32159295394635,,1411.9680177847838,,,,,332.5480141312864,372.38816329209465,,,,595.0659351090553,,139.22564516749355,,43.61361626272668,,340.51624251610247,235.25793472855892,2581.12576247624,
Eastern,2022-06-01,,143.0,,1308.6666666666667,,,,,445.46666666666664,409.0666666666667,,,,833.7333333333335,,174.20000000000002,,55.900000000000006,,399.1,208.86666666666667,2999.9666666666662,
Eastern,2022-07-01,,116.5806451612903,,1420.774193548387,,,,26.838709677419352,415.1612903225806,397.12903225806457,,,,1264.3548387096773,,164.38709677419354,,106.09677419354837,,381.19354838709677,201.29032258064518,3031.0967741935483,
Eastern,2022-08-01,,123.67741935483872,,1491.967741935484,,,,,427.64516129032256,418.5,,,,1234.1612903225807,,167.66129032258064,,104.51612903225805,,394.5483870967742,189.0,2971.3064516129034,
Eastern,2022-09-01,,103.13333333333334,,1328.1666666666665,,,,,403.8666666666667,396.9333333333333,,,,804.2666666666667,,162.93333333333337,,86.66666666666666,,357.5,159.9,2828.366666666667,
Eastern,2022-10-01,,119.93548387096774,,1308.8064516129034,,,,,394.19354838709677,410.54838709677415,,,,906.6451612903224,,166.90322580645162,,79.6774193548387,,352.6774193548387,212.19354838709674,3413.548387096774,
Eastern,2022-11-01,,93.60000000000001,,1311.6999999999998,,,,,431.16666666666663,399.53333333333336,,,,861.4666666666667,,169.86666666666667,,93.60000000000001,,363.56666666666666,211.03333333333336,3045.9,
Gaya,2022-04-01,,,,,,,,,,,,,,,,,,,,31.200000000000003,,,
Gaya,2022-05-01,,,,,,,,,,,,,,,,,,,,76.3225806451613,,,
Gaya,2022-06-01,,,,,,,,,,,,,,,,,,,,80.60000000000001,,,
Gaya,2022-07-01,,,,,,,,,,,,,,,,,,,,144.25806451612905,,,
Gaya,2022-08-01,,,,,,,,,,,,,,,,,,,,121.93548387096773,,,
Goa,2022-04-01,36.4,,,,,,130.0,,26.0,52.0,26.0,,,103.13333333333334,,26.0,,26.0,,305.93333333333334,,197.64333333333332,
Goa,2022-05-01,52.0,,,,,,121.61290322580646,,26.0,50.322580645161295,26.0,,,99.80645161290323,,51.16129032258065,,26.0,,320.38709677419354,,169.83870967741936,
Goa,2022-06-01,52.0,,,,,,151.66666666666666,,26.0,52.0,26.0,,,104.0,,64.13333333333334,,26.0,,295.53333333333336,,203.23333333333332,
Goa,2022-07-01,49.483870967741936,,,26.0,,,152.6451612903226,,26.0,52.0,26.0,,,128.74193548387095,,52.0,,26.0,,304.45161290322585,,179.90322580645162,
Goa,2022-08-01,54.0,,,19.161290322580648,,,131.9516129032258,,27.0,54.0,27.0,,,111.0483870967742,,54.0,,27.0,,244.74193548387098,,212.9516129032258,
Goa,2022-09-01,66.73333333333332,,,0.0,,,100.96666666666667,,26.0,54.6,26.0,,,103.56666666666666,,52.0,,26.0,,248.73333333333332,,177.66666666666669,
Goa,2022-10-01,78.0,,,,,,99.80645161290323,,26.0,52.83870967741935,26.0,,,104.0,,52.0,,26.0,,236.51612903225808,,179.48387096774195,
Goa,2022-11-01,78.0,,,,,,104.0,,26.0,51.78333333333333,26.0,,,104.0,,52.0,,26.0,,239.85,,171.81666666666666,
Gurgaon,2022-04-01,566.8,693.3333333333333,,1683.9333333333334,,73.66666666666667,750.5333333333333,680.7666666666668,881.4,224.46666666666664,26.0,50.266666666666666,,732.7666666666667,,106.16666666666669,,123.06666666666666,,2964.866666666667,,2430.5666666666666,
Gurgaon,2022-05-01,528.5296110225469,703.2577067726646,,1581.7826656933314,,75.48387096774194,687.7439810183799,639.0967218771506,945.6466600097821,242.38709677419354,26.0,51.16129032258065,,790.9046341241328,,106.51682497987997,,117.83870967741936,,2912.839618246082,,2540.9136856235846,
Gurgaon,2022-06-01,602.7666666666667,669.9333333333334,,1481.5666666666666,,52.0,772.1999999999999,565.9333333333333,613.6,275.59999999999997,26.0,26.0,,780.8666666666666,,103.13333333333334,,124.8,,2708.766666666667,,2311.8333333333335,
Gurgaon,2022-07-01,610.5806451612904,656.2903225806451,,1553.2903225806451,,49.483870967741936,754.0,582.9032258064516,833.6774193548387,317.0322580645161,26.0,26.0,,732.6129032258065,,103.16129032258064,,121.19354838709677,,2603.354838709677,,2390.741935483871,
Gurgaon,2022-08-01,582.6774193548387,692.4193548387096,,1848.6290322580646,52.25806451612903,,757.741935483871,603.1451612903226,880.5483870967741,332.7096774193548,27.0,27.0,,814.7903225806451,,104.51612903225806,,114.53225806451613,,2709.5806451612902,,2598.532258064516,
Gurgaon,2022-09-01,519.5666666666667,641.7666666666667,,1694.7666666666669,52.0,,717.6,612.3000000000001,813.3666666666667,330.2,26.0,26.0,,733.1999999999999,,102.26666666666668,,104.0,,2509.866666666667,,2712.6666666666665,
Gurgaon,2022-10-01,537.6129032258065,675.1612903225806,,1625.0,51.16129032258065,,866.3870967741935,595.483870967742,821.0967741935484,320.38709677419354,26.0,26.0,,653.3548387096774,,101.48387096774194,,99.80645161290323,,2318.1935483870966,,2661.225806451613,
Gurgaon,2022-11-01,475.8,618.3666666666666,,1542.2333333333331,52.0,,781.7333333333333,588.0333333333333,916.5,309.40000000000003,26.0,,26.0,614.4666666666667,,102.26666666666668,,101.39999999999999,,2268.0666666666666,,2668.8999999999996,
Guwahati,2022-04-01,23.400000000000002,28.6,,84.06666666666666,,26.0,,28.6,,30.766666666666666,,,,55.46666666666667,,,,0.0,,375.70000000000005,27.733333333333334,132.6,
Guwahati,2022-05-01,26.0,27.676504631665605,,78.83703140490445,,27.67724575686491,,27.258735483870968,,26.0,,,,56.1916769396674,,,,,,347.2229276670958,25.999867397679463,131.67551217962904,
Guwahati,2022-06-01,26.0,26.86666666666667,,79.73333333333333,,26.0,,26.86666666666667,,30.333333333333336,,,,56.33333333333334,,,,,,507.0,26.0,130.86666666666667,
Guwahati,2022-07-01,25.161290322580648,26.0,,78.0,,26.0,,26.0,,26.0,,,,52.0,,,,,,501.96774193548384,18.451612903225808,129.16129032258064,
Guwahati,2022-08-01,27.0,28.741935483870968,,83.1774193548387,27.870967741935484,,,27.870967741935484,,55.74193548387097,,,,55.74193548387097,,,,,,476.8548387096775,27.870967741935484,138.91935483870967,
Guwahati,2022-09-01,26.0,26.86666666666667,,79.73333333333333,26.86666666666667,,,26.0,,47.66666666666667,,,,52.86666666666666,,,,,,439.4,26.0,133.46666666666667,
Guwahati,2022-10-01,26.419354838709676,6.709677419354838,,76.3225806451613,28.516129032258064,,,28.096774193548384,,49.06451612903226,,,,18.451612903225808,,,,,,437.8064516129032,12.580645161290324,141.74193548387098,
Guwahati,2022-11-01,26.0,,,79.73333333333333,23.400000000000002,,,26.86666666666667,,52.0,,,,,,,,,,399.53333333333336,,182.43333333333334,
Gwalior,2022-04-01,26.0,,,,,,,,,,,,,,,,,,,338.8666666666667,,,
Gwalior,2022-05-01,22.64516129032258,,,,,,,,,,,,,,,,,,,319.5483870967742,,,
Gwalior,2022-06-01,26.0,,,,,,,,,,,,,,,,,,,344.06666666666666,,,
Gwalior,2022-07-01,0.0,,,,,,,,,,,,,,,,,,,298.58064516129036,,,
Gwalior,2022-08-01,20.032258064516128,,,,,,,,,,,,,,,,,,,316.1612903225806,,,
Gwalior,2022-09-01,26.0,,,,,,,,,,,,,,,,,,,242.66666666666669,,,
Gwalior,2022-10-01,26.0,,,,,,,,,,,,,,,,,,,260.0,,,
Gwalior,2022-11-01,26.0,,,,,,,,,,,,,,,,,,,216.66666666666663,,,
Hyd Arush,2022-04-01,,,,,,26.0,,,,199.33333333333334,26.0,,,,,104.0,,,,774.8000000000001,,,
Hyd Arush,2022-05-01,,,,,,25.161290322580648,,,,183.67741935483872,26.0,,,,,104.0,,,,694.4516129032259,,,
Hyd Arush,2022-06-01,,,,,,26.0,,,,148.20000000000002,26.0,,,,,94.46666666666667,,,,687.2666666666667,,,
Hyd Arush,2022-07-01,,,,,,22.64516129032258,,,,126.64516129032256,7.548387096774194,,,,,84.70967741935483,,,,689.4193548387096,,,
Hyd Arush,2022-08-01,,,,,21.774193548387096,,,27.0,,143.70967741935482,,,,,,84.48387096774194,,,,645.3870967741937,,,
Hyd Arush,2022-09-01,,,,,19.066666666666666,,,117.86666666666666,,133.46666666666664,,,,,,26.0,,,,463.66666666666663,26.0,,
Hyd Arush,2022-10-01,,,,,26.0,,,156.83870967741936,,107.35483870967741,,,,,,26.0,,,,446.1935483870968,28.516129032258064,,
Hyd Arush,2022-11-01,,,,,26.0,,,162.93333333333334,,104.0,,,,,,26.0,,,,461.9333333333333,28.6,,
Indore,2022-04-01,,,,14.733333333333333,,,29.466666666666665,70.2,27.733333333333334,45.93333333333333,26.0,,,71.06666666666666,,,,,,385.6666666666667,25.133333333333333,402.1333333333333,
Indore,2022-05-01,,,,24.32258064516129,,,26.0,62.06451612903226,28.516129032258064,50.322580645161295,26.0,,,51.16129032258065,,,,,,390.0,26.0,395.0322580645161,
Indore,2022-06-01,,,,5.2,,,26.0,47.66666666666667,26.86666666666667,74.53333333333333,,,,53.73333333333333,,,,,,357.9333333333333,26.0,342.33333333333337,
Indore,2022-07-01,,,,,,,,55.354838709677416,27.677419354838708,75.48387096774194,,,,49.48387096774193,,21.806451612903228,,,,400.06451612903226,25.161290322580648,313.6774193548387,
Indore,2022-08-01,,,,,,,,43.54838709677419,27.0,80.12903225806451,,,,24.387096774193548,,27.870967741935484,,,,406.741935483871,27.0,250.83870967741936,
Indore,2022-09-01,,,,73.66666666666667,,,,25.133333333333333,29.466666666666665,69.33333333333333,,,,84.06666666666666,,26.86666666666667,,,,364.0,29.466666666666665,181.13333333333333,
Indore,2022-10-01,,,,79.6774193548387,,,,26.838709677419352,26.0,68.77419354838709,,,,78.0,,26.838709677419352,,,,364.0,26.0,183.67741935483872,
Indore,2022-11-01,,,,73.66666666666667,,,,24.7,26.0,70.2,,,,79.73333333333333,,24.7,,,,364.0,24.266666666666666,161.20000000000002,
JP,2022-04-01,,,,,,,182.0,,,104.0,,,,,,52.0,,,,26.0,,,
JP,2022-05-01,,,,,,,152.6451612903226,,,87.22580645161291,,,,,,65.41935483870968,,,,21.806451612903228,,,
JP,2022-06-01,,,,,,,126.1,,,91.86666666666666,,,,,,26.0,,,,114.83333333333334,,,
JP,2022-07-01,,,,,,,144.25806451612905,,,62.903225806451616,,,,,,87.22580645161291,,19.70967741935484,,21.806451612903228,,,
JP,2022-08-01,,,,,,,145.01612903225808,,,67.5,,,,,,90.58064516129032,,21.774193548387096,,22.64516129032258,,,
JP,2022-09-01,,,,,,,120.00000000000001,,,75.0,,,,,,26.0,,26.0,,101.00000000000001,,52.0,
JP,2022-10-01,,,,,,,98.96774193548387,,,65.41935483870968,,,,,,21.806451612903228,,21.806451612903228,,82.19354838709678,,43.612903225806456,
JP,2022-11-01,,,,,,,118.0,,,83.0,,,,,,26.0,,26.0,,103.5,,52.0,
Jaipur,2022-04-01,,,,,,,731.4666666666667,,38.13333333333334,99.66666666666666,,,,,,130.86666666666667,,,,1175.2,,,
Jaipur,2022-05-01,,,,,,,708.7096774193549,,19.70967741935484,99.38709677419354,,,,,,122.45161290322581,,,,1123.032258064516,,,
Jaipur,2022-06-01,,,,,,,744.4666666666667,,42.03333333333333,51.13333333333334,,,,,,127.4,,,,1147.4666666666667,,,
Jaipur,2022-07-01,,,,,,,746.8709677419355,,33.54838709677419,100.64516129032259,,,,,,129.16129032258064,,,,1126.8064516129034,,,
Jaipur,2022-08-01,,,,,,,928.8870967741934,,25.693548387096776,108.0,,,,,,137.61290322580646,,,,1235.9032258064517,,,
Jaipur,2022-09-01,,,,,,,866.6666666666667,,26.0,100.53333333333333,,,,,,131.73333333333332,,,81.46666666666668,1063.8333333333335,,,
Jaipur,2022-10-01,,,,,,,817.741935483871,,25.580645161290324,75.06451612903226,,,,,24.32258064516129,131.67741935483872,,,74.64516129032259,1031.1935483870968,,,
Jaipur,2022-11-01,,,,,,,878.8,,25.133333333333333,76.7,,,,,26.0,127.39999999999999,,,,1136.2,,,
Jalandhar,2022-04-01,,,,,,,,,,26.0,,,,,,32.06666666666667,,,,552.5,,28.166666666666664,
Jalandhar,2022-05-01,,,,,,,,,,25.161290322580648,,,,,,25.1752688172043,,,,501.9944834034596,,25.161290322580648,
Jalandhar,2022-06-01,,,,,,,,,,24.266666666666666,,,,,,16.900000000000002,,,,354.03333333333336,,24.266666666666666,
Jalandhar,2022-07-01,,,,,,,,,,25.161290322580648,,,,,,20.548387096774192,,,,313.258064516129,,,
Jalandhar,2022-08-01,,,,,,,,,,26.129032258064512,,,,,,,,,,320.9516129032258,,,
Jalandhar,2022-09-01,,,,,,,,,,25.133333333333333,,,,,,,,,,318.93333333333334,,,
Jalandhar,2022-10-01,,,,,,,,,,26.838709677419352,,,,,,,,,,341.7741935483871,,,
Jalandhar,2022-11-01,,,,,,,,,,23.833333333333332,,,,,,,,,,326.73333333333335,,,
Jamshedpur,2022-04-01,26.0,,,74.10000000000001,,26.0,,25.133333333333333,,26.0,,,,60.66666666666667,,49.4,,,,354.46666666666664,23.833333333333332,122.63333333333334,
Jamshedpur,2022-05-01,24.32258064516129,,,78.83870967741936,,26.0,,26.0,,26.838709677419352,,,,72.12903225806453,,78.83870967741936,,,,283.06451612903226,23.483870967741936,130.0,
Jamshedpur,2022-06-01,26.0,,,78.86666666666666,,26.0,,26.0,,27.733333333333334,,,,46.800000000000004,,80.60000000000001,,,,337.1333333333333,24.266666666666666,137.79999999999998,
Jamshedpur,2022-07-01,24.32258064516129,,,78.41935483870968,,26.0,,26.0,,27.677419354838708,,,,26.0,,78.0,,,,322.90322580645164,12.580645161290324,148.8709677419355,
Jamshedpur,2022-08-01,27.870967741935484,,,86.66129032258064,28.741935483870968,,,27.0,,28.741935483870968,,,,23.516129032258064,,77.95161290322581,,,,349.25806451612897,,108.0,
Jamshedpur,2022-09-01,22.533333333333335,38.13333333333334,,92.73333333333333,26.0,,,52.0,,26.0,,,,38.13333333333334,,78.86666666666666,,,,338.8666666666667,,108.33333333333334,
Jamshedpur,2022-10-01,26.0,52.0,,84.70967741935483,27.677419354838708,,,7.548387096774194,,26.838709677419352,,,,50.322580645161295,,62.06451612903225,,,,345.54838709677415,,150.1290322580645,
Jamshedpur,2022-11-01,30.333333333333336,60.66666666666667,,91.0,30.333333333333336,,,,,30.333333333333336,,,,37.26666666666666,,56.33333333333334,,,,344.93333333333334,,106.60000000000001,
Jhansi,2022-06-01,,,,,,,,,,,,,,,,,,,,,,12.133333333333333,
Jhansi,2022-07-01,,,,,,,,,,,,,,,,26.0,,,,,,,
Jhansi,2022-08-01,,,,,,,,,,,,,,6.967741935483871,,33.96774193548387,,,,50.516129032258064,,6.967741935483871,
Jhansi,2022-09-01,,,,65.0,,,,25.133333333333333,,,,,,50.266666666666666,,26.0,,,,181.13333333333333,13.866666666666667,62.4,
Jodhpur,2022-04-01,,,,,,,,,,26.0,,,,,,26.0,,,,398.6666666666667,,,
Jodhpur,2022-05-01,,,,,,,,,,26.0,,,,,,26.0,,,,364.41935483870964,,,
Jodhpur,2022-06-01,,,,,,,,,,26.0,,,,,,22.966666666666665,,,,247.0,,,
Jodhpur,2022-07-01,,,,,,,,,,24.741935483870968,,,,,,25.580645161290324,,,,276.35483870967744,,,
Jodhpur,2022-08-01,,,,,,,,,,27.0,,,,,,27.0,,,,336.19354838709677,,,
Jodhpur,2022-09-01,,,,,,,,,,26.0,,,,,,26.0,,,,311.1333333333333,,,
Jodhpur,2022-10-01,,,,,,,,,,26.0,,,,,,26.0,,,,294.3870967741936,,,
Jodhpur,2022-11-01,,,,,,,,,,26.0,,,,,,26.0,,,,308.1,,,
Kanpur,2022-04-01,,,,,,,7.800000000000001,,,,,,,,,,,,,429.0,,,
Kanpur,2022-05-01,,,,,,,,,,,,,,,,,,,,391.6771761977241,,,
Kanpur,2022-06-01,,,,,,,,,,,,,,,,,,,,437.66666666666674,,,
Kanpur,2022-07-01,,,,,,,,,,,,,,,,,,,,424.3870967741935,,,
Kanpur,2022-08-01,,,,,,,27.870967741935484,,,,,,,,,30.483870967741932,,,,407.61290322580646,,,
Kanpur,2022-09-01,,,,,,,26.0,,,,,,,,,28.6,,,,369.2,,,
Kanpur,2022-10-01,,,,,,,26.838709677419352,,,,,,,,,29.354838709677416,,,,365.6774193548387,,,
Kanpur,2022-11-01,,,,,,,26.0,,,,,,,,,27.733333333333334,,,,409.06666666666666,,,
Kharagpur,2022-04-01,,,,,,,,,,,,,,,,,,,,26.0,,,
Kharagpur,2022-05-01,,,,,,,,,,,,,,,,,,,,26.0,,,
Kharagpur,2022-06-01,,,,,,,,,,,,,,,,,,,,253.0666666666667,,,
Kharagpur,2022-07-01,,,,,,,,,,,,,,,,,,,,258.3225806451613,,,
Kharagpur,2022-08-01,,,,,,,,,,,,,,,,,,,,268.258064516129,,,
Kharagpur,2022-09-01,,,,,,,,,,,,,,,,,,,,266.0666666666667,,,
Kharagpur,2022-10-01,,,,,,,,,,,,,,,,,,,,242.38709677419354,,,
Kharagpur,2022-11-01,,,,,,,,,,,,,,,,,,,,233.13333333333333,,,
Kolkata,2022-04-01,26.0,,,,,26.0,25.133333333333333,237.46666666666664,,240.0666666666667,,,,,,26.0,,,,1119.7333333333333,25.133333333333333,,
Kolkata,2022-05-01,16.774193548387096,,,,,26.0,27.677419354838708,254.96774193548387,,241.54838709677415,,,,,,26.0,,,,1093.6774193548385,26.0,,
Kolkata,2022-06-01,26.0,,,,,26.0,27.733333333333334,260.0,,215.8,,,,,,0.0,,,,952.4666666666667,53.73333333333333,,
Kolkata,2022-07-01,26.0,,,,,26.0,,258.3225806451613,,183.67741935483872,,,,,,,,,,955.2903225806451,105.6774193548387,,
Kolkata,2022-08-01,27.870967741935484,,,,27.0,,,277.83870967741933,,192.48387096774192,,,,,,,,,,952.4032258064516,113.2258064516129,,
Kolkata,2022-09-01,26.0,,,,26.0,,,260.0,,207.13333333333333,,,,,,,,,,991.4666666666667,104.86666666666666,,
Kolkata,2022-10-01,26.0,,,,26.0,,,260.0,,237.3548387096774,,,,,,,,,,968.7096774193549,103.16129032258064,,
Kolkata,2022-11-01,26.0,,,,26.0,,,274.73333333333335,,209.73333333333332,,,,,,,,,,1080.7333333333333,102.26666666666668,,
Kota,2022-04-01,,,,,,,,,,25.133333333333333,,,,,,26.0,,,,321.9666666666667,,,
Kota,2022-05-01,,,,,,,,,,26.0,,,,,,26.0,,,,297.3225806451613,,,
Kota,2022-06-01,,,,,,,,,,26.0,,,,,,26.0,,,,237.89999999999998,,,
Kota,2022-07-01,,,,,,,,,,25.161290322580648,,,,,,26.0,,,,258.741935483871,,,
Kota,2022-08-01,,,,,,,,,,27.0,,,,,,27.0,,,,339.6774193548387,,,
Kota,2022-09-01,,,,,,,,,,26.0,,,,,,26.0,,,,309.4,,,
Kota,2022-10-01,,,,,,,,,,25.580645161290324,,,,,,25.580645161290324,,,,317.45161290322585,,,
Kota,2022-11-01,,,,,,,,,,26.0,,,,,,26.0,,,,340.1666666666667,,,
Lucknow,2022-04-01,26.0,155.13333333333333,,421.2,,,498.33333333333337,107.46666666666665,56.33333333333333,105.73333333333332,,,,158.6,,24.266666666666666,,26.0,,926.0333333333333,23.400000000000002,585.0,
Lucknow,2022-05-01,23.483870967741936,166.28817204301075,,418.6559139784946,,,557.2946236559139,103.18924731182796,74.64516129032259,97.29032258064515,,,,173.64086021505375,,30.221505376344087,,24.32258064516129,,968.9892473118279,24.32258064516129,565.374193548387,
Lucknow,2022-06-01,26.0,158.60000000000002,,445.03333333333336,,,548.6,104.86666666666666,78.86666666666666,87.53333333333333,,,,170.73333333333332,,28.6,,26.0,,1011.4000000000001,25.133333333333333,567.6666666666667,
Lucknow,2022-07-01,26.0,142.58064516129033,,427.32258064516134,,,583.741935483871,106.51612903225806,83.87096774193547,109.03225806451613,,,,142.5806451612903,,27.677419354838708,,14.258064516129032,,1034.967741935484,25.161290322580644,560.258064516129,
Lucknow,2022-08-01,27.870967741935484,141.09677419354838,,464.2258064516129,,,617.516129032258,107.12903225806451,77.51612903225806,110.61290322580645,,,,138.48387096774192,,31.354838709677416,,27.0,,960.6774193548387,26.129032258064512,595.3064516129032,
Lucknow,2022-09-01,22.533333333333335,110.06666666666665,,494.0,12.133333333333333,,318.0666666666667,82.33333333333334,69.33333333333334,216.66666666666669,,,,135.20000000000002,,30.333333333333336,,25.133333333333333,,828.5333333333333,23.400000000000002,615.7666666666667,
Lucknow,2022-10-01,14.258064516129032,99.80645161290323,,461.7096774193548,26.838709677419352,,312.83870967741933,83.45161290322581,70.45161290322581,221.41935483870967,,,,149.29032258064518,,28.516129032258064,,7.548387096774194,,764.0645161290322,23.483870967741936,629.0322580645161,
Lucknow,2022-11-01,26.0,106.6,,448.0666666666667,26.0,,78.86666666666666,84.06666666666666,74.53333333333332,222.73333333333338,,,,165.53333333333336,,29.466666666666665,,,,832.8666666666666,24.266666666666666,656.0666666666666,
Ludhiana,2022-04-01,,,,25.566666666666666,,,,,,24.266666666666666,,,,,,,,,,380.46666666666664,,89.26666666666668,
Ludhiana,2022-05-01,,,,24.32258064516129,,,,,,26.0,,,,,,,,,,391.06236559139785,,80.51612903225806,
Ludhiana,2022-06-01,,,,22.966666666666665,,,,,,26.0,,,,,,,,,,345.79999999999995,,81.03333333333333,
Ludhiana,2022-07-01,,,,,,,,,,24.32258064516129,,,,,,,,,,396.7096774193548,,,
Ludhiana,2022-08-01,,,,,,,,,,28.741935483870968,,,,,,,,,,448.11290322580635,,,
Ludhiana,2022-09-01,,,,,,,,,,25.133333333333333,,,,,,,,,,518.2666666666667,,,
Ludhiana,2022-10-01,,,,,,,,,,26.838709677419352,,,,,,,,,,372.3870967741936,,,
Ludhiana,2022-11-01,,,,,,,,,,26.0,,,,,,,,,,357.5,,,
Muzaffarpur,2022-04-01,,,,,,,,,,,,,,,,26.0,,,,155.13333333333333,,,
Muzaffarpur,2022-05-01,,,,,,,,,,,,,,,,25.161290322580648,,,,166.90322580645162,,,
Muzaffarpur,2022-06-01,,,,,,,,,,,,,,,,26.0,,,,127.4,,,
Muzaffarpur,2022-07-01,,,,,,,,,,,,,,,,,,,,218.90322580645162,,,
Nagpur,2022-04-01,26.0,,,130.86666666666667,,,,26.0,25.133333333333333,51.13333333333334,,,,109.2,,,,26.0,,539.0666666666667,,180.26666666666668,
Nagpur,2022-05-01,24.32258064516129,,,127.48387096774194,,,,26.0,26.0,52.0,,,,103.16129032258064,,,,26.0,,436.96774193548384,,227.29032258064518,
Nagpur,2022-06-01,26.0,,,123.5,,,,26.0,24.266666666666666,52.0,,,,97.5,,,,26.0,,411.6666666666667,,198.9,
Nagpur,2022-07-01,26.0,,,121.1935483870968,,,,26.0,25.161290322580648,48.645161290322584,,,,81.77419354838709,,,,26.0,,384.9677419354839,,166.90322580645162,
Nagpur,2022-08-01,27.0,,,141.53225806451613,,,,27.870967741935484,4.790322580645162,56.61290322580645,,,,83.61290322580645,,,,27.870967741935484,,404.1290322580645,,196.83870967741936,
Nagpur,2022-09-01,26.0,,,122.2,,,,26.86666666666667,26.0,53.73333333333333,,,,78.0,,,,,,447.2,,159.9,
Nagpur,2022-10-01,22.64516129032258,,,153.48387096774195,,,,26.0,26.0,52.0,,,,77.16129032258064,,,,,,413.4838709677419,,175.29032258064518,
Nagpur,2022-11-01,21.666666666666668,,,156.86666666666667,,,,26.0,26.0,52.0,,,,78.0,,,,,,312.0,,176.8,
Nashik,2022-04-01,,44.2,,42.46666666666667,,,,22.533333333333335,,,,,,31.2,,,,20.8,,149.06666666666666,,93.60000000000001,
Nashik,2022-05-01,25.161290322580648,49.483870967741936,,52.0,,,,24.32258064516129,,,,,,50.322580645161295,,,,25.161290322580648,,212.19354838709674,,93.09677419354838,
Nashik,2022-06-01,26.0,50.266666666666666,,48.53333333333333,,,,25.566666666666666,,,,,,51.13333333333334,,,,24.266666666666666,,312.4333333333333,,101.83333333333333,
Nashik,2022-07-01,24.32258064516129,48.645161290322584,,52.0,,,,26.0,,,,,,48.225806451612904,,,,25.161290322580648,,327.5161290322581,,99.80645161290323,
Nashik,2022-08-01,27.0,53.12903225806452,,54.0,,,,27.0,,,,,,48.774193548387096,,,,25.258064516129032,,301.35483870967744,,104.51612903225806,
Nashik,2022-09-01,26.0,26.0,,74.96666666666667,,,,26.0,,,,,,52.0,,,,25.133333333333333,,282.53333333333336,26.0,103.13333333333334,
Nashik,2022-10-01,26.0,26.0,,76.74193548387098,,,,26.0,,27.677419354838708,,,,48.225806451612904,,,,26.0,,293.1290322580645,20.129032258064516,99.80645161290323,
Nashik,2022-11-01,26.0,26.0,,78.0,,,,26.0,,26.0,,,,49.4,,,,26.0,,275.59999999999997,26.0,103.13333333333334,
Patiala,2022-07-01,,,,,,,,,,21.806451612903224,,,,,,,,,,122.03225806451613,,,
Patiala,2022-08-01,,,,,,,,,,25.258064516129032,,,,,,,,,,145.01612903225808,,,
Patiala,2022-09-01,,,,,,,,,,26.0,,,,,,,,,,237.03333333333336,,,
Patiala,2022-10-01,,,,,,,,,,24.32258064516129,,,,,,,,,,224.3548387096774,,,
Patiala,2022-11-01,,,,,,,,,,24.7,,,,,,,,,,235.3,,,
Patna,2022-04-01,,0.0,,26.0,,26.0,,26.0,,68.46666666666667,,,,78.0,,,,26.0,,338.0,,214.0666666666667,
Patna,2022-05-01,,,,24.32258064516129,,26.0,,23.483870967741936,,50.322580645161295,,,,77.16129032258064,,,,23.483870967741936,,333.80645161290323,,224.77419354838707,
Patna,2022-06-01,13.0,,,24.266666666666666,,0.0,,26.0,26.0,52.0,,,,78.0,,,,26.86666666666667,,391.73333333333335,,230.53333333333336,
Patna,2022-07-01,26.0,,,25.161290322580648,,,,26.0,,52.0,,,,76.3225806451613,,26.0,,26.0,,362.3225806451613,,269.2258064516129,
Patna,2022-08-01,27.0,,,27.0,,,,27.0,,54.0,,,,77.51612903225806,,27.0,,27.0,,399.7741935483871,,272.61290322580646,
Patna,2022-09-01,26.0,,,23.400000000000002,,,,26.0,,52.0,,,,52.0,,26.0,,25.133333333333333,,347.53333333333336,,220.13333333333333,
Patna,2022-10-01,26.0,,,25.161290322580648,,,,24.32258064516129,,48.64516129032258,,,,51.16129032258065,,26.0,,26.0,,306.96774193548384,,227.29032258064518,
Patna,2022-11-01,26.0,,,26.0,,,,26.0,,52.0,,,,52.0,,26.0,,25.133333333333333,,295.53333333333336,,217.53333333333336,
Pondy,2022-04-01,,,,210.6,,,,38.56666666666667,24.266666666666666,105.73333333333332,,,,78.43333333333334,,564.6333333333334,,53.73333333333333,,511.33333333333337,,218.83333333333337,
Pondy,2022-05-01,,,,212.61290322580646,,,,74.64516129032259,26.0,100.64516129032259,,,,78.83870967741936,,395.4516129032258,,53.25806451612903,,574.9354838709678,,234.41935483870967,
Pondy,2022-06-01,27.3,,,200.63333333333333,,26.86666666666667,31.2,71.93333333333334,55.46666666666667,104.86666666666666,,,,186.76666666666668,,27.733333333333334,,52.0,,533.0,,500.5,
Pondy,2022-07-01,83.45161290322581,,,195.0,,28.516129032258064,52.0,62.06451612903225,52.83870967741935,80.93548387096774,,,,165.6451612903226,,,,52.0,,564.4516129032259,,712.9032258064516,
Pondy,2022-08-01,53.12903225806452,,,209.46774193548387,,28.741935483870968,27.0,133.25806451612902,26.129032258064516,109.74193548387096,,,,199.88709677419354,,26.129032258064512,,27.0,,644.9516129032259,,665.8548387096774,
Pondy,2022-09-01,57.2,,,240.5,,,77.13333333333334,81.46666666666667,51.13333333333334,108.33333333333334,,,,56.33333333333334,,28.6,,107.03333333333335,,528.6666666666666,,824.6333333333334,
Pondy,2022-10-01,58.70967741935483,,,240.29032258064518,28.516129032258064,,78.0,55.354838709677416,52.0,109.03225806451613,,,,136.70967741935482,,,,26.0,,548.516129032258,,811.4516129032257,
Pondy,2022-11-01,56.38148148148148,,,230.1962962962963,27.63703703703704,,76.26666666666668,27.974074074074075,38.56666666666667,107.17777777777779,,,,184.11851851851853,,,,19.066666666666666,,572.1925925925925,,863.0074074074075,
Prayagraj,2022-04-01,26.0,,,52.0,,,,26.0,,,,,,41.6,,26.0,,43.33333333333333,,312.4333333333333,22.533333333333335,105.73333333333332,
Prayagraj,2022-05-01,0.0,,,49.483870967741936,,,,24.32258064516129,,,,,,49.483870967741936,,26.0,,52.0,,349.741935483871,22.225806451612904,99.80645161290323,
Prayagraj,2022-06-01,,,,51.13333333333334,,,,26.0,,,,,,52.0,,26.0,,51.13333333333334,,374.40000000000003,24.266666666666666,97.06666666666666,
Prayagraj,2022-07-01,,,,25.161290322580648,,,,26.0,,,,,,25.161290322580648,,26.838709677419352,,52.83870967741935,,391.67741935483866,25.161290322580648,114.06451612903226,
Prayagraj,2022-08-01,,,,30.483870967741932,,,,28.741935483870968,,,,,,30.483870967741932,,30.483870967741932,30.483870967741932,27.870967741935484,,419.8064516129032,27.870967741935484,141.96774193548387,
Prayagraj,2022-09-01,,22.533333333333335,,51.13333333333334,,,,26.0,,,,,,53.73333333333333,,27.733333333333334,,26.0,,370.06666666666666,26.86666666666667,104.0,
Prayagraj,2022-10-01,,26.838709677419352,,53.677419354838705,,,,26.838709677419352,,,,,,54.516129032258064,,27.677419354838708,27.677419354838708,,,360.64516129032256,26.838709677419352,109.03225806451613,
Prayagraj,2022-11-01,,26.86666666666667,,52.0,,,,26.86666666666667,,,,,,52.86666666666666,,27.733333333333334,,27.733333333333334,,350.56666666666666,27.733333333333334,109.2,
Pune,2022-04-01,,,,127.39999999999999,,,,,,11.266666666666667,,,,,,,,,,263.03333333333336,,49.4,
Pune,2022-05-01,,,,98.12903225806453,,,,,,26.0,,,,,,,,,,201.29032258064518,,27.677419354838708,
Pune,2022-06-01,,,,98.8,,,,,,26.0,,,,,,,,,,256.09999999999997,,58.93333333333333,
Pune,2022-07-01,,,,,,,,,,26.0,,,,,,,,,,395.8709677419355,,,
Pune,2022-08-01,,,,,,,,33.96774193548387,,27.870967741935484,,,,,,,,,,354.48387096774195,,,
Pune,2022-09-01,,,,,,,,24.266666666666666,,26.0,,,,,,,,,,338.8666666666667,,,
Pune,2022-10-01,,,,,,,,26.0,,26.0,,,,,,26.0,,,,331.2903225806452,,,
Pune,2022-11-01,,,,,,,,26.0,,26.0,,,,,,26.0,,,,315.0333333333333,,,
Puri,2022-04-01,26.0,,,,,,,,,26.0,,,,,,,,,,204.53333333333336,,,
Puri,2022-05-01,26.0,,,,,,,,,26.0,,,,,,,,,,208.0,,,
Puri,2022-06-01,26.0,,,,,,,,,26.0,,,,,,,,,,202.79999999999998,,,
Puri,2022-07-01,26.0,,,,,,,,,26.0,,,,,,,,,,208.0,,,
Puri,2022-08-01,27.0,,,,,,,,,27.0,,,,,,,,,,216.0,,,
Puri,2022-09-01,26.0,,,,,,,,,26.0,,,,,,,,,,208.0,,,
Puri,2022-10-01,26.0,,,,,,,,,26.0,,,,,,,,,,208.0,,,
Puri,2022-11-01,26.0,,,,,,,,,29.466666666666665,,,,,,,,,,211.46666666666664,,,
Raipur,2022-04-01,,53.73333333333334,,108.33333333333334,,,,29.466666666666665,,,,,,80.60000000000001,,,,,,284.26666666666665,26.86666666666667,129.13333333333333,
Raipur,2022-05-01,,53.67872214860757,,67.93488803778956,,,,18.451612903225808,,,26.0,,,69.61300749753859,,,,,,239.8709677419355,26.000885571150818,166.90188948411208,
Raipur,2022-06-01,,52.0,,52.0,,,,26.0,,,,,,75.4,26.0,,,,,273.8666666666667,26.0,162.06666666666666,
Raipur,2022-07-01,,51.16129032258065,,49.483870967741936,,,,26.0,,,26.0,,,25.161290322580648,,,,,,313.6774193548387,26.0,280.1290322580645,
Raipur,2022-08-01,,54.87096774193548,,56.61290322580645,,,,26.129032258064512,,,,,,28.741935483870968,28.741935483870968,108.87096774193549,,,,376.25806451612897,28.741935483870968,169.83870967741936,
Raipur,2022-09-01,26.0,52.0,,52.86666666666666,,,,19.066666666666666,,,26.86666666666667,,,26.0,,73.66666666666667,,,,309.40000000000003,26.86666666666667,154.26666666666668,
Raipur,2022-10-01,,52.0,,47.806451612903224,,,,,,,26.838709677419352,,,26.0,,52.0,,,,299.41935483870964,26.838709677419352,166.06451612903226,
Raipur,2022-11-01,,52.0,,39.0,,,,,,,26.86666666666667,,,24.266666666666666,,52.0,,,,230.53333333333336,26.86666666666667,194.56666666666666,
Rajkot,2022-04-01,26.0,,,49.4,,,,52.0,,,,,,50.699999999999996,,,,,,328.90000000000003,26.0,96.2,
Rajkot,2022-05-01,26.0,,,52.0,,,,51.16129032258065,,,,,,49.483870967741936,,,,,,207.5806451612903,26.0,94.35483870967741,
Rajkot,2022-06-01,26.0,,,52.0,,,,52.0,,,,,,51.13333333333334,,,,,,217.1,26.0,97.5,
Rajkot,2022-07-01,26.0,,,49.483870967741936,,,,45.70967741935484,,,,,,51.16129032258065,,,,,,220.1612903225806,26.0,102.3225806451613,
Rajkot,2022-08-01,24.387096774193548,,,20.903225806451612,,,,48.33870967741935,,,,,,47.03225806451613,,,,,,165.48387096774192,27.0,87.09677419354838,
Rajkot,2022-09-01,26.0,,,48.96666666666667,,,,51.13333333333334,,,,,,25.133333333333333,,,,,,169.0,25.133333333333333,48.53333333333333,
Rajkot,2022-10-01,26.0,,,50.322580645161295,,,,46.96774193548387,,,,,,26.0,,,,,,128.32258064516128,26.0,55.7741935483871,
Rajkot,2022-11-01,26.0,,,43.76666666666666,,,,19.933333333333334,,,,,,26.0,,,,,,96.63333333333334,26.0,51.13333333333334,
Ranchi,2022-04-01,,,,,,,,,,,,,,,,,,,,51.13333333333334,,,
Ranchi,2022-05-01,,,,,,,,,,,,,,,,,,,,52.0,,,
Ranchi,2022-06-01,,,,,,,,,,,,,,,,,,,,52.0,,,
Ranchi,2022-07-01,,,,,,,,,,,,,,,,7.548387096774194,,,,123.29032258064517,,,
Ranchi,2022-08-01,,,,,,,,,,19.161290322580648,,,,,,27.870967741935484,,,,175.93548387096774,,,
Ranchi,2022-09-01,,,,,,,,,,26.0,,,,,,26.0,,,,173.33333333333334,,,
Ranchi,2022-10-01,,,,,,,,,,26.838709677419352,,,,,,26.838709677419352,,,,182.0,,,
Ranchi,2022-11-01,,,,,,,,,,13.0,,,,,,13.0,,,,117.0,,,
Sangli,2022-04-01,,,,19.066666666666666,,,,26.0,,11.266666666666667,,,,,,,,,,191.53333333333333,,56.33333333333334,
Sangli,2022-05-01,,,,,,,,26.0,,20.548387096774192,,,,,,,,,,222.25806451612905,,63.74193548387097,
Sangli,2022-06-01,,,,,,,,26.0,,25.566666666666666,,,,,,,,,,238.76666666666668,,91.43333333333334,
Sangli,2022-07-01,,,,,,,,26.0,,9.225806451612904,,,,,,,,,,231.48387096774192,,112.38709677419354,
Sangli,2022-08-01,27.0,,,,,,,27.870967741935484,,,,,,,,,,,,258.241935483871,,197.2741935483871,
Sangli,2022-09-01,26.0,,,6.933333333333334,,,,26.0,,,,,,,,,,,,282.53333333333336,,244.4,
Sangli,2022-10-01,8.387096774193548,,,,,,,26.0,,,,,,,,,,,,277.61290322580646,,213.8709677419355,
Sangli,2022-11-01,27.733333333333334,,,,,,,52.0,,,,,,,,,,,,636.1333333333334,,474.0666666666667,
Simba,2022-04-01,22.533333333333335,111.8,,1998.1000000000001,,26.0,,,349.26666666666665,325.0,,,,744.0333333333333,,77.13333333333334,,54.6,,487.9333333333333,266.93333333333334,2891.2000000000003,
Simba,2022-05-01,19.291110965113987,104.41788460465922,,1842.646527187011,,26.0,,,363.16125024858746,313.25782363614945,,,,746.8748237620956,,84.70922756836798,,56.19333229240809,,428.5786877935433,228.96804184107157,2606.697591184724,
Simba,2022-06-01,6.066666666666666,104.86666666666666,,1935.2666666666669,,26.0,,,368.76666666666665,339.73333333333335,,,,893.1,,153.39999999999998,,84.06666666666666,,522.5999999999999,247.0,3684.2000000000003,
Simba,2022-07-01,,111.1290322580645,,2238.516129032258,,26.0,,,366.93548387096774,369.8709677419355,,,,1086.1290322580644,,53.25806451612903,,75.48387096774194,,422.2903225806452,208.41935483870967,4240.935483870968,
Simba,2022-08-01,,109.74193548387096,,2145.6290322580644,,28.741935483870968,,,446.3709677419355,374.9516129032258,,,,1075.6451612903224,,57.483870967741936,,58.79032258064516,,403.258064516129,258.6774193548387,3483.0,
Simba,2022-09-01,13.866666666666667,80.60000000000001,,1808.7333333333336,,26.86666666666667,,,422.0666666666667,379.6,,,,988.0,,56.76666666666667,,27.733333333333334,,383.9333333333333,221.86666666666667,3409.4666666666662,
Simba,2022-10-01,13.419354838709676,74.2258064516129,,1934.9032258064517,26.838709677419352,,,,427.741935483871,384.96774193548384,,,,1209.8387096774193,,61.645161290322584,,28.516129032258064,,376.58064516129036,240.29032258064518,4100.032258064516,
Simba,2022-11-01,0.0,70.63333333333334,,1742.4333333333334,,37.26666666666667,,,344.0666666666667,383.9333333333333,,,,1202.0666666666666,,58.5,,27.733333333333334,,385.66666666666663,223.6,4079.833333333334,
Surat,2022-04-01,26.0,,,52.0,,,,26.0,,52.0,,,,54.16666666666666,,26.0,,,,261.73333333333335,,62.4,
Surat,2022-05-01,26.0,,,37.74193548387097,,,,26.838709677419352,,52.0,,,,72.96774193548387,,26.838709677419352,,,,233.58064516129033,,39.41935483870968,
Surat,2022-06-01,26.0,,,26.0,,,,25.566666666666666,,47.66666666666667,,,,77.13333333333334,,26.0,,,,269.96666666666664,,27.733333333333334,
Surat,2022-07-01,26.0,,,45.29032258064516,,,,22.64516129032258,,26.0,,,,96.03225806451614,,25.161290322580648,,,,233.16129032258067,23.483870967741936,42.774193548387096,
Surat,2022-08-01,27.0,,,45.29032258064516,,,,31.35483870967742,,27.0,,,,89.70967741935485,,27.0,,,,272.61290322580646,27.870967741935484,8.709677419354838,
Surat,2022-09-01,24.266666666666666,,,52.0,,,,8.666666666666666,,26.0,,,,87.53333333333333,,25.133333333333333,,,,198.03333333333336,26.0,45.06666666666667,
Surat,2022-10-01,26.0,37.74193548387097,,47.80645161290323,,,,,,26.0,,,,50.322580645161295,,26.0,,,,205.06451612903226,26.0,106.51612903225806,
Surat,2022-11-01,26.0,70.2,,52.0,,,,,,0.0,,,,52.86666666666666,,26.0,,,,186.33333333333331,52.86666666666666,140.4,
VPIM,2022-04-01,26.0,,,459.33333333333337,,,544.2666666666667,110.93333333333334,181.13333333333333,214.0666666666667,31.2,,,306.8,,53.73333333333333,,77.13333333333334,,611.8666666666666,26.86666666666667,1343.3333333333333,
VPIM,2022-05-01,26.0,,,387.4822243491751,,,515.1140133687505,113.2262383413283,194.58031179520057,231.06451612903226,30.72727272727273,,,300.67584677240757,,96.24435435680172,,77.16129032258064,,641.7214289307499,26.419416965352447,1469.0026466420327,
VPIM,2022-06-01,52.0,,,403.86666666666673,,,495.2518518518518,111.80000000000001,147.33333333333334,213.2,26.0,,,281.6666666666667,,54.6,,75.83333333333333,,689.8666666666667,27.733333333333334,1553.9333333333334,
VPIM,2022-07-01,31.870967741935484,,,384.9636947038538,,,465.661558604331,87.68680526941233,118.47787504496944,192.06451612903226,29.641796619665705,,,240.42510882017294,,37.568147438993705,,74.64516129032259,,392.1003317342795,27.46941896024465,1499.6995425166494,
VPIM,2022-08-01,27.0,,,401.51612903225805,,,389.90322580645164,80.12903225806451,183.7741935483871,204.67741935483872,27.0,,,283.06451612903226,,38.322580645161295,,79.25806451612904,,234.7258064516129,27.0,1072.1612903225807,
VPIM,2022-09-01,26.0,,,390.8666666666667,,,332.5111111111111,105.73333333333332,149.06666666666666,201.5,26.0,,,344.93333333333334,,26.0,,57.2,,229.66666666666663,26.0,1015.7333333333332,
VPIM,2022-10-01,18.451612903225808,,,392.6559139784946,,,326.16487455197137,94.68100358422939,141.32258064516128,174.45161290322582,31.77777777777778,,,303.61290322580646,,22.64516129032258,,48.225806451612904,,248.584229390681,26.0,956.1290322580645,
VPIM,2022-11-01,26.0,,,268.0888888888889,,,252.92222222222222,81.75555555555556,106.6,152.53333333333336,28.88888888888889,,,271.70000000000005,,,,50.266666666666666,,195.14444444444447,25.133333333333333,848.0333333333333,
Varanasi,2022-04-01,26.0,,,52.86666666666666,,,,26.86666666666667,,,,,,71.06666666666666,,26.86666666666667,,,,333.6666666666667,20.8,80.60000000000001,
Varanasi,2022-05-01,0.0,,,49.483870967741936,,,,22.64516129032258,,,,,,72.96774193548387,,26.0,,,,316.6129032258064,26.0,78.0,
Varanasi,2022-06-01,,,,52.86666666666666,,,,20.8,,,,,,78.0,,2.6,,,,339.73333333333335,26.0,79.73333333333333,
Varanasi,2022-07-01,,,,,,,,78.0,,,,,,78.0,,,,,,416.83870967741933,26.838709677419352,78.0,
Varanasi,2022-08-01,,,,,,,,87.96774193548387,,,,,,84.48387096774194,,,,,,402.38709677419354,29.61290322580645,86.2258064516129,
Varanasi,2022-09-01,,,,52.0,,,,27.733333333333334,,,,,,52.0,,,,26.0,,372.6666666666667,26.86666666666667,107.46666666666668,
Varanasi,2022-10-01,,,,48.645161290322584,,,,26.838709677419352,,,,,,53.677419354838705,,,26.0,,,375.7419354838709,26.838709677419352,106.51612903225806,
Varanasi,2022-11-01,,,,46.800000000000004,,,,27.733333333333334,,,,,,50.266666666666666,,,,0.0,,377.8666666666667,27.733333333333334,105.73333333333332,
Venk,2022-04-01,26.0,,,102.26666666666668,,,151.66666666666666,104.0,24.7,26.0,,,,128.26666666666668,,,,26.0,,799.9333333333333,52.0,452.83333333333326,
Venk,2022-05-01,26.0,,,102.3225806451613,,,147.61290322580646,102.74193548387098,6.709677419354838,26.0,,,,129.58064516129033,,,,26.0,,796.3548387096774,52.0,413.90322580645164,
Venk,2022-06-01,22.533333333333335,,,90.13333333333334,,,130.86666666666667,89.26666666666668,,22.533333333333335,,,,111.80000000000001,,,,22.533333333333335,,708.5,27.733333333333334,391.3,
Venk,2022-07-01,21.806451612903228,,,65.41935483870968,,,43.612903225806456,43.612903225806456,,21.806451612903228,,,,43.612903225806456,,,,21.806451612903228,,435.2903225806452,21.806451612903228,62.903225806451616,
Venk,2022-08-01,22.64516129032258,,,90.58064516129032,,,132.8225806451613,90.58064516129032,,22.64516129032258,,,,108.0,,,,16.548387096774192,,704.1774193548387,22.64516129032258,353.1774193548387,
Venk,2022-09-01,26.0,,,97.5,,,146.5,104.0,,26.0,,,,124.0,,,,26.0,,790.0,26.0,351.0,
Venk,2022-10-01,23.0,,,120.14516129032259,,,142.5,97.0,,36.0,,,,130.0,,,,23.0,,749.0,27.000000000000004,408.0,
Venk,2022-11-01,22.533333333333335,,,110.06666666666666,,,132.60000000000002,90.13333333333334,20.366666666666667,45.06666666666667,,,,108.33333333333334,,,,20.8,,594.5333333333333,22.533333333333335,278.2,
Vijaywada,2022-05-01,,,,,,,,,,,,,,,,,,,,187.8709677419355,,,
Vijaywada,2022-06-01,,,,,,,,,,,,,,,,,,,,184.6,,,
Vijaywada,2022-07-01,,,,,,,,,,,,,,,,,,,,156.0,,,
Vijaywada,2022-08-01,,,,,,,,,,,,,,,,,,,,112.35483870967741,,,
Vijaywada,2022-09-01,16.466666666666665,,,16.466666666666665,,,,32.06666666666667,,,,,,62.4,,,,,,153.39999999999998,15.6,41.6,
Vizag,2022-04-01,52.0,,,97.93333333333334,,,,52.0,,26.0,,,,74.53333333333333,,,,,,284.26666666666665,23.400000000000002,91.0,
Vizag,2022-05-01,52.0,,,77.16129032258064,,,,52.0,,23.483870967741936,,,,77.16129032258064,,,,,,286.0,26.0,99.80645161290323,
Vizag,2022-06-01,26.0,,,129.13333333333333,,,,52.0,,26.0,,,,26.0,,26.0,,26.0,,284.26666666666665,26.0,78.0,
Vizag,2022-07-01,50.322580645161295,,,71.29032258064517,,,,36.903225806451616,,26.0,,,,41.93548387096774,,,,26.0,,275.09677419354836,26.0,102.3225806451613,
Vizag,2022-08-01,26.129032258064516,,,104.51612903225806,,,,,,27.0,,,,,,27.0,,27.0,,276.96774193548384,27.0,200.3225806451613,
Vizag,2022-09-01,25.133333333333333,,,52.0,,,,7.8,,26.0,,,,26.0,,26.0,,,,260.0,26.0,167.26666666666668,26.0
