unit_name,month,Expiry Return Amt,Expiry Return Strips,Expiry Return Value from customer,Expiry from godown,Expiry return strip to supplier,Expiry to supplier,Godown to store Strips,Gowdown breakage,Intransit breakage (Retail),Inventory value - PTS/EPR (15th of the month),Inward Strips,Inward value ( PTS/EPR),Billed orders ( Retail ),Billed line items (Retail),Billed Strips (Retail),Sale Return Amt,Sales Return Strips,Sales Return ( At PTR after discount),Sale Return Value from customer,Billed orders (Inter company ),Billed line items (Inter company),Billed Strips (Inter company),Billed orders (Total),Billed line items (Total),Billed Strips (Total),Value of Non-moving item
Ahmedabad,2022-01-01,0.0,0.0,0.0,88135.22,0.0,0.0,0.0,16803.9,0.0,0.0,0.0,0.0,0.0,0.0,0.0,0.0,0.0,0.0,148432.89,0.0,0.0,0.0,0.0,0.0,0.0,6372794.45444878
Ahmedabad,2022-02-01,0.0,0.0,0.0,43632.04,0.0,0.0,0.0,8325.54,0.0,0.0,0.0,0.0,0.0,0.0,0.0,0.0,0.0,0.0,123257.87,0.0,0.0,0.0,0.0,0.0,0.0,6325986.08353996
Ahmedabad,2022-03-01,0.0,0.0,0.0,688018.24,6534.0,815410.56,0.0,1578.13,0.0,0.0,0.0,0.0,0.0,0.0,0.0,0.0,0.0,0.0,200042.87,0.0,0.0,0.0,0.0,0.0,0.0,6477715.98525712
Ahmedabad,2022-04-01,0.0,0.0,0.0,2123.4,1.0,353.9,0.0,3005.88,0.0,23144071.5712434,93952.0,4707875.23,4786.0,19243.0,61616.0,204709.26,3444.0,204709.26,204709.26,36.0,184.0,8459.0,4822.0,19427.0,70075.0,5884772.37457122
Ahmedabad,2022-05-01,0.0,0.0,0.0,390930.14,2565.0,395322.49,0.0,3367.36,0.0,22569851.4313982,76831.0,4174727.76,5239.0,19394.0,63448.0,219336.22,3381.0,219336.22,219336.22,62.0,385.0,20932.0,5301.0,19779.0,84380.0,5494371.36844916
Ahmedabad,2022-06-01,0.0,0.0,0.0,0.0,0.0,0.0,101417.0,1829.74,0.0,21522653.9699107,88510.0,4677713.21,6984.0,26345.0,81002.0,267555.69,5061.0,267555.69,267555.69,139.0,2854.0,30904.0,7123.0,29199.0,111906.0,5272272.6498347
Ahmedabad,2022-07-01,0.0,0.0,0.0,0.0,0.0,0.0,132793.0,790.94,0.0,18951894.6110486,123964.0,6057999.34,8041.0,28930.0,93571.0,315862.52,5589.0,315862.52,315862.52,78.0,895.0,42035.0,8119.0,29825.0,135606.0,4534351.31171632
Ahmedabad,2022-08-01,0.0,0.0,0.0,0.0,3.0,1920.96,133038.0,5243.25,0.0,18117369.384869,151838.0,7086397.42,6466.0,24085.0,82573.0,374742.6,6909.0,374742.6,374742.6,74.0,954.0,66606.0,6540.0,25039.0,149179.0,4208767.28906226
Ahmedabad,2022-09-01,0.0,0.0,0.0,6538.08,0.0,0.0,166708.0,1304.31,0.0,17706213.255886,181298.0,9254518.1,6279.0,23550.0,74793.0,525990.37,8902.0,525990.37,525990.37,99.0,1027.0,69301.0,6378.0,24577.0,144094.0,3834796.41541851
Ahmedabad,2022-10-01,0.0,0.0,0.0,91.7,0.0,0.0,161526.0,2943.79,0.0,19299684.7041289,117447.0,5949909.94,6208.0,25916.0,85367.0,109757.26,2330.0,109757.26,109757.26,112.0,1007.0,48778.0,6320.0,26923.0,134145.0,4002511.18141895
Ahmedabad,2022-11-01,20533.23,287.0,20533.23,3027.49,0.0,0.0,125520.0,4398.1,0.0,19956461.3235961,111874.0,4034196.64,6454.0,22495.0,74922.0,400344.8,7029.0,400344.8,400344.8,48.0,441.0,27787.0,6502.0,22936.0,102709.0,4530393.00591128
Ahmedabad,2022-12-01,4606.86,65.0,4606.86,0.0,0.0,0.0,30065.0,483.88,0.0,0.0,30925.0,1160031.95,2033.0,7907.0,23903.0,58300.55,931.0,58300.55,58300.55,18.0,97.0,6945.0,2051.0,8004.0,30848.0,0.0
Aurangabad,2022-04-01,0.0,0.0,0.0,825.75,0.0,0.0,0.0,35940.27,0.0,0.0,128539.0,10898535.11,834.0,3550.0,12084.0,64399.67,1024.0,64399.67,64399.67,0.0,0.0,0.0,834.0,3550.0,12084.0,0.0
Aurangabad,2022-05-01,0.0,0.0,0.0,0.0,3.0,2383.29,0.0,241.98,0.0,13671611.6983305,43622.0,1951604.44,2717.0,10639.0,32386.0,142070.7,2109.0,142070.7,142070.7,1.0,1.0,50.0,2718.0,10640.0,32436.0,2806995.50239972
Aurangabad,2022-06-01,0.0,0.0,0.0,0.0,0.0,0.0,61343.0,309.11,0.0,13744763.95705,58414.0,3442966.77,4418.0,17612.0,50340.0,182363.86,2475.0,182363.86,182363.86,0.0,0.0,0.0,4418.0,17612.0,50340.0,2910890.23240121
Aurangabad,2022-07-01,0.0,0.0,0.0,0.0,0.0,0.0,98307.0,42.69,0.0,15041771.5711878,90743.0,4773235.09,6010.0,25061.0,76124.0,304137.2,3844.0,304137.2,304137.2,0.0,0.0,0.0,6010.0,25061.0,76124.0,3146869.28240121
Aurangabad,2022-08-01,0.0,0.0,0.0,209798.16,1286.0,278322.29,109239.0,597.99,0.0,15413455.456879,109505.0,5589402.59,7047.0,30259.0,99314.0,322641.65,4674.0,322641.65,322641.65,30.0,80.0,4564.0,7077.0,30339.0,103878.0,3073742.79954401
Aurangabad,2022-09-01,0.0,0.0,0.0,0.0,0.0,0.0,190384.0,85.38,0.0,16380777.3898971,191379.0,9453277.59,7158.0,30828.0,103062.0,357791.27,5871.0,357791.27,357791.27,68.0,345.0,22745.0,7226.0,31173.0,125807.0,3130417.20954413
Aurangabad,2022-10-01,0.0,0.0,0.0,9293.45,0.0,0.0,123518.0,107219.27,0.0,16443457.234723,139680.0,7500952.28,6929.0,31172.0,103743.0,487956.11,6718.0,487956.11,487956.11,47.0,230.0,16504.0,6976.0,31402.0,120247.0,1441513.00954396
Aurangabad,2022-11-01,294.79,3.0,294.79,0.0,0.0,0.0,130220.0,26734.12,0.0,16859713.5221258,148580.0,6506574.65,7489.0,31868.0,102309.0,349301.25,4852.0,349301.25,349301.25,40.0,258.0,21419.0,7529.0,32126.0,123728.0,1725826.28954434
Aurangabad,2022-12-01,0.0,0.0,0.0,0.0,0.0,0.0,59561.0,0.0,0.0,0.0,33176.0,1879693.28,2190.0,9372.0,28973.0,95691.81,1343.0,95691.81,95691.81,12.0,72.0,6068.0,2202.0,9444.0,35041.0,0.0
Aushad,2022-04-01,0.0,0.0,0.0,0.0,0.0,0.0,0.0,0.0,0.0,0.0,0.0,0.0,9790.0,81968.0,392957.0,0.0,0.0,0.0,0.0,138.0,1618.0,64965.0,9928.0,83586.0,457922.0,0.0
Aushad,2022-05-01,0.0,0.0,0.0,0.0,0.0,0.0,0.0,0.0,0.0,0.0,0.0,0.0,9505.0,81478.0,388453.0,0.0,0.0,0.0,0.0,128.0,1708.0,55657.0,9633.0,83186.0,444110.0,0.0
Aushad,2022-06-01,584007.7998,6197.0,0.0,0.0,0.0,0.0,0.0,0.0,0.0,0.0,21754121.46,0.0,10424.0,87104.0,444633.0,1126150.1488,11068.0,1126150.1488,0.0,147.0,1824.0,64439.0,10570.0,88928.0,509072.0,0.0
Aushad,2022-07-01,715608.9794,7365.0,0.0,0.0,0.0,0.0,0.0,0.0,0.0,0.0,22012965.82,0.0,10457.0,85439.0,423735.0,1568884.65,15062.0,1568884.65,0.0,136.0,1621.0,60933.0,10593.0,87060.0,484668.0,0.0
Aushad,2022-08-01,1227321.3918,12193.0,0.0,0.0,0.0,0.0,0.0,0.0,0.0,0.0,21160537.805,0.0,10418.0,88394.0,446788.0,1764799.41503,17829.0,1764799.41503,0.0,134.0,1795.0,61475.0,10552.0,90189.0,508263.0,0.0
Aushad,2022-09-01,792581.9907,8384.0,0.0,0.0,0.0,0.0,0.0,0.0,0.0,0.0,21307791.045,0.0,10871.0,88509.0,439922.0,1391463.7714,13499.0,1391463.7714,0.0,127.0,1604.0,59881.0,10998.0,90113.0,499803.0,0.0
Aushad,2022-10-01,841757.7862,8394.0,0.0,0.0,0.0,0.0,0.0,0.0,0.0,0.0,20872321.62,0.0,9891.0,84795.0,419919.0,1558816.4666,14586.0,1558816.4666,0.0,107.0,1351.0,47915.0,9997.0,86146.0,467834.0,0.0
Aushad,2022-11-01,942616.3412,9226.0,0.0,0.0,0.0,0.0,0.0,0.0,0.0,0.0,20155869.84,0.0,9728.0,80158.0,384207.0,1606932.2987,14399.0,1606932.2987,0.0,114.0,1472.0,44678.0,9842.0,81630.0,428885.0,0.0
Aushad,2022-12-01,306933.1181,2924.0,0.0,0.0,0.0,0.0,0.0,0.0,0.0,0.0,6777839.86,0.0,3161.0,26409.0,133481.0,552127.7564,4935.0,552127.7564,0.0,32.0,558.0,15457.0,3193.0,26967.0,148938.0,0.0
Bhopal,2022-01-01,0.0,0.0,0.0,0.0,0.0,0.0,0.0,0.0,0.0,0.0,0.0,0.0,0.0,0.0,0.0,0.0,0.0,0.0,39169.56,0.0,0.0,0.0,0.0,0.0,0.0,51059.34
Bhopal,2022-02-01,0.0,0.0,0.0,0.0,0.0,0.0,0.0,0.0,0.0,0.0,0.0,0.0,0.0,0.0,0.0,0.0,0.0,0.0,233355.68,0.0,0.0,0.0,0.0,0.0,0.0,40819.66
Bhopal,2022-03-01,0.0,0.0,0.0,0.0,0.0,0.0,0.0,0.0,0.0,0.0,0.0,0.0,0.0,0.0,0.0,0.0,0.0,0.0,241826.56,0.0,0.0,0.0,0.0,0.0,0.0,136189.64
Bhopal,2022-04-01,0.0,0.0,0.0,0.0,0.0,0.0,0.0,0.0,0.0,452610.73,50584.0,2155419.49,0.0,0.0,0.0,395960.47,5210.0,395960.47,395960.47,0.0,0.0,0.0,0.0,0.0,0.0,112498.69
Bhopal,2022-05-01,0.0,0.0,0.0,0.0,0.0,0.0,0.0,0.0,0.0,350730.3,56286.0,1927050.52,0.0,0.0,0.0,133439.21,2257.0,133439.21,133439.21,0.0,0.0,0.0,0.0,0.0,0.0,59196.73
Bhopal,2022-06-01,0.0,0.0,0.0,0.0,0.0,0.0,0.0,0.0,0.0,58772.93,46620.0,2072714.36,0.0,0.0,0.0,163358.79,3260.0,163358.79,163358.79,0.0,0.0,0.0,0.0,0.0,0.0,9796.51
Bhopal,2022-07-01,0.0,0.0,0.0,0.0,0.0,0.0,0.0,0.0,0.0,138572.36,43885.0,2176507.5,0.0,0.0,0.0,202783.19,2997.0,202783.19,202783.19,0.0,0.0,0.0,0.0,0.0,0.0,11030.95
Bhopal,2022-08-01,0.0,0.0,0.0,0.0,0.0,0.0,0.0,0.0,0.0,243460.13,9441.0,472456.53,0.0,0.0,0.0,139069.3,2145.0,139069.3,139069.3,0.0,0.0,0.0,0.0,0.0,0.0,14382.22
Bhopal,2022-09-01,0.0,0.0,0.0,0.0,0.0,0.0,0.0,0.0,0.0,316372.27,8671.0,471377.41,0.0,0.0,0.0,313260.03,4277.0,313260.03,313260.03,0.0,0.0,0.0,0.0,0.0,0.0,18043.78
Bhopal,2022-10-01,0.0,0.0,0.0,0.0,0.0,0.0,0.0,0.0,0.0,256968.64,4165.0,197949.47,0.0,0.0,0.0,63355.34,963.0,63355.34,63355.34,0.0,0.0,0.0,0.0,0.0,0.0,12968.95
Bhopal,2022-11-01,0.0,0.0,0.0,0.0,0.0,0.0,0.0,0.0,0.0,213082.18,40.0,8550.0,0.0,0.0,0.0,1496.25,7.0,1496.25,1496.25,0.0,0.0,0.0,0.0,0.0,0.0,12968.95
Bhubaneswar,2022-01-01,0.0,0.0,1125.88,0.0,0.0,0.0,0.0,0.0,2534.01,0.0,0.0,0.0,0.0,0.0,0.0,0.0,0.0,0.0,507393.12,0.0,0.0,0.0,0.0,0.0,0.0,5944210.0702587
Bhubaneswar,2022-02-01,0.0,0.0,8480.54,0.0,10.0,390.0,0.0,5500.41,8758.07,0.0,0.0,0.0,0.0,0.0,0.0,0.0,0.0,0.0,653699.81,0.0,0.0,0.0,0.0,0.0,0.0,5914482.96182351
Bhubaneswar,2022-03-01,0.0,0.0,1060.36,916230.16,7011.0,1467523.77,0.0,25938.09,3173.42,0.0,0.0,0.0,0.0,0.0,0.0,0.0,0.0,0.0,743177.39,0.0,0.0,0.0,0.0,0.0,0.0,5884625.45043135
Bhubaneswar,2022-04-01,12580.54,141.0,12580.54,45526.95,150.0,8887.0,0.0,98125.47,3476.2,41671567.4907955,279833.0,23090477.48,12199.0,49910.0,192764.0,568955.75,6562.0,568955.75,568955.75,40.0,319.0,6887.0,12239.0,50229.0,199651.0,5214450.03856087
Bhubaneswar,2022-05-01,36047.23,268.0,36047.23,12039.84,180.0,24343.0,0.0,171058.35,2055.41,47676003.1894923,218745.0,17740471.42,11441.0,44392.0,178347.0,1105205.19,9852.0,1105205.19,1105205.19,74.0,573.0,23589.0,11515.0,44965.0,201936.0,4779959.90315924
Bhubaneswar,2022-06-01,44602.41,305.0,44602.41,671.46,0.0,0.0,159412.0,116762.3,741.77,45631795.7621676,191907.0,13177221.8,13087.0,52053.0,212537.0,905466.46,8768.0,905466.46,905466.46,52.0,542.0,16337.0,13139.0,52595.0,228874.0,4289942.52815973
Bhubaneswar,2022-07-01,5520.77,60.0,5520.77,632922.03,0.0,0.0,217252.0,96599.85,0.0,41129370.8526582,234491.0,15665927.46,15576.0,60824.0,243831.0,744533.61,8282.0,744533.61,744533.61,79.0,616.0,20011.0,15655.0,61440.0,263842.0,3787233.61748397
Bhubaneswar,2022-08-01,9052.92,52.0,9052.92,7.57,4232.0,864367.75,319024.0,100392.53,0.0,32890751.916316,283109.0,20688959.06,16074.0,62875.0,253281.0,950161.08,12092.0,950161.08,950161.08,93.0,758.0,28831.0,16167.0,63633.0,282112.0,1252002.64548048
Bhubaneswar,2022-09-01,99908.38,492.0,99908.38,419.43,370.0,55747.02,364221.0,53498.59,2520.98,34171237.4310046,306731.0,23611593.93,16687.0,63594.0,256230.0,999830.93,10215.0,999830.93,999830.93,87.0,625.0,24892.0,16774.0,64219.0,281122.0,1355254.41573683
Bhubaneswar,2022-10-01,125363.71,1021.0,125363.71,2842.05,396.0,45068.47,376106.0,80215.74,0.0,37200679.1192211,297518.0,23626496.36,17057.0,65897.0,273330.0,862667.01,7611.0,862667.01,862667.01,77.0,517.0,22785.0,17134.0,66414.0,296115.0,1469369.33027046
Bhubaneswar,2022-11-01,142926.07,1226.0,142926.07,257060.82,423.0,31395.11,383405.0,48226.99,2359.64,41634634.268524,444651.0,30092418.58,18988.0,71731.0,287568.0,625680.58,5481.0,625680.58,625680.58,88.0,577.0,37779.0,19076.0,72308.0,325347.0,3041606.29976862
Bhubaneswar,2022-12-01,60450.71,487.0,60450.71,30097.3,121.0,1031.01,93807.0,4142.83,1382.66,0.0,96285.0,6851927.0,5892.0,21878.0,86989.0,364785.41,3327.0,364785.41,364785.41,25.0,143.0,29223.0,5917.0,22021.0,116212.0,0.0
Chandigarh,2022-01-01,0.0,0.0,42957.13,21637.22,644.0,63246.31,0.0,72556.03,17087.22,0.0,0.0,0.0,0.0,0.0,0.0,0.0,0.0,0.0,754518.21,0.0,0.0,0.0,0.0,0.0,0.0,6086614.09827641
Chandigarh,2022-02-01,0.0,0.0,1162035.95,70592.72,11443.3,1149708.7,0.0,87546.11,395751.64,0.0,0.0,0.0,0.0,0.0,0.0,0.0,0.0,0.0,925761.62,0.0,0.0,0.0,0.0,0.0,0.0,5789376.85580707
Chandigarh,2022-03-01,0.0,0.0,154784.12,178019.93,4601.19,328703.59,0.0,19732.11,25115.39,0.0,0.0,0.0,0.0,0.0,0.0,0.0,0.0,0.0,1465663.1,0.0,0.0,0.0,0.0,0.0,0.0,5381103.93906416
Chandigarh,2022-04-01,47767.65,449.0,47767.65,597338.23,5337.0,664099.29,0.0,95320.63,25232.14,44614332.2199465,440291.0,26741898.35,15056.0,69012.0,377637.0,1288101.64,14644.0,1288101.64,1288101.64,179.0,969.0,90323.0,15235.0,69981.0,467960.0,4731085.11958266
Chandigarh,2022-05-01,1098884.62,10526.65,1098884.62,585262.09,15192.65,1566917.28,0.0,120462.58,489080.24,43807555.0248568,497993.0,31912790.83,15238.0,70695.0,362491.5,1408296.77,16321.0,1408296.77,1408296.77,213.0,1068.0,49502.0,15451.0,71763.0,411993.5,4723734.5582254
Chandigarh,2022-06-01,553610.57,5338.8,553610.57,387574.88,9161.8,964905.57,704218.0,82471.91,119623.3,47854466.8370686,616502.0,26468061.19,16708.0,73024.0,392213.0,2270449.43,32191.0,2270449.43,2270449.43,259.0,1798.0,205210.0,16967.0,74822.0,597423.0,4629566.08381368
Chandigarh,2022-07-01,35448.08,437.0,35448.08,203045.73,2020.0,235468.79,539712.0,54169.04,28776.95,47016472.5130077,539856.0,30737464.3,17454.0,78932.0,428359.5,1306724.4,19964.0,1306724.4,1306724.4,244.0,1657.0,155593.0,17698.0,80589.0,583952.5,5020634.66962653
Chandigarh,2022-08-01,1084898.09,10692.65,1084898.09,99420.28,11598.4,1071980.29,0.0,71256.29,566944.95,46515383.2130893,600348.0,29751724.92,16459.0,76474.0,425894.5,1682390.17,34745.0,1682390.17,1682390.17,299.0,1505.0,209542.0,16758.0,77979.0,635436.5,5053384.46400183
Chandigarh,2022-09-01,443922.35,4034.3,443922.35,2062676.27,22120.8,2276134.25,1210971.0,135838.18,192950.24,48617946.2981028,926609.0,47595457.85,15892.0,70932.0,403791.0,1235564.3,18769.0,1235564.3,1235564.3,461.0,2488.0,231214.0,16353.0,73420.0,635005.0,4221693.37843658
Chandigarh,2022-10-01,26520.25,303.0,26520.25,789780.87,8168.0,787674.91,466970.0,47800.29,21629.77,51381499.2765234,484825.0,24192322.96,15311.0,76113.0,446384.0,1455891.75,20183.0,1455891.75,1455891.75,362.0,2036.0,212220.0,15673.0,78149.0,658604.0,3508305.66943055
Chandigarh,2022-11-01,870991.37,8545.0,870991.37,251576.69,10561.0,1054428.97,499865.0,33699.77,433093.72,47849420.6493356,631765.0,33493206.34,15625.0,76255.0,452785.0,1213926.23,16192.0,1213926.23,1213926.23,240.0,1445.0,121725.0,15865.0,77700.0,574510.0,3098203.65549159
Chandigarh,2022-12-01,365998.89,3348.66,365998.89,0.0,0.0,0.0,122691.0,7594.72,115271.12,0.0,226514.0,14988165.82,4759.0,21909.0,142103.0,360242.18,5350.0,360242.18,360242.18,140.0,514.0,51096.0,4899.0,22423.0,193199.0,0.0
Chennai,2022-01-01,0.0,0.0,1126053.55,385481.42,26303.0,2228938.74,0.0,208409.72,383656.29,0.0,0.0,0.0,0.0,0.0,0.0,0.0,0.0,0.0,6495699.0,0.0,0.0,0.0,0.0,0.0,0.0,4763640.06298191
Chennai,2022-02-01,0.0,0.0,889151.76,282399.95,25565.0,2243493.95,0.0,299104.23,601524.07,0.0,0.0,0.0,0.0,0.0,0.0,0.0,0.0,0.0,7464712.39,0.0,0.0,0.0,0.0,0.0,0.0,4913479.85227633
Chennai,2022-03-01,0.0,0.0,338659.75,431576.32,47.0,17525.64,0.0,321995.45,9649.42,0.0,0.0,0.0,0.0,0.0,0.0,0.0,0.0,0.0,8784866.83,0.0,0.0,0.0,0.0,0.0,0.0,4870133.68703435
Chennai,2022-04-01,2018390.13,20962.0,2018390.13,680392.65,32916.0,3264362.03,0.0,341223.13,938627.33,193801253.048658,2724007.0,204829364.93,85769.0,637788.0,2360169.0,12866755.0,129876.0,12866755.0,12866755.0,1327.0,22130.0,593176.0,87096.0,659918.0,2953345.0,2766404.40962078
Chennai,2022-05-01,2143841.7,23381.0,2143841.7,293581.06,25747.0,2337637.83,0.0,286578.73,1532739.46,208865411.129228,3198134.0,215791219.35,87464.0,660291.0,2386740.0,8319494.25,82261.0,8319494.25,8319494.25,1357.0,17695.0,404254.0,88821.0,677986.0,2790994.0,2437918.47472787
Chennai,2022-06-01,1427359.1,15214.0,1427359.1,537188.9,21920.0,1927844.52,3080548.0,370965.44,294806.81,209519097.907612,2834674.0,203445406.89,90530.0,680454.0,2522558.0,10754764.24,104219.0,10754764.24,10754764.24,1458.0,19876.0,604099.0,91988.0,700330.0,3126657.0,1719496.39614904
Chennai,2022-07-01,2001236.25,21179.0,2001236.25,1044684.74,15820.0,1466500.7,3429726.0,348157.59,960260.22,205519236.663532,3407027.0,236791147.13,94617.0,716333.0,2695767.0,10965022.3,101972.0,10965022.3,10965022.3,1634.0,23241.0,609667.0,96251.0,739574.0,3305434.0,2811297.36418844
Chennai,2022-08-01,2073534.9,21269.0,2073534.9,684389.08,47611.0,4674213.47,3380773.0,441569.0,708605.95,210308513.035324,3098615.0,227767296.02,95833.0,732542.0,2675998.0,12699429.43,119065.0,12699429.43,12699429.43,2365.0,32431.0,775498.0,98198.0,764973.0,3451496.0,2170240.00512523
Chennai,2022-09-01,1503230.57,15440.0,1503230.57,821081.08,19875.0,1976033.86,3584248.0,314644.6,475360.7,202896596.929405,3593968.0,250422206.33,97004.0,743034.0,2800548.0,7635823.78,74785.0,7635823.78,7635823.78,1875.0,25212.0,692357.0,98879.0,768246.0,3492905.0,1422683.46127132
Chennai,2022-10-01,1829156.72,17380.0,1829156.72,1115143.63,33891.0,3408458.31,3722691.0,295132.34,555915.29,228265836.326847,3813043.0,245533453.48,90824.0,695303.0,2573061.0,7652935.64,79186.0,7652935.64,7652935.64,1752.0,24387.0,858514.0,92576.0,719690.0,3431575.0,1134458.25822661
Chennai,2022-11-01,1781112.95,17241.0,1781112.95,742375.49,28360.0,2660169.64,3695072.0,333080.52,559897.92,231562252.768116,3450233.0,246333887.78,94695.0,721418.0,2770661.0,21863088.58,164321.0,21863088.58,21863088.58,1521.0,23162.0,760930.0,96216.0,744580.0,3531591.0,1856252.46916993
Chennai,2022-12-01,1160.67,14.0,1160.67,697447.47,0.0,0.0,1180141.0,99846.43,25760.65,0.0,1374468.0,101315977.4,30216.0,223904.0,836784.0,3968218.5,32772.0,3968218.5,3968218.5,413.0,6120.0,182059.0,30629.0,230024.0,1018843.0,0.0
Coimbatore,2022-01-01,0.0,0.0,355515.79,0.0,0.0,0.0,0.0,16360.9,66104.13,0.0,0.0,0.0,0.0,0.0,0.0,0.0,0.0,0.0,445512.7,0.0,0.0,0.0,0.0,0.0,0.0,0.0
Coimbatore,2022-02-01,0.0,0.0,401181.31,477.19,5532.0,530224.14,0.0,19766.3,87735.89,0.0,0.0,0.0,0.0,0.0,0.0,0.0,0.0,0.0,563396.15,0.0,0.0,0.0,0.0,0.0,0.0,1006301.40568105
Coimbatore,2022-03-01,0.0,0.0,11667.95,67.02,6047.0,565502.19,0.0,29024.43,278.58,0.0,0.0,0.0,0.0,0.0,0.0,0.0,0.0,0.0,537669.26,0.0,0.0,0.0,0.0,0.0,0.0,1605407.59360919
Coimbatore,2022-04-01,765626.15,9065.0,765626.15,553.34,9168.0,824231.38,0.0,43401.92,76616.1,44068916.9416228,608687.0,41805436.33,13305.0,140038.0,669326.0,655768.0,7247.0,655768.0,655768.0,22.0,77.0,4364.0,13327.0,140115.0,673690.0,1506270.78758237
Coimbatore,2022-05-01,406962.05,4418.0,406962.05,210.8,0.0,0.0,0.0,38442.06,121672.64,51542771.4957596,880578.0,62084404.52,13379.0,141824.0,660356.0,897633.22,12119.0,897633.22,897633.22,43.0,213.0,7960.0,13422.0,142037.0,668316.0,1469659.44429339
Coimbatore,2022-06-01,343894.63,3896.0,343894.63,1665.3,8518.0,816797.81,721831.0,30378.84,136347.68,51579070.454819,677411.0,48872683.59,14108.0,152967.0,702416.0,567664.18,6709.0,567664.18,567664.18,33.0,147.0,4758.0,14141.0,153114.0,707174.0,1496017.67753958
Coimbatore,2022-07-01,392132.85,4348.0,392132.85,193.43,2.0,343.64,691879.0,50771.53,182528.27,60281210.9296486,920199.0,61898675.21,15629.0,162519.0,779999.0,1417440.66,9749.0,1417440.66,1417440.66,84.0,321.0,14271.0,15713.0,162840.0,794270.0,1125139.33753948
Coimbatore,2022-08-01,554894.44,6129.0,554894.44,1924.51,0.0,0.0,655386.0,43805.54,232835.92,56661876.5669957,698445.0,51623514.17,14504.0,154727.0,749505.0,1690925.39,17868.0,1690925.39,1690925.39,92.0,263.0,32600.0,14596.0,154990.0,782105.0,1256720.82853985
Coimbatore,2022-09-01,265371.62,3658.0,265371.62,0.0,13987.0,1262587.84,946667.0,19629.36,95911.69,57388173.8457525,756100.0,53984210.79,14116.0,146244.0,712394.0,1007121.02,6360.0,1007121.02,1007121.02,112.0,322.0,25761.0,14228.0,146566.0,738155.0,1419946.80753966
Coimbatore,2022-10-01,8047.2,54.0,8047.2,506.94,6.0,362.15,1741130.0,27402.42,0.0,30050098.5939885,1890003.0,124975489.27,12171.0,132352.0,614142.0,896967.71,10209.0,896967.71,896967.71,54.0,160.0,19518.0,12225.0,132512.0,633660.0,392078.11712569
Coimbatore,2022-11-01,336338.65,3711.0,336338.65,930.54,4133.0,391546.42,1544372.0,28766.4,82645.09,66161807.2008866,850614.0,59457917.77,14460.0,158895.0,815419.0,2542416.42,25294.0,2542416.42,2542416.42,84.0,316.0,21245.0,14544.0,159211.0,836664.0,987240.44000013
Coimbatore,2022-12-01,1271.37,18.0,1271.37,457.41,0.0,0.0,28.0,11303.87,2271.89,0.0,320283.0,21882463.3,4750.0,51694.0,255863.0,1267155.83,9951.0,1267155.83,1267155.83,21.0,76.0,16231.0,4771.0,51770.0,272094.0,0.0
DC,2022-01-01,0.0,0.0,5154219.19,2371594.5100000002,97868.0,10214015.64,0.0,2513151.2600000002,1365129.0,0.0,0.0,0.0,0.0,0.0,0.0,0.0,0.0,0.0,17495147.06,0.0,0.0,0.0,0.0,0.0,0.0,20472984.22004665
DC,2022-02-01,0.0,0.0,10226220.55,2561419.0900000003,145489.0,13960444.88,0.0,2903562.46,3737521.38,0.0,0.0,0.0,0.0,0.0,0.0,0.0,0.0,0.0,15786663.3,0.0,0.0,0.0,0.0,0.0,0.0,21704016.141882777
DC,2022-03-01,0.0,0.0,2298273.96,2870302.89,24682.0,2468084.25,0.0,2160763.77,575808.62,0.0,0.0,0.0,0.0,0.0,0.0,0.0,0.0,0.0,18736145.7,0.0,0.0,0.0,0.0,0.0,0.0,20937801.73842162
DC,2022-04-01,11835316.48,131725.5,11835316.48,1745401.6,60861.0,5961713.8,0.0,1214577.45,4209707.55,204322051.95926306,3285686.0,306455979.71,115490.0,586079.0,2283424.0,10326583.629999999,89443.0,10326583.629999999,10326583.629999999,2714.0,14974.0,359102.0,118204.0,601053.0,2642526.0,12393614.882391099
DC,2022-05-01,6346122.61,70533.0,6346122.61,4353059.88,179214.0,19913253.3,0.0,1096212.99,2106913.38,248898195.97616342,3196820.0,279355024.53000003,109276.0,526783.0,1952796.0,12882843.120000001,115864.0,12882843.120000001,12882843.120000001,2368.0,12126.0,347280.0,111644.0,538909.0,2300076.0,12481506.54943987
DC,2022-06-01,8798540.68,97665.0,8798540.68,1499137.08,110593.0,11637059.09,2954889.0,2434135.1599999997,2943491.59,298236983.0289249,2627982.0,222914536.74,105470.0,548074.0,1915504.0,11249414.02,105516.0,11249414.02,11249414.02,2367.0,13303.0,255407.0,107837.0,561377.0,2170911.0,13405552.41666522
DC,2022-07-01,6927446.500000001,75532.8,6927446.500000001,490066.85,94693.0,9350130.13,2657782.0,2324034.26,2993178.3699999996,281667023.2277611,2483579.0,209661431.09,89896.0,502401.0,1763183.0,12861296.909999998,114403.0,12861296.909999998,12861296.909999998,2941.0,17788.0,534485.0,92837.0,520189.0,2297668.0,14722793.69261378
DC,2022-08-01,7585919.6899999995,84559.25,7585919.6899999995,1644198.8900000001,110030.0,9953460.72,3014130.0,1442154.67,3873127.73,224613798.40588868,2921880.0,254458468.04999998,100068.0,560754.0,1991129.0,14465758.280000001,134972.0,14465758.280000001,14465758.280000001,3073.0,17404.0,391133.0,103141.0,578158.0,2382262.0,8818831.21137981
DC,2022-09-01,6557943.5,70094.0,6557943.5,2841928.6399999997,88290.0,9222999.02,3020843.0,2157672.4699999997,2222264.75,224506348.66372943,2825116.0,248271468.92000002,95397.0,537145.0,2027226.0,12484967.37,100094.0,12484967.37,12484967.37,3663.0,20528.0,473164.0,99060.0,557673.0,2500390.0,8828530.14717095
DC,2022-10-01,7204197.1,77020.0,7204197.1,2488736.39,92875.0,9332801.62,2820120.0,2901388.68,2512426.75,235576373.18036187,2794808.0,245359710.75,89557.0,524993.0,2060561.0,10424267.63,93085.0,10424267.63,10424267.63,2550.0,14410.0,459659.0,92107.0,539403.0,2520220.0,8461662.55328423
DC,2022-11-01,7400632.2299999995,78817.0,7400632.2299999995,4754464.5200000005,96441.0,9259771.92,2750678.0,1378700.97,1950376.5099999998,213212446.78681183,3117936.0,252755647.08,84732.0,475586.0,1925209.0,11462477.31,89294.0,11462477.31,11462477.31,2484.0,14560.0,458755.0,87216.0,490146.0,2383964.0,7053208.29566242
DC,2022-12-01,5327769.1,56453.4,5327769.1,1366172.3399999999,570.0,730009.63,733159.0,605399.71,557311.39,0.0,694992.0,63481203.86000001,22284.0,124836.0,506995.0,3844800.19,30876.0,3844800.19,3844800.19,590.0,3450.0,194226.0,22874.0,128286.0,701221.0,0.0
DRK,2022-01-01,0.0,0.0,166895.32,549038.09,7871.0,1090696.12,0.0,25664.43,1177.7,0.0,0.0,0.0,0.0,0.0,0.0,0.0,0.0,0.0,479327.99,0.0,0.0,0.0,0.0,0.0,0.0,4876119.3879571
DRK,2022-02-01,0.0,0.0,190110.02,102646.49,5151.0,650439.78,0.0,18279.01,325.5,0.0,0.0,0.0,0.0,0.0,0.0,0.0,0.0,0.0,474662.79,0.0,0.0,0.0,0.0,0.0,0.0,4797023.06363347
DRK,2022-03-01,0.0,0.0,266390.26,50392.96,2680.0,354997.48,0.0,39517.38,1544.95,0.0,0.0,0.0,0.0,0.0,0.0,0.0,0.0,0.0,501552.05,0.0,0.0,0.0,0.0,0.0,0.0,4530819.77620337
DRK,2022-04-01,303117.46,3969.0,303117.46,99491.87,5178.0,664164.68,0.0,52384.35,10343.36,44122549.9786687,570448.0,33508507.76,6546.0,70064.0,466665.0,932090.72,12952.0,932090.72,932090.72,2.0,6.0,183.0,6548.0,70070.0,466848.0,3871262.12857716
DRK,2022-05-01,176354.46,2199.0,176354.46,137753.58,5955.0,759262.68,0.0,251397.01,75886.5,48402188.9717603,459265.0,27586365.52,6665.0,74469.0,481917.0,761529.62,10343.0,761529.62,761529.62,8.0,33.0,5920.0,6673.0,74502.0,487837.0,3369540.34991547
DRK,2022-06-01,209448.76,2708.0,209448.76,160794.92,4602.0,575995.76,0.0,43746.57,3967.04,45483287.4727976,536687.0,32125197.1,7228.0,78653.0,514662.0,506577.51,4418.0,506577.51,506577.51,12.0,88.0,4040.0,7240.0,78741.0,518702.0,2911368.47231427
DRK,2022-07-01,355533.48,4970.0,355533.48,778957.12,14403.0,2088177.34,0.0,29760.12,1775.77,46746953.8981863,526262.0,33984718.99,7410.0,78708.0,522158.0,2044500.74,17655.0,2044500.74,2044500.74,11.0,36.0,2267.0,7421.0,78744.0,524425.0,2858750.91757319
DRK,2022-08-01,293010.09,3765.0,293010.09,47225.81,3725.0,439729.77,0.0,23404.44,0.0,48261395.2768,567095.0,32582891.38,6804.0,74193.0,494468.0,401826.57,4570.0,401826.57,401826.57,13.0,79.0,6531.0,6817.0,74272.0,500999.0,2686041.81652904
DRK,2022-09-01,261021.47,3547.0,261021.47,112195.37,4412.0,563960.9,0.0,27931.79,392.55,42522318.987003,629034.0,38035236.75,7422.0,81775.0,530075.0,531080.73,7156.0,531080.73,531080.73,14.0,52.0,6539.0,7436.0,81827.0,536614.0,1685569.76500427
DRK,2022-10-01,299987.46,3321.0,299987.46,90550.07,4119.0,543367.26,0.0,25735.77,379.87,46515860.3104464,550453.0,32990997.74,6765.0,80118.0,498016.0,490991.05,7124.0,490991.05,490991.05,18.0,97.0,9406.0,6783.0,80215.0,507422.0,1295083.315354
DRK,2022-11-01,467888.26,6304.0,467888.26,166431.27,7321.0,924629.84,0.0,31696.62,144.5,47605972.5535177,675885.0,40851542.26,7472.0,83776.0,546347.0,398093.62,3357.0,398093.62,398093.62,24.0,125.0,17150.0,7496.0,83901.0,563497.0,1259276.89734794
DRK,2022-12-01,67299.38,878.0,67299.38,541.98,2037.0,252244.25,0.0,4284.97,287.85,0.0,182495.0,10624368.96,2161.0,24170.0,163388.0,147668.32,1459.0,147668.32,147668.32,11.0,56.0,6935.0,2172.0,24226.0,170323.0,0.0
Davangere,2022-04-01,0.0,0.0,0.0,0.0,0.0,0.0,0.0,0.0,0.0,0.0,0.0,0.0,35233.0,371723.0,2243908.0,0.0,0.0,0.0,0.0,1259.0,9999.0,310399.0,36492.0,381722.0,2554307.0,0.0
Davangere,2022-05-01,0.0,0.0,0.0,0.0,0.0,0.0,0.0,0.0,0.0,0.0,0.0,0.0,36932.0,388264.0,2442183.0,0.0,0.0,0.0,0.0,1194.0,9385.0,283915.0,38126.0,397649.0,2726098.0,0.0
Davangere,2022-06-01,3677099.2652,42642.0,0.0,0.0,0.0,0.0,2716828.0,0.0,0.0,0.0,102074997.565,0.0,39149.0,406375.0,2594846.0,10416416.038266,121408.0,10416416.038266,0.0,800.0,7761.0,324671.0,39949.0,414136.0,2919517.0,0.0
Davangere,2022-07-01,2806310.1788,33617.0,0.0,0.0,0.0,0.0,2706484.0,0.0,0.0,0.0,91129227.11,0.0,38737.0,404610.0,2469107.0,9918167.122952,107519.0,9918167.122952,0.0,674.0,7314.0,327579.0,39411.0,411924.0,2796686.0,0.0
Davangere,2022-08-01,2748947.33,32414.0,0.0,0.0,0.0,0.0,2886630.0,0.0,0.0,0.0,96777403.82,0.0,39476.0,415939.0,2749141.0,7862442.315331,99045.0,7862442.315331,0.0,716.0,8310.0,321613.0,40192.0,424249.0,3070754.0,0.0
Davangere,2022-09-01,2719447.4,30630.0,0.0,0.0,0.0,0.0,3062536.0,0.0,0.0,0.0,112119231.02,0.0,41996.0,432117.0,2830729.0,9728751.897437,104230.0,9728751.897437,0.0,635.0,7921.0,319805.0,42631.0,440038.0,3150534.0,0.0
Davangere,2022-10-01,3273422.85,37470.0,0.0,0.0,0.0,0.0,2831343.0,0.0,0.0,0.0,92415897.915,0.0,40175.0,424455.0,2682023.0,8029498.566067,91323.0,8029498.566067,0.0,720.0,7587.0,290553.0,40895.0,432042.0,2972576.0,0.0
Davangere,2022-11-01,3305222.76,38719.0,0.0,0.0,0.0,0.0,3082070.0,0.0,0.0,0.0,107133330.4,0.0,42114.0,436426.0,2750036.0,8413127.582662,90917.0,8413127.582662,0.0,793.0,9178.0,437809.0,42907.0,445604.0,3187845.0,0.0
Davangere,2022-12-01,1032531.43,12004.0,0.0,0.0,0.0,0.0,840479.0,0.0,0.0,0.0,34891069.785,0.0,12587.0,131899.0,810123.0,2917893.740852,27530.0,2917893.740852,0.0,158.0,1566.0,83725.0,12745.0,133465.0,893848.0,0.0
Desai,2022-01-01,0.0,0.0,2145045.9,66762.89,9216.0,881086.31,0.0,70871.44,2155571.04,0.0,0.0,0.0,0.0,0.0,0.0,0.0,0.0,0.0,3647201.72,0.0,0.0,0.0,0.0,0.0,0.0,0.0
Desai,2022-02-01,0.0,0.0,450234.84,201755.81000000003,21028.0,1948353.45,0.0,75803.66,77223.63,0.0,0.0,0.0,0.0,0.0,0.0,0.0,0.0,0.0,2641442.43,0.0,0.0,0.0,0.0,0.0,0.0,0.0
Desai,2022-03-01,0.0,0.0,2942488.0300000003,161265.1,34111.0,3261871.29,0.0,50707.32,1943622.27,0.0,0.0,0.0,0.0,0.0,0.0,0.0,0.0,0.0,5533118.02,0.0,0.0,0.0,0.0,0.0,0.0,0.0
Desai,2022-04-01,37162.97,405.0,37162.97,306896.58999999997,1532.0,65411.84,0.0,59334.72,6221.66,89880987.26519468,1196328.0,100337950.91,43620.0,251415.0,840232.0,4936247.7299999995,49503.0,4936247.7299999995,4936247.7299999995,1066.0,9022.0,405180.0,44686.0,260437.0,1245412.0,0.0
Desai,2022-05-01,1557290.63,14668.0,1557290.63,3999.56,3419.0,298560.48,0.0,54435.08,2288161.69,94752277.263969,1111059.0,94851595.93,40553.0,233435.0,754788.0,3982087.27,40662.0,3982087.27,3982087.27,1316.0,9644.0,336855.0,41869.0,243079.0,1091643.0,0.0
Desai,2022-06-01,315339.41,3306.0,315339.41,546708.35,21215.0,2052368.48,1095618.0,102645.48000000001,8465.57,92038024.02184264,1105079.0,94484399.28,44744.0,246538.0,790452.0,2884926.0900000003,25907.0,2884926.0900000003,2884926.0900000003,824.0,6753.0,298013.0,45568.0,253291.0,1088465.0,0.0
Desai,2022-07-01,2215688.57,20658.0,2215688.57,23203.44,25243.0,2372612.4699999997,1084536.0,65562.5,2090008.76,90380682.12507732,1095392.0,93652309.61000001,47227.0,255100.0,795941.0,3092702.6399999997,30757.0,3092702.6399999997,3092702.6399999997,1155.0,7448.0,245596.0,48382.0,262548.0,1041537.0,0.0
Desai,2022-08-01,0.0,0.0,0.0,624581.12,824.0,160254.38,1252033.0,54536.23,0.0,91106268.0636127,1230327.0,108667515.19,46691.0,249980.0,786680.0,5111568.12,58399.0,5111568.12,5111568.12,1825.0,14394.0,496687.0,48516.0,264374.0,1283367.0,0.0
Desai,2022-09-01,3150905.15,29533.0,3150905.15,51701.49,39404.0,3962168.69,1142278.0,91253.72,2057922.53,99625464.25558709,1148805.0,94121580.75,44424.0,229740.0,689778.0,4969554.61,54320.0,4969554.61,4969554.61,1432.0,10887.0,354854.0,45856.0,240627.0,1044632.0,0.0
Desai,2022-10-01,0.0,0.0,0.0,27080.01,1556.0,101434.03,966337.0,59323.07,0.0,93899780.92256428,976981.0,83705654.24,46144.0,241563.0,741173.0,8455342.7,86129.0,8455342.7,8455342.7,1244.0,9814.0,299205.0,47388.0,251377.0,1040378.0,0.0
Desai,2022-11-01,3723978.71,31811.0,3723978.71,279774.91,38021.0,4221186.2,1059586.0,91513.48,1358707.52,98524315.79934491,1095013.0,93931337.33,46901.0,225732.0,735001.0,6906214.859999999,67676.0,6906214.859999999,6906214.859999999,1133.0,9518.0,360303.0,48034.0,235250.0,1095304.0,0.0
Desai,2022-12-01,0.0,0.0,0.0,39557.26,0.0,0.0,379102.0,18518.68,0.0,0.0,439964.0,32739628.28,13571.0,68593.0,209145.0,2435906.27,21782.0,2435906.27,2435906.27,319.0,2469.0,106292.0,13890.0,71062.0,315437.0,0.0
Eastern,2022-01-01,0.0,0.0,3698546.6,96084.08,54850.952,5084164.92,0.0,508666.69,4164819.92,0.0,0.0,0.0,0.0,0.0,0.0,0.0,0.0,0.0,10619728.11,0.0,0.0,0.0,0.0,0.0,0.0,0.0
Eastern,2022-02-01,0.0,0.0,756679.93,1004929.42,10129.9,1168924.94,0.0,368260.81,395523.91,0.0,0.0,0.0,0.0,0.0,0.0,0.0,0.0,0.0,10047961.49,0.0,0.0,0.0,0.0,0.0,0.0,0.0
Eastern,2022-03-01,0.0,0.0,6424440.82,348716.29,78230.902,7676816.64,0.0,475487.66,4834124.34,0.0,0.0,0.0,0.0,0.0,0.0,0.0,0.0,0.0,11976908.0,0.0,0.0,0.0,0.0,0.0,0.0,0.0
Eastern,2022-04-01,1853.62,20.0,1853.62,533953.98,1027.6,71586.61,0.0,426577.67,5874.58,200633338.142292,3326984.0,271723999.17,137968.0,665842.0,1935172.0,12018919.67,103206.0,12018919.67,12018919.67,3002.0,33268.0,1213373.0,140970.0,699110.0,3148545.0,0.0
Eastern,2022-05-01,4155706.85,43587.025,4155706.85,970463.14,49880.976,4681729.0,0.0,390892.3,4890995.16,218370936.66288581,2589059.0,214899573.13,142830.0,685689.0,2040032.0,11319344.46,109350.0,11319344.46,11319344.46,2413.0,22347.0,831850.0,145243.0,708036.0,2871882.0,278522.252
Eastern,2022-06-01,979229.1,8646.53,979229.1,288204.15,7452.583,763474.4,2002316.0,413320.38,36228.95,201985285.65197092,2947122.0,234137660.85,150624.0,722753.0,2161265.0,15069579.9,116306.0,15069579.9,15069579.9,2396.0,24061.0,803257.0,153020.0,746814.0,2964522.0,276125.291
Eastern,2022-07-01,5175859.41,52298.057,5175859.41,540836.0,65625.355,6524361.77,1384302.0,435477.9,5340158.28,216127888.44374633,3457110.0,270513452.35,169014.0,819650.0,2529538.0,11484064.43,110926.0,11484064.43,11484064.43,2876.0,27684.0,1023692.0,171890.0,847334.0,3553230.0,276125.291
Eastern,2022-08-01,683334.33,6600.75,683334.33,459445.61,8288.933,745855.3,1866996.0,485128.56,66791.31,215939167.33599052,3505897.0,278656933.86,178157.0,849529.0,2505805.0,15477574.01,161311.0,15477574.01,15477574.01,3115.0,28895.0,1197147.0,181272.0,878424.0,3702952.0,276125.291
Eastern,2022-09-01,5848154.63,57052.099,5848154.63,2020770.02,78949.924,8248569.76,1805748.0,421052.08,5499222.93,202342861.74716687,3805503.0,289655747.90000004,155356.0,721619.0,2168446.0,13274328.42,117324.0,13274328.42,13274328.42,2997.0,26621.0,1183430.0,158353.0,748240.0,3351876.0,276125.291
Eastern,2022-10-01,1237805.22,10304.468,1237805.22,1889086.71,17287.219,1657644.69,3384033.0,481296.5,83454.66,243921225.00084245,3283240.0,250863507.26000002,171593.0,831900.0,2484442.0,16566514.44,171801.0,16566514.44,16566514.44,2850.0,24967.0,1056559.0,174443.0,856867.0,3541001.0,410744.32900016
Eastern,2022-11-01,6783054.65,64946.719,6783054.65,856223.69,95731.94,10072342.41,3895272.0,478175.16,5616986.42,217821611.6072294,3310743.0,278903079.5,169031.0,766178.0,2418479.0,15016907.08,142123.0,15016487.08,15016907.08,2427.0,21111.0,979300.0,171458.0,787289.0,3397779.0,0.0
Eastern,2022-12-01,0.0,0.0,0.0,207419.73,1868.0,212582.47,1029072.0,90374.51,0.0,0.0,1135540.0,87016599.84,44855.0,215219.0,630532.0,4965819.26,47359.0,4965819.26,4965819.26,730.0,6078.0,222045.0,45585.0,221297.0,852577.0,0.0
Goa,2022-01-01,0.0,0.0,404017.08,0.0,10204.8,1369042.57,0.0,0.0,111204.59,0.0,0.0,0.0,0.0,0.0,0.0,0.0,0.0,0.0,35873.25,0.0,0.0,0.0,0.0,0.0,0.0,0.0
Goa,2022-02-01,0.0,0.0,606217.84,0.0,3429.0,460771.9,0.0,0.0,105896.07,0.0,0.0,0.0,0.0,0.0,0.0,0.0,0.0,0.0,79925.66,0.0,0.0,0.0,0.0,0.0,0.0,2557382.49238515
Goa,2022-03-01,0.0,0.0,562469.51,24245.05,6707.0,660998.49,0.0,5252.96,72466.86,0.0,0.0,0.0,0.0,0.0,0.0,0.0,0.0,0.0,129319.61,0.0,0.0,0.0,0.0,0.0,0.0,2668680.047013
Goa,2022-04-01,775356.12,5625.0,775356.12,7935.16,5436.0,498519.43,0.0,947.72,64063.06,20950641.0257082,126195.0,10526848.97,4136.0,29124.0,138415.0,108183.58,1682.0,108183.58,108183.58,32.0,141.0,7830.0,4168.0,29265.0,146245.0,2986068.3852207
Goa,2022-05-01,947316.99,6514.0,947316.99,0.0,3795.0,328935.32,0.0,0.0,118016.73,22922275.0387427,247484.0,16935146.71,3916.0,28674.0,139042.0,133629.78,1160.0,133629.78,133629.78,34.0,180.0,14734.0,3950.0,28854.0,153776.0,2832916.15439975
Goa,2022-06-01,444410.58,3249.0,444410.58,0.0,5973.0,569409.79,79215.0,0.0,39833.27,24508066.8498282,163189.0,11869528.61,3841.0,28838.0,145402.0,156981.01,1834.0,156981.01,156981.01,100.0,777.0,19284.0,3941.0,29615.0,164686.0,2884420.05698761
Goa,2022-07-01,520734.16,3772.0,520734.16,0.0,3929.0,399794.65,202242.0,0.0,44443.24,25516941.6077075,207334.0,13486409.31,4122.0,30376.0,139108.0,250362.49,2339.0,250362.49,250362.49,46.0,377.0,41647.0,4168.0,30753.0,180755.0,2835933.21387745
Goa,2022-08-01,539470.62,3492.0,539470.62,0.0,2646.0,253471.32,107164.0,0.0,76497.59,25135839.1307844,106224.0,8388493.41,1840.0,11987.0,53671.0,278461.65,3083.0,278461.65,278461.65,88.0,564.0,53536.0,1928.0,12551.0,107207.0,2642291.89665772
Goa,2022-09-01,549670.51,3882.9,549670.51,0.0,4803.9,448523.29,101908.0,0.0,62856.62,20580155.0093426,97186.0,7557122.09,2837.0,19961.0,83364.996,92602.76,688.0,92602.76,92602.76,98.0,590.0,43203.0,2935.0,20551.0,126567.996,1156390.15290629
Goa,2022-10-01,712307.24,5249.5,712307.24,0.0,5078.0,449494.87,134377.0,0.0,64877.85,18330927.1342979,130293.0,9376751.73,3110.0,22780.0,92471.0,159378.52,1922.0,159378.52,159378.52,55.0,410.0,42462.0,3165.0,23190.0,134933.0,1067418.88695483
Goa,2022-11-01,658056.85,4478.0,658056.85,0.0,4231.0,403670.64,164719.0,0.0,117970.23,18689711.1028677,188108.001,14318635.96,3334.0,23733.0,95693.0,397874.67,3563.0,397874.67,397874.67,66.0,440.0,49881.0,3400.0,24173.0,145574.0,960940.87136398
Goa,2022-12-01,355325.75,2415.0,355325.75,0.0,0.0,0.0,89482.0,0.0,15380.54,0.0,74733.0,4702679.5,1006.0,7291.0,30848.0,43895.41,369.0,43895.41,43895.41,36.0,234.0,49654.0,1042.0,7525.0,80502.0,0.0
Gurgaon,2022-01-01,0.0,0.0,6088523.27,642772.48,128241.0,11757549.14,0.0,832124.63,2876861.63,0.0,0.0,0.0,0.0,0.0,0.0,0.0,0.0,0.0,11418443.87,0.0,0.0,0.0,0.0,0.0,0.0,9440889.35613897
Gurgaon,2022-02-01,0.0,0.0,5558822.54,446764.83,145793.0,14494616.13,0.0,617342.93,2772424.72,0.0,0.0,0.0,0.0,0.0,0.0,0.0,0.0,0.0,13714096.4,0.0,0.0,0.0,0.0,0.0,0.0,8374407.64380982
Gurgaon,2022-03-01,0.0,0.0,3676009.0,990014.97,108115.0,10492247.62,0.0,807432.55,2045997.71,0.0,0.0,0.0,0.0,0.0,0.0,0.0,0.0,0.0,11120113.42,0.0,0.0,0.0,0.0,0.0,0.0,7767056.34299454
Gurgaon,2022-04-01,6581140.64,103341.0,6581140.64,571954.34,89486.0,8205673.88,0.0,1016157.57,1955119.72,253311139.076011,5507871.0,330380280.26,210962.0,879219.0,4396145.0,10182304.01,110095.9,10182304.01,10182304.01,3426.0,24554.0,668773.0,214388.0,903773.0,5064918.0,6042076.97667455
Gurgaon,2022-05-01,5417100.53,69457.0,5417100.53,601878.03,128789.0,12844252.63,0.0,751290.47,3272987.41,253693069.528197,4249789.0,267542947.3,209781.0,888217.0,4170542.0,7311809.43,87747.0,7311809.43,7311809.43,2388.0,17457.0,464209.0,212169.0,905674.0,4634751.0,5784451.55068991
Gurgaon,2022-06-01,2486819.82,31658.0,2486819.82,1359472.8,61798.0,6366105.64,4904097.0,1009019.86,1660344.66,235606928.189367,4862555.0,310393741.37,206020.0,874439.0,4004791.0,8258755.16,87663.9,8258755.16,8258755.16,1587.0,10693.0,286653.0,207607.0,885132.0,4291444.0,4881479.31018333
Gurgaon,2022-07-01,9926317.67,132825.0,9926317.67,948437.75,151639.0,15291240.53,5115898.0,1077195.27,4811038.33,228886806.27218,4617886.0,299296778.05,210512.0,908566.0,4161100.0,12473731.74,153000.0,12473731.74,12473731.74,2132.0,14809.0,387218.0,212644.0,923375.0,4548318.0,4464753.45144641
Gurgaon,2022-08-01,6306605.79,92736.0,6306605.79,794313.32,165015.0,15549650.97,5679064.0,800487.7,2007431.39,246795261.678248,5317889.0,323336207.1,200916.0,918846.0,4535735.5,14504539.2,165522.0,14504539.2,14504539.2,2226.0,15183.0,415106.0,203142.0,934029.0,4950841.5,4022019.37974716
Gurgaon,2022-09-01,6877091.22,93921.0,6877091.22,1494556.95,51030.0,5397552.18,5597037.0,910998.82,2283711.88,254368533.87238,5402068.0,315743897.2,198192.0,874233.0,4250697.0,11852415.21,139681.7,11852415.21,11852415.21,2697.0,15340.0,447562.0,200889.0,889573.0,4698259.0,4072362.76225579
Gurgaon,2022-10-01,3812930.93,47685.0,3812930.93,961418.82,185378.0,18160063.01,5082655.0,712185.33,1702502.75,267260615.224949,4298372.0,257551275.34,189723.0,853519.0,4103167.0,14478669.26,169183.0,14478669.26,14478669.26,1888.0,10408.0,336784.0,191611.0,863927.0,4439951.0,4217286.77126398
Gurgaon,2022-11-01,5950072.96,69796.0,5950072.96,1292710.96,108099.0,10370364.08,5194769.0,1161749.15,2008018.43,243761620.051575,4885090.0,284039062.91,185772.0,804229.0,3954273.0,9725409.79,110918.0,9725149.36,9725409.79,2011.0,11599.0,483139.0,187783.0,815828.0,4437412.0,4373535.99154813
Gurgaon,2022-12-01,2706666.43,33840.0,2706666.43,651794.43,6307.0,887013.54,1247512.0,567148.24,520671.78,0.0,1361679.0,86701238.45,58134.0,240387.0,1307461.0,4892298.34,65551.0,4890225.01,4892298.34,498.0,2706.0,97226.0,58632.0,243093.0,1404687.0,0.0
Guwahati,2022-01-01,0.0,0.0,0.0,0.0,0.0,0.0,0.0,0.0,0.0,0.0,0.0,0.0,0.0,0.0,0.0,0.0,0.0,0.0,285814.14,0.0,0.0,0.0,0.0,0.0,0.0,2531782.6983335
Guwahati,2022-02-01,0.0,0.0,0.0,0.0,0.0,0.0,0.0,4479.18,0.0,0.0,0.0,0.0,0.0,0.0,0.0,0.0,0.0,0.0,252747.23,0.0,0.0,0.0,0.0,0.0,0.0,2744396.82395238
Guwahati,2022-03-01,0.0,0.0,0.0,134.56,0.0,0.0,0.0,11563.04,0.0,0.0,0.0,0.0,0.0,0.0,0.0,0.0,0.0,0.0,199690.0,0.0,0.0,0.0,0.0,0.0,0.0,2759070.86303554
Guwahati,2022-04-01,0.0,0.0,0.0,105056.6,2.0,147.86,0.0,7410.33,0.0,16755435.0304072,78713.0,5313435.65,5516.0,20380.0,65115.0,160548.3,2250.0,160548.3,160548.3,32.0,160.0,5743.0,5548.0,20540.0,70858.0,2619549.3114737
Guwahati,2022-05-01,0.0,0.0,0.0,107721.7,1004.0,94639.33,0.0,14085.25,0.0,18618942.4541869,110249.0,7413133.16,6110.0,22110.0,72751.0,276688.38,3474.0,276688.38,276688.38,37.0,232.0,7684.0,6147.0,22342.0,80435.0,2631116.61469987
Guwahati,2022-06-01,0.0,0.0,0.0,74.9,737.0,106159.94,95631.0,9727.06,0.0,20726701.3365784,91356.0,4786423.06,5991.0,22358.0,72149.0,503803.91,7708.0,503803.91,503803.91,230.0,1881.0,29179.0,6221.0,24239.0,101328.0,2787320.02763308
Guwahati,2022-07-01,0.0,0.0,0.0,164604.58,0.0,0.0,72072.0,14083.83,0.0,19317282.4161212,77367.0,3831650.41,6938.0,25490.0,84239.0,352661.59,4915.0,352661.59,352661.59,54.0,310.0,17019.0,6992.0,25800.0,101258.0,2277855.28161796
Guwahati,2022-08-01,0.0,0.0,0.0,496.87,1092.0,142399.69,90917.0,14908.73,0.0,17399507.3509942,82043.0,3400184.56,6665.0,23339.0,77526.0,492060.61,8564.0,492060.61,492060.61,55.0,260.0,12293.0,6720.0,23599.0,89819.0,2033904.69798164
Guwahati,2022-09-01,0.0,0.0,0.0,504157.0,3563.0,467724.06,59570.0,8125.66,0.0,15046884.2067927,62634.0,3669518.0,6339.0,23623.0,78333.0,424423.66,6350.0,424423.66,424423.66,62.0,278.0,16994.0,6401.0,23901.0,95327.0,1910537.06631501
Guwahati,2022-10-01,0.0,0.0,0.0,261.23,0.0,0.0,80150.0,9612.76,0.0,14612502.8179585,80151.0,4806117.82,5690.0,23816.0,75321.0,350033.97,4483.0,350033.97,350033.97,37.0,117.0,7368.0,5727.0,23933.0,82689.0,1937697.67964831
Guwahati,2022-11-01,4753.56,43.0,4753.56,14515.29,10.0,2613.92,143155.0,136072.97,0.0,17466800.4749721,148983.0,9137630.75,6813.0,26111.0,82073.0,332493.65,4290.0,332493.65,332493.65,59.0,314.0,12095.0,6872.0,26425.0,94168.0,2295237.23464797
Guwahati,2022-12-01,11484.95,80.0,11484.95,0.0,0.0,0.0,28433.0,0.0,0.0,0.0,23579.0,1749339.76,2139.0,7912.0,25310.0,65157.93,890.0,65157.93,65157.93,19.0,88.0,6729.0,2158.0,8000.0,32039.0,0.0
Gwalior,2022-01-01,0.0,0.0,0.0,0.0,0.0,0.0,0.0,0.0,0.0,0.0,0.0,0.0,0.0,0.0,0.0,0.0,0.0,0.0,115564.005,0.0,0.0,0.0,0.0,0.0,0.0,0.0
Gwalior,2022-02-01,0.0,0.0,0.0,0.0,0.0,0.0,0.0,0.0,0.0,0.0,0.0,0.0,0.0,0.0,0.0,0.0,0.0,0.0,218361.21,0.0,0.0,0.0,0.0,0.0,0.0,225.1
Gwalior,2022-03-01,0.0,0.0,0.0,0.0,0.0,0.0,0.0,0.0,0.0,0.0,0.0,0.0,0.0,0.0,0.0,0.0,0.0,0.0,282915.6,0.0,0.0,0.0,0.0,0.0,0.0,20868.08
Gwalior,2022-04-01,0.0,0.0,0.0,0.0,0.0,0.0,0.0,0.0,0.0,237496.6,69755.0,3489478.27,0.0,0.0,0.0,265718.27,3994.0,265718.27,265718.27,0.0,0.0,0.0,0.0,0.0,0.0,62566.9
Gwalior,2022-05-01,0.0,0.0,0.0,0.0,0.0,0.0,0.0,0.0,0.0,20228.710000000003,56651.0,3023065.32,0.0,0.0,0.0,264121.7,3728.0,264121.7,264121.7,0.0,0.0,0.0,0.0,0.0,0.0,4238.71
Gwalior,2022-06-01,811.18,11.0,811.18,0.0,0.0,0.0,0.0,0.0,102.49,20228.710000000003,56553.0,3233497.44,0.0,0.0,0.0,361734.24,5362.0,361734.24,361734.24,0.0,0.0,0.0,0.0,0.0,0.0,4238.71
Gwalior,2022-07-01,2065.86,46.0,2065.86,0.0,55.0,3230.84,0.0,0.0,135.7,20228.710000000003,61032.0,3479963.97,0.0,0.0,0.0,269001.23,4126.0,269001.23,269001.23,0.0,0.0,0.0,0.0,0.0,0.0,4238.71
Gwalior,2022-08-01,2502.93,22.0,2502.93,0.0,0.0,0.0,0.0,0.0,0.0,20228.710000000003,61695.0,3405465.03,0.0,0.0,0.0,338084.08,5303.0,338084.08,338084.08,0.0,0.0,0.0,0.0,0.0,0.0,4238.71
Gwalior,2022-09-01,824.83,13.0,824.83,0.0,0.0,0.0,0.0,0.0,216.3,20228.710000000003,55782.0,3035317.76,0.0,0.0,0.0,290864.41,4063.0,290864.41,290864.41,0.0,0.0,0.0,0.0,0.0,0.0,4238.71
Gwalior,2022-10-01,776.13,13.0,776.13,0.0,26.0,1600.96,0.0,0.0,2538.79,20228.710000000003,61954.0,3108957.05,0.0,0.0,0.0,247537.7,3635.0,247537.7,247537.7,0.0,0.0,0.0,0.0,0.0,0.0,4238.71
Gwalior,2022-11-01,710.65,11.0,710.65,0.0,11.0,710.65,0.0,0.0,0.0,20228.710000000003,65262.0,3460566.94,0.0,0.0,0.0,284730.88,4590.0,284730.88,284730.88,0.0,0.0,0.0,0.0,0.0,0.0,4238.71
Gwalior,2022-12-01,729.86,12.0,729.86,0.0,0.0,0.0,0.0,0.0,0.0,0.0,17474.0,936725.14,0.0,0.0,0.0,91214.27,821.0,91214.27,91214.27,0.0,0.0,0.0,0.0,0.0,0.0,0.0
Indore,2022-01-01,0.0,0.0,12358.38,284.1,0.0,0.0,0.0,35809.8,237.78,0.0,0.0,0.0,0.0,0.0,0.0,0.0,0.0,0.0,645735.51,0.0,0.0,0.0,0.0,0.0,0.0,5047533.04866113
Indore,2022-02-01,0.0,0.0,33316.02,77.1,0.0,0.0,0.0,3067.94,0.0,0.0,0.0,0.0,0.0,0.0,0.0,0.0,0.0,0.0,1577043.36,0.0,0.0,0.0,0.0,0.0,0.0,4480366.71903085
Indore,2022-03-01,0.0,0.0,53114.51,685469.62,2616.0,418904.09,0.0,320304.23,2010.2,0.0,0.0,0.0,0.0,0.0,0.0,0.0,0.0,0.0,599347.16,0.0,0.0,0.0,0.0,0.0,0.0,4456565.73847548
Indore,2022-04-01,29182.6,338.0,29182.6,493308.96,4920.0,624347.28,0.0,149323.56,501.2,38793048.9443772,196194.0,7965052.13,14393.0,49632.0,186781.0,865899.54,12776.0,865899.54,865899.54,92.0,715.0,32478.0,14485.0,50347.0,219259.0,4024585.13330125
Indore,2022-05-01,37497.24,485.0,37497.24,86330.48,1780.0,104496.94,0.0,53216.4,427.7,39215954.3562043,240966.0,10696319.21,14624.0,50657.0,219495.0,675118.54,10798.0,675118.54,675118.54,216.0,1201.0,78156.0,14840.0,51858.0,297651.0,4120095.10081636
Indore,2022-06-01,44432.34,586.5,44432.34,205750.21,1729.0,179492.0,212281.0,56406.55,2905.89,36484642.998383,246778.0,9734931.36,15662.0,54278.0,197991.0,437875.27,6838.0,437875.27,437875.27,160.0,1718.0,51459.0,15822.0,55996.0,249450.0,4066000.49119811
Indore,2022-07-01,45548.4,617.25,45548.4,369124.72,2646.0,337991.08,287997.0,40588.42,5209.04,33360720.4395605,215237.0,11221534.83,14990.0,53941.0,192022.0,627338.86,9423.0,627338.86,627338.86,151.0,1522.0,57911.0,15141.0,55463.0,249933.0,3518450.16846328
Indore,2022-08-01,39719.31,461.0,39719.31,131934.22,0.0,0.0,150700.0,52870.32,786.99,32608455.6377898,160155.0,7725931.75,10453.0,35024.0,117337.0,531626.23,7743.0,531626.23,531626.23,120.0,1245.0,70402.0,10573.0,36269.0,187739.0,3507438.79424274
Indore,2022-09-01,55768.95,534.0,55768.95,1160373.17,18156.0,2003675.72,228854.0,46574.35,2400.35,27111166.6334637,165213.0,9828796.71,11395.0,37103.0,120851.0,413495.15,8175.0,413495.15,413495.15,211.0,1434.0,57576.0,11606.0,38537.0,178427.0,2942729.25698555
Indore,2022-10-01,78362.43,803.0,78362.43,930574.65,0.0,0.0,145738.0,5687.96,5507.65,28635014.3872874,138270.0,8028997.34,10144.0,33127.0,115198.0,500109.19,7474.0,500109.19,500109.19,159.0,1351.0,59367.0,10303.0,34478.0,174565.0,2984840.39984729
Indore,2022-11-01,107433.9,1027.6,107433.9,1287740.02,20638.0,2097784.99,223639.0,213.94,6229.45,26056416.6481223,228925.0,10045626.34,10493.0,34007.0,120044.0,611436.56,8166.0,611436.56,611436.56,131.0,1234.0,72717.0,10624.0,35241.0,192761.0,2897466.44198039
Indore,2022-12-01,24230.06,274.0,24230.06,708389.12,982.0,343670.54,87949.0,6940.58,2072.3,0.0,101710.0,4785458.1,3343.0,10696.0,37403.0,168390.86,2227.0,162851.43,168390.86,38.0,177.0,17177.0,3381.0,10873.0,54580.0,0.0
JP,2022-01-01,0.0,0.0,0.0,181049.52,0.0,0.0,0.0,0.0,0.0,0.0,0.0,0.0,0.0,0.0,0.0,0.0,0.0,0.0,192012.0,0.0,0.0,0.0,0.0,0.0,0.0,0.0
JP,2022-02-01,0.0,0.0,0.0,0.0,0.0,0.0,0.0,0.0,0.0,0.0,0.0,0.0,0.0,0.0,0.0,0.0,0.0,0.0,114747.13,0.0,0.0,0.0,0.0,0.0,0.0,0.0
JP,2022-03-01,0.0,0.0,0.0,295777.16,0.0,0.0,0.0,2128.2,0.0,0.0,0.0,0.0,0.0,0.0,0.0,0.0,0.0,0.0,318330.08,0.0,0.0,0.0,0.0,0.0,0.0,0.0
JP,2022-04-01,0.0,0.0,0.0,0.0,0.0,0.0,0.0,0.0,0.0,0.0,120978.0,7389385.52,0.0,0.0,0.0,39203.0,146.0,39203.0,39203.0,0.0,0.0,0.0,0.0,0.0,0.0,0.0
JP,2022-05-01,0.0,0.0,0.0,0.0,0.0,0.0,0.0,0.0,0.0,13344598.6067176,129632.0,9223024.5,0.0,0.0,0.0,49769.0,250.0,49769.0,49769.0,0.0,0.0,0.0,0.0,0.0,0.0,1677886.18101902
JP,2022-06-01,0.0,0.0,0.0,0.0,0.0,0.0,0.0,0.0,0.0,13344598.6067176,161163.0,5185593.31,0.0,0.0,0.0,13563.1,150.0,13563.1,13563.1,0.0,0.0,0.0,0.0,0.0,0.0,1677886.18101902
JP,2022-07-01,0.0,0.0,0.0,0.0,0.0,0.0,0.0,0.0,0.0,17597739.984739,122196.0,9471817.55,0.0,0.0,0.0,58967.86,78.0,58967.86,58967.86,0.0,0.0,0.0,0.0,0.0,0.0,2034655.36824423
JP,2022-08-01,0.0,0.0,0.0,0.0,0.0,0.0,0.0,0.0,0.0,17691034.529939,167401.0,7709972.84,0.0,0.0,0.0,161885.1,1961.0,161885.1,161885.1,0.0,0.0,0.0,0.0,0.0,0.0,2278992.35796517
JP,2022-09-01,0.0,0.0,0.0,0.0,0.0,0.0,0.0,0.0,0.0,20088906.6748992,141165.0,7343552.21,0.0,0.0,0.0,39747.0,582.0,39747.0,39747.0,0.0,0.0,0.0,0.0,0.0,0.0,2289669.35296517
JP,2022-10-01,0.0,0.0,0.0,0.0,0.0,0.0,0.0,0.0,0.0,18979139.3286194,61831.0,3747619.75,0.0,0.0,0.0,51725.0,1197.0,51725.0,51725.0,0.0,0.0,0.0,0.0,0.0,0.0,2343906.61796517
JP,2022-11-01,0.0,0.0,0.0,190855.05,0.0,0.0,0.0,0.0,0.0,17272617.1388464,26682.0,4985189.66,0.0,0.0,0.0,14928.5,13.0,14928.5,14928.5,0.0,0.0,0.0,0.0,0.0,0.0,2558603.09306517
JP,2022-12-01,0.0,0.0,0.0,0.0,0.0,0.0,0.0,0.0,0.0,0.0,49788.0,1579982.45,0.0,0.0,0.0,28701.0,42.0,28701.0,28701.0,0.0,0.0,0.0,0.0,0.0,0.0,0.0
Jaipur,2022-01-01,0.0,0.0,1528296.42,0.0,13530.0,2052539.71,0.0,0.0,298248.42,0.0,0.0,0.0,0.0,0.0,0.0,0.0,0.0,0.0,2361403.31,0.0,0.0,0.0,0.0,0.0,0.0,342895.46
Jaipur,2022-02-01,0.0,0.0,1117618.63,0.0,15149.0,2151284.45,0.0,0.0,511839.9,0.0,0.0,0.0,0.0,0.0,0.0,0.0,0.0,0.0,1938063.56,0.0,0.0,0.0,0.0,0.0,0.0,409417.66
Jaipur,2022-03-01,0.0,0.0,1956334.7,0.0,16045.3,2275421.73,0.0,0.0,503425.11,0.0,0.0,0.0,0.0,0.0,0.0,0.0,0.0,0.0,2007525.88,0.0,0.0,0.0,0.0,0.0,0.0,264824.04
Jaipur,2022-04-01,1695350.44,17403.0,1695350.44,0.0,17487.0,2538384.93,0.0,0.0,508264.43,1414291.48461111,644504.0,43005143.87,0.0,0.0,0.0,2029950.41,23119.0,2029950.41,2029950.41,0.0,0.0,0.0,0.0,0.0,0.0,83974.04
Jaipur,2022-05-01,1889645.82,18354.0,1889645.82,0.0,0.0,0.0,0.0,0.0,460110.99,9075.731,620776.0,42294566.23,0.0,0.0,0.0,1567727.24,19333.0,1567727.24,1567727.24,0.0,0.0,0.0,0.0,0.0,0.0,4647.33
Jaipur,2022-06-01,2000308.17,18738.0,2000308.17,0.0,28477.0,4201930.62,0.0,0.0,711998.71,1193429.891,660444.0,45075836.06,0.0,0.0,0.0,1833990.51,21357.0,1833990.51,1833990.51,0.0,0.0,0.0,0.0,0.0,0.0,46243.67
Jaipur,2022-07-01,1859623.94,19398.5,1859623.94,0.0,17043.0,2532456.94,0.0,0.0,605879.24,3300339.191,687357.0,45339356.58,0.0,0.0,0.0,1994385.81,21892.0,1994385.81,1994385.81,0.0,0.0,0.0,0.0,0.0,0.0,257672.33
Jaipur,2022-08-01,1517193.63,15138.2,1517193.63,0.0,20935.5,3089992.47,0.0,0.0,630075.49,3228349.02781818,757873.0,48131114.75,0.0,0.0,0.0,2366371.05,31980.0,2366371.05,2366371.05,0.0,0.0,0.0,0.0,0.0,0.0,268348.06
Jaipur,2022-09-01,1984984.78,20870.0,1984984.78,0.0,13385.2,2049917.24,0.0,0.0,499661.79,3636532.981,734781.0,46296419.5,0.0,0.0,0.0,2310402.72,27335.0,2310402.72,2310402.72,0.0,0.0,0.0,0.0,0.0,0.0,260279.27
Jaipur,2022-10-01,1689291.79,18936.0,1689291.79,0.0,17805.0,2567875.12,0.0,0.0,471964.28,3739214.821,748434.0,47489746.49,0.0,0.0,0.0,1702176.96,20400.0,1702176.96,1702176.96,0.0,0.0,0.0,0.0,0.0,0.0,263182.53
Jaipur,2022-11-01,2170433.57,23521.0,2170433.57,0.0,30476.0,4112646.27,0.0,0.0,581453.86,4026982.841,692746.0,45383974.72,0.0,0.0,0.0,2389937.83,25983.0,2389937.83,2389937.83,0.0,0.0,0.0,0.0,0.0,0.0,258534.38
Jaipur,2022-12-01,331021.72,3953.0,331021.72,0.0,6111.0,867976.3,0.0,0.0,177414.48,0.0,181266.0,13073737.07,0.0,0.0,0.0,465678.71,4854.0,465678.71,465678.71,0.0,0.0,0.0,0.0,0.0,0.0,0.0
Jamshedpur,2022-01-01,0.0,0.0,0.0,0.0,0.0,0.0,0.0,0.0,0.0,0.0,0.0,0.0,0.0,0.0,0.0,0.0,0.0,0.0,209741.07,0.0,0.0,0.0,0.0,0.0,0.0,4183744.45786959
Jamshedpur,2022-02-01,0.0,0.0,0.0,0.0,181.0,11181.98,0.0,0.0,0.0,0.0,0.0,0.0,0.0,0.0,0.0,0.0,0.0,0.0,174422.13,0.0,0.0,0.0,0.0,0.0,0.0,4330128.48415346
Jamshedpur,2022-03-01,0.0,0.0,0.0,85959.93,0.0,0.0,0.0,10675.15,0.0,0.0,0.0,0.0,0.0,0.0,0.0,0.0,0.0,0.0,226821.27,0.0,0.0,0.0,0.0,0.0,0.0,4407285.8575184
Jamshedpur,2022-04-01,0.0,0.0,0.0,34316.03,2493.0,172783.84,0.0,34920.43,0.0,22551371.1270169,83973.0,5260193.65,7488.0,25012.0,90641.64,434226.2,5100.0,434226.2,434226.2,0.0,0.0,0.0,7488.0,25012.0,90641.64,4224477.69964264
Jamshedpur,2022-05-01,0.0,0.0,0.0,16828.82,0.0,0.0,0.0,19618.38,0.0,23531932.8380353,121006.0,6714927.17,8079.0,27052.0,109529.0,361118.09,5036.0,361118.09,361118.09,0.0,0.0,0.0,8079.0,27052.0,109529.0,4169619.10253175
Jamshedpur,2022-06-01,0.0,0.0,0.0,814785.46,2571.0,272346.9,83406.0,12846.77,0.0,23786467.6550612,112958.0,5201116.99,8548.0,26898.0,110083.0,255131.17,3111.0,255131.17,255131.17,0.0,0.0,0.0,8548.0,26898.0,110083.0,4043553.97516149
Jamshedpur,2022-07-01,0.0,0.0,0.0,221687.88,9642.0,782320.84,40454.0,93.7,0.0,22528992.4988872,198037.0,8690831.37,9692.0,30546.0,132461.0,355004.17,4610.0,355004.17,355004.17,0.0,0.0,0.0,9692.0,30546.0,132461.0,3484819.04375853
Jamshedpur,2022-08-01,6560.49,68.0,6560.49,13760.19,1.0,89.85,68474.0,27134.63,0.0,21269777.975167,85689.0,4158930.4,8274.0,25080.0,108813.0,416826.34,5591.0,416826.34,416826.34,2.0,4.0,1000.0,8276.0,25084.0,109813.0,3450323.09659178
Jamshedpur,2022-09-01,32988.62,337.0,32988.62,307923.51,3790.0,428520.53,68955.0,30891.23,476.66,25490814.6495605,173833.0,7580750.62,8727.0,28319.0,148792.0,454040.37,5866.0,454040.37,454040.37,4.0,7.0,1330.0,8731.0,28326.0,150122.0,3606281.19992516
Jamshedpur,2022-10-01,23384.49,181.5,23384.49,3511.34,255.0,30827.86,55430.0,12092.75,138.98,25076007.5648345,129453.0,5747206.37,7760.0,26561.0,124115.0,410706.85,6582.0,410706.85,410706.85,2.0,2.0,1500.0,7762.0,26563.0,125615.0,3357655.89559203
Jamshedpur,2022-11-01,11351.9,84.0,11351.9,346362.89,2364.0,340336.14,61081.0,82913.65,0.0,24256679.1536111,91466.0,3970228.9,1732.0,12058.0,294223.4,213736.63,3299.0,213736.63,213736.63,217.0,589.0,102623.0,1949.0,12647.0,396846.4,3270321.58292521
Jamshedpur,2022-12-01,0.0,0.0,0.0,0.0,777.0,95489.47,2.0,0.0,0.0,0.0,796.0,48888.44,125.0,3927.0,42818.0,676.12,19.0,676.12,676.12,169.0,1039.0,35170.0,294.0,4966.0,77988.0,0.0
Jhansi,2022-09-01,0.0,0.0,0.0,0.0,0.0,0.0,117102.0,0.0,0.0,0.0,146290.0,13395074.22,2.0,3.0,8.0,288.45,8.0,288.45,288.45,0.0,0.0,0.0,2.0,3.0,8.0,0.0
Jhansi,2022-10-01,0.0,0.0,0.0,0.0,0.0,0.0,54443.0,2713.34,0.0,14184713.625,44640.0,1628856.09,1675.0,5207.0,19629.0,96838.06,1452.0,96838.06,96838.06,0.0,0.0,0.0,1675.0,5207.0,19629.0,6112611.12
Jhansi,2022-11-01,0.0,0.0,0.0,5365.26,0.0,0.0,29826.0,5191.56,0.0,13817376.999,31127.0,1892193.43,3259.0,8690.0,29615.0,129558.38,2120.0,129558.38,129558.38,0.0,0.0,0.0,3259.0,8690.0,29615.0,6564881.43
Jhansi,2022-12-01,0.0,0.0,0.0,0.0,0.0,0.0,10489.0,454.78,0.0,0.0,13289.0,689045.05,1009.0,2485.0,8567.0,22797.26,288.0,22797.26,22797.26,0.0,0.0,0.0,1009.0,2485.0,8567.0,0.0
Jodhpur,2022-01-01,0.0,0.0,939.57,0.0,0.0,0.0,0.0,0.0,2039.7,0.0,0.0,0.0,0.0,0.0,0.0,0.0,0.0,0.0,507614.71,0.0,0.0,0.0,0.0,0.0,0.0,7530.73
Jodhpur,2022-02-01,0.0,0.0,4113.54,0.0,0.0,0.0,0.0,0.0,1637.15,0.0,0.0,0.0,0.0,0.0,0.0,0.0,0.0,0.0,354724.19,0.0,0.0,0.0,0.0,0.0,0.0,9591.65
Jodhpur,2022-03-01,0.0,0.0,3081.37,0.0,79.0,7973.32,0.0,0.0,1308.97,0.0,0.0,0.0,0.0,0.0,0.0,0.0,0.0,0.0,417560.11,0.0,0.0,0.0,0.0,0.0,0.0,0.0
Jodhpur,2022-04-01,1608.88,22.0,1608.88,0.0,0.0,0.0,0.0,0.0,1280.92,38608.7,131650.0,6284839.04,0.0,0.0,0.0,467413.84,8063.0,467413.84,467413.84,0.0,0.0,0.0,0.0,0.0,0.0,8358.75
Jodhpur,2022-05-01,5148.24,43.0,5148.24,0.0,0.0,0.0,0.0,0.0,782.65,7914.45,109431.0,5304864.2,0.0,0.0,0.0,457674.06,9536.0,457674.06,457674.06,0.0,0.0,0.0,0.0,0.0,0.0,5543.07
Jodhpur,2022-06-01,3614.7,59.0,3614.7,0.0,0.0,0.0,0.0,0.0,323.82,13411.75,114130.0,5742493.43,0.0,0.0,0.0,436156.92,7107.0,436156.92,436156.92,0.0,0.0,0.0,0.0,0.0,0.0,517.37
Jodhpur,2022-07-01,15838.58,212.0,15838.58,0.0,359.0,45022.48,0.0,0.0,4843.88,195400.71,151320.0,7004327.59,0.0,0.0,0.0,498826.8,8230.0,498826.8,498826.8,0.0,0.0,0.0,0.0,0.0,0.0,1076.12
Jodhpur,2022-08-01,14985.18,215.0,14985.18,0.0,4.0,789.2,0.0,0.0,9846.53,37132.56,168725.0,7514753.5,1.0,9.0,209.0,598871.05,12117.0,598871.05,598871.05,0.0,0.0,0.0,1.0,9.0,209.0,0.0
Jodhpur,2022-09-01,15988.35,180.0,15988.35,0.0,0.0,0.0,0.0,0.0,4559.94,50718.61,166825.0,7622228.67,0.0,0.0,0.0,695580.41,11020.0,695580.41,695580.41,0.0,0.0,0.0,0.0,0.0,0.0,0.0
Jodhpur,2022-10-01,26264.13,439.0,26264.13,0.0,0.0,0.0,0.0,0.0,6160.38,142020.07,155738.0,7282007.0,0.0,0.0,0.0,518926.67,9055.0,518926.67,518926.67,0.0,0.0,0.0,0.0,0.0,0.0,0.0
Jodhpur,2022-11-01,16176.65,329.0,16176.65,0.0,918.0,92380.17,0.0,0.0,1936.26,66981.48,164512.0,8017335.76,7.0,27.0,1176.0,615589.7,10041.0,615589.7,615589.7,0.0,0.0,0.0,7.0,27.0,1176.0,0.0
Jodhpur,2022-12-01,17952.45,181.0,17952.45,0.0,0.0,0.0,0.0,0.0,807.05,0.0,42856.0,2105331.44,0.0,0.0,0.0,170014.11,2851.0,170014.11,170014.11,0.0,0.0,0.0,0.0,0.0,0.0,0.0
Kota,2022-01-01,0.0,0.0,87.3,0.0,0.0,0.0,0.0,0.0,234.61,0.0,0.0,0.0,0.0,0.0,0.0,0.0,0.0,0.0,385898.75,0.0,0.0,0.0,0.0,0.0,0.0,82833.36
Kota,2022-02-01,0.0,0.0,2824.77,0.0,0.0,0.0,0.0,0.0,145.76,0.0,0.0,0.0,0.0,0.0,0.0,0.0,0.0,0.0,247915.79,0.0,0.0,0.0,0.0,0.0,0.0,44024.84
Kota,2022-03-01,0.0,0.0,1640.81,0.0,0.0,0.0,0.0,0.0,2387.05,0.0,0.0,0.0,0.0,0.0,0.0,0.0,0.0,0.0,376881.72,0.0,0.0,0.0,0.0,0.0,0.0,34261.55
Kota,2022-04-01,1624.81,24.0,1624.81,0.0,0.0,0.0,0.0,0.0,534.4,160255.89,99545.0,5240841.06,0.0,0.0,0.0,306436.38,4487.0,306436.38,306436.38,0.0,0.0,0.0,0.0,0.0,0.0,41619.71
Kota,2022-05-01,913.46,9.0,913.46,0.0,0.0,0.0,0.0,0.0,109.31,112273.15,82120.0,4436549.37,0.0,0.0,0.0,288074.64,4085.0,288074.64,288074.64,0.0,0.0,0.0,0.0,0.0,0.0,30702.7
Kota,2022-06-01,6067.56,71.0,6067.56,0.0,0.0,0.0,0.0,0.0,91.0,23403.56,74366.0,4184769.41,0.0,0.0,0.0,333015.05,4520.0,333015.05,333015.05,0.0,0.0,0.0,0.0,0.0,0.0,17400.0
Kota,2022-07-01,6494.37,41.0,6494.37,0.0,0.0,0.0,0.0,0.0,0.0,116055.73,89669.0,4902883.41,0.0,0.0,0.0,349303.67,5552.0,349303.67,349303.67,0.0,0.0,0.0,0.0,0.0,0.0,1237.9
Kota,2022-08-01,7053.14,75.0,7053.14,0.0,232.0,36285.74,0.0,0.0,206.7,46816.88,83716.0,4044763.98,0.0,0.0,0.0,357548.81,6221.0,357548.81,357548.81,0.0,0.0,0.0,0.0,0.0,0.0,720.18
Kota,2022-09-01,7006.75,79.0,7006.75,0.0,0.0,0.0,0.0,0.0,0.0,53764.98,79353.0,4100246.37,0.0,0.0,0.0,435263.98,6090.0,435263.98,435263.98,0.0,0.0,0.0,0.0,0.0,0.0,272.3
Kota,2022-10-01,11607.89,113.0,11607.89,0.0,0.0,0.0,0.0,0.0,4026.25,78953.78,75995.0,3883101.3,0.0,0.0,0.0,286528.75,4014.0,286528.75,286528.75,0.0,0.0,0.0,0.0,0.0,0.0,0.0
Kota,2022-11-01,16522.48,170.0,16522.48,0.0,0.0,0.0,0.0,0.0,2940.92,194189.16,77407.0,4130515.19,0.0,0.0,0.0,382824.91,6944.0,382824.91,382824.91,0.0,0.0,0.0,0.0,0.0,0.0,1357.62
Kota,2022-12-01,2029.8,17.0,2029.8,0.0,0.0,0.0,0.0,0.0,0.0,0.0,24420.0,1196767.74,0.0,0.0,0.0,112803.95,1630.0,112803.95,112803.95,0.0,0.0,0.0,0.0,0.0,0.0,0.0
Lucknow,2022-01-01,0.0,0.0,1342489.89,529929.28,23433.0,2222819.78,0.0,64587.34,42759.27,0.0,0.0,0.0,0.0,0.0,0.0,0.0,0.0,0.0,1854709.41,0.0,0.0,0.0,0.0,0.0,0.0,4590529.77263419
Lucknow,2022-02-01,0.0,0.0,1462319.71,570061.05,20017.0,1896205.63,0.0,99303.39,93219.26,0.0,0.0,0.0,0.0,0.0,0.0,0.0,0.0,0.0,2434276.86,0.0,0.0,0.0,0.0,0.0,0.0,4643101.04501353
Lucknow,2022-03-01,0.0,0.0,723541.9,493137.5,38691.0,3702452.54,0.0,133240.42,68418.57,0.0,0.0,0.0,0.0,0.0,0.0,0.0,0.0,0.0,2772665.74,0.0,0.0,0.0,0.0,0.0,0.0,4340113.36861032
Lucknow,2022-04-01,969730.75,12034.0,969730.75,209170.23,5490.0,521223.93,0.0,167764.13,112512.0,108712275.801739,1234199.0,81275911.25,20316.0,153329.0,861349.0,3992039.69,43474.0,3992039.69,3992039.69,647.0,7650.0,153385.0,20963.0,160979.0,1014734.0,4391078.81700047
Lucknow,2022-05-01,600697.77,7344.0,600697.77,825817.62,31770.0,3102895.1,0.0,277896.73,78130.93,120652879.456853,1120442.0,85908405.8,21221.0,158721.0,829265.0,4102996.77,44389.0,4102996.77,4102996.77,619.0,5804.0,155609.0,21840.0,164525.0,984874.0,4989982.52062848
Lucknow,2022-06-01,1954261.55,24456.0,1954261.55,780806.57,1276.0,221569.63,866772.0,231054.09,214254.17,119242776.586283,889378.0,64250219.1,20417.0,156065.0,859348.0,4471927.35,50487.0,4471927.35,4471927.35,558.0,4172.0,241163.0,20975.0,160237.0,1100511.0,4876392.34357649
Lucknow,2022-07-01,186378.02,2413.0,186378.02,652749.52,27453.0,2693803.25,780559.0,114544.64,82772.02,106069931.714463,749981.0,58756756.88,20427.0,155496.0,822878.0,6693490.19,70697.0,6693490.19,6693490.19,430.0,2985.0,157271.0,20857.0,158481.0,980149.0,3319744.94114486
Lucknow,2022-08-01,1850499.42,24782.0,1850499.42,973842.69,671.0,87867.03,1140159.0,128389.07,224031.55,101923560.843442,1200461.0,79624538.96,19256.0,145275.0,772080.0,3696620.46,43154.0,3696620.46,3696620.46,553.0,3996.0,238623.0,19809.0,149271.0,1010703.0,3218724.87528835
Lucknow,2022-09-01,278676.45,3652.0,278676.45,807067.61,36666.0,3662739.07,1402167.0,97107.58,69985.91,106402281.289933,1328352.0,89745704.02,19922.0,156834.0,1042342.0,5928545.0,61172.0,5928545.0,5928545.0,806.0,5474.0,322745.0,20728.0,162308.0,1365087.0,4424917.20832722
Lucknow,2022-10-01,2138341.66,27242.0,2138341.66,341749.31,2393.0,286871.73,1142306.0,73749.15,298498.14,104726186.720638,1180734.0,74072315.05,19694.0,159916.0,937976.0,3486371.22,37175.0,3486371.22,3486371.22,598.0,3220.0,215016.0,20292.0,163136.0,1152992.0,3784001.3936306
Lucknow,2022-11-01,314117.94,4099.0,314117.94,919759.52,43983.0,3971213.47,1441665.0,48654.39,53889.21,108408794.489818,1412734.0,102983457.5,21731.0,170887.0,984827.0,6359976.45,64668.0,6359976.45,6359976.45,737.0,5086.0,404321.0,22468.0,175973.0,1389148.0,6929456.9131027
Lucknow,2022-12-01,294638.62,3860.0,294638.62,238404.46,10172.0,1469902.65,460194.0,23789.81,57353.83,0.0,598047.0,40768809.17,5572.0,42062.0,305770.0,928840.57,10084.0,928840.57,928840.57,234.0,1427.0,93967.0,5806.0,43489.0,399737.0,0.0
Mahaveer,2022-04-01,0.0,0.0,0.0,0.0,0.0,0.0,0.0,0.0,0.0,0.0,0.0,0.0,162124.0,1680451.0,7090002.0,0.0,0.0,0.0,0.0,0.0,0.0,0.0,162124.0,1680451.0,7090002.0,0.0
Mahaveer,2022-05-01,0.0,0.0,0.0,0.0,0.0,0.0,0.0,0.0,0.0,0.0,0.0,0.0,174179.0,1769109.0,6764847.0,0.0,0.0,0.0,0.0,0.0,0.0,0.0,174179.0,1769109.0,6764847.0,0.0
Mahaveer,2022-06-01,217.0606,2.0,0.0,0.0,0.0,0.0,8260488.0,0.0,0.0,0.0,340743987.76,0.0,191340.0,1964975.0,8131629.0,12182411.56776,125013.0,12182411.56776,0.0,0.0,0.0,0.0,191340.0,1964975.0,8131629.0,0.0
Mahaveer,2022-07-01,363.89,3.0,0.0,0.0,0.0,0.0,9846327.0,0.0,0.0,0.0,411404086.105,0.0,208837.0,2206488.0,9661064.0,11567978.501615,109170.0,11567978.501615,0.0,0.0,0.0,0.0,208837.0,2206488.0,9661064.0,0.0
Mahaveer,2022-08-01,0.0,0.0,0.0,0.0,0.0,0.0,10030500.0,0.0,0.0,0.0,412385151.82,0.0,207965.0,2281662.0,10153912.0,12659710.409732,112961.0,12659710.409732,0.0,0.0,0.0,0.0,207965.0,2281662.0,10153912.0,0.0
Mahaveer,2022-09-01,0.0,0.0,0.0,0.0,0.0,0.0,9575434.0,0.0,0.0,0.0,394503539.85,0.0,208233.0,2251297.0,9403633.0,14171089.723813,121974.0,14171089.723813,0.0,0.0,0.0,0.0,208233.0,2251297.0,9403633.0,0.0
Mahaveer,2022-10-01,0.0,0.0,0.0,0.0,0.0,0.0,8347691.0,0.0,0.0,0.0,322772778.865,0.0,195892.0,2145326.0,8498356.0,13022774.957872,113406.0,13022774.957872,0.0,0.0,0.0,0.0,195892.0,2145326.0,8498356.0,0.0
Mahaveer,2022-11-01,0.0,0.0,0.0,0.0,0.0,0.0,9101967.0,0.0,0.0,0.0,435400947.27,0.0,198699.0,2104915.0,9000564.0,13951120.0295,112217.0,13951120.0295,0.0,0.0,0.0,0.0,198699.0,2104915.0,9000564.0,0.0
Mahaveer,2022-12-01,0.0,0.0,0.0,0.0,0.0,0.0,3216388.0,0.0,0.0,0.0,114474553.385,0.0,64353.0,713362.0,3192982.0,2701472.542964,22431.0,2701472.542964,0.0,0.0,0.0,0.0,64353.0,713362.0,3192982.0,0.0
Nagpur,2022-01-01,0.0,0.0,0.0,0.0,0.0,0.0,0.0,667.03,0.0,0.0,0.0,0.0,0.0,0.0,0.0,0.0,0.0,0.0,154858.06,0.0,0.0,0.0,0.0,0.0,0.0,1887405.68928361
Nagpur,2022-02-01,0.0,0.0,0.0,63.87,0.0,0.0,0.0,11973.99,0.0,0.0,0.0,0.0,0.0,0.0,0.0,0.0,0.0,0.0,791514.94,0.0,0.0,0.0,0.0,0.0,0.0,1880987.9324993
Nagpur,2022-03-01,0.0,0.0,0.0,0.0,0.0,0.0,0.0,11848.63,0.0,0.0,0.0,0.0,0.0,0.0,0.0,0.0,0.0,0.0,1055729.17,0.0,0.0,0.0,0.0,0.0,0.0,1889824.99924276
Nagpur,2022-04-01,0.0,0.0,0.0,389402.17,3068.0,417376.11,0.0,27358.91,0.0,18743022.0876825,329340.0,14269165.84,8095.0,42032.0,122905.0,567844.7,7785.0,567844.7,567844.7,34.0,34.0,56934.0,8129.0,42066.0,179839.0,1832391.35625599
Nagpur,2022-05-01,261.34,3.0,261.34,457774.01,3888.0,457545.61,0.0,10335.04,0.0,27692299.7528527,226305.0,14479932.33,9851.0,52100.0,152992.0,1237307.7,17686.0,1237307.7,1237307.7,40.0,181.0,14434.0,9891.0,52281.0,167426.0,1213406.06779066
Nagpur,2022-06-01,188.34,3.0,188.34,12483.6,76.0,12393.39,267307.0,9344.21,0.0,32560766.2826916,296720.0,15277820.97,10501.0,60487.0,166095.0,579165.62,8543.0,579165.62,579165.62,130.0,1256.0,34120.0,10631.0,61743.0,200215.0,1315140.72890072
Nagpur,2022-07-01,1277.91,8.0,1277.91,0.0,0.0,0.0,203155.0,14736.5,0.0,31919883.7459903,207056.0,10573831.26,11931.0,69025.0,187117.0,502372.46,10918.0,502372.46,502372.46,141.0,590.0,144951.0,12072.0,69615.0,332068.0,1294285.3408709
Nagpur,2022-08-01,2904.65,23.0,2904.65,207847.15,2140.0,211953.44,297067.0,11014.46,0.0,29020746.7974889,374041.0,14371276.8,11204.0,65953.0,176447.0,794036.52,31717.0,794036.52,794036.52,177.0,918.0,214725.0,11381.0,66871.0,391172.0,1199374.9031578
Nagpur,2022-09-01,5808.62,59.0,5808.62,195632.03,755.0,157302.64,320613.0,8197.09,1545.32,26505134.8385242,308086.0,13326867.06,10077.0,57058.0,150746.0,677161.15,8428.0,677161.15,677161.15,202.0,1045.0,201765.0,10279.0,58103.0,352511.0,1687583.9931578
Nagpur,2022-10-01,6655.35,46.0,6655.35,16450.82,70.0,15359.34,231344.0,10464.97,161.91,26699899.8752669,221797.0,12145342.62,9664.0,57733.0,151806.0,584183.79,17998.0,584183.79,584183.79,69.0,443.0,66298.0,9733.0,58176.0,218104.0,1666496.07615786
Nagpur,2022-11-01,12049.31,154.0,12049.31,680438.36,7987.0,703307.73,342580.0,14478.28,0.0,29632825.6212273,361826.0,16934215.19,12589.0,59007.0,147546.0,553493.18,14563.0,553493.18,553493.18,116.0,539.0,93693.0,12705.0,59546.0,241239.0,2150543.20255787
Nagpur,2022-12-01,575.75,5.0,575.75,427788.74,4383.0,430395.61,91225.0,1969.55,0.0,0.0,92081.0,4401366.67,3631.0,18556.0,49631.0,137064.43,2297.0,137064.43,137064.43,61.0,440.0,42194.0,3692.0,18996.0,91825.0,0.0
Nashik,2022-04-01,0.0,0.0,0.0,0.0,0.0,0.0,0.0,0.0,0.0,0.0,155231.0,13539556.37,434.0,1234.0,3845.0,30383.52,542.0,30383.52,30383.52,4.0,9.0,30.0,438.0,1243.0,3875.0,0.0
Nashik,2022-05-01,0.0,0.0,0.0,142.04,0.0,0.0,0.0,1795.43,0.0,14048400.1965281,22323.0,1757009.32,1828.0,5867.0,15341.0,58239.8,837.0,58239.8,58239.8,6.0,21.0,25.0,1834.0,5888.0,15366.0,3462620.87000012
Nashik,2022-06-01,0.0,0.0,0.0,6598.66,0.0,0.0,26240.0,3681.53,0.0,13888738.0238803,30574.0,1527714.45,3654.0,11125.0,27051.0,124968.89,1644.0,124968.89,124968.89,32.0,89.0,181.0,3686.0,11214.0,27232.0,3572316.25500012
Nashik,2022-07-01,0.0,0.0,0.0,0.0,0.0,0.0,50513.0,22558.77,0.0,13915918.5357085,44809.0,2224314.44,5548.0,17793.0,42430.0,145834.84,1479.0,145834.84,145834.84,56.0,166.0,470.0,5604.0,17959.0,42900.0,3724137.78000012
Nashik,2022-08-01,0.0,0.0,0.0,117362.33,0.0,0.0,68267.0,9245.87,0.0,13386690.7501881,58524.0,3232565.64,6614.0,22541.0,56854.0,186393.0,2057.0,186393.0,186393.0,64.0,147.0,1099.0,6678.0,22688.0,57953.0,3717770.67000012
Nashik,2022-09-01,0.0,0.0,0.0,62192.75,1512.0,186449.19,99235.0,10909.45,0.0,10790006.8133424,133224.0,5318716.11,6144.0,20245.0,51780.0,140381.6,1619.0,140381.6,140381.6,231.0,873.0,10710.0,6375.0,21118.0,62490.0,636204.53600002
Nashik,2022-10-01,0.0,0.0,0.0,270322.73,0.0,0.0,280046.0,5123.85,0.0,13429107.3120371,294961.0,7430916.7,6028.0,20807.0,54418.0,153113.74,2205.0,153113.74,153113.74,539.0,1688.0,192483.0,6567.0,22495.0,246901.0,880990.19100002
Nashik,2022-11-01,0.0,0.0,0.0,0.0,1635.0,288680.66,245373.0,6683.72,0.0,13174436.186245,198574.0,6088172.84,6720.0,22055.0,57315.0,311292.61,6035.0,311292.61,311292.61,902.0,2930.0,151900.0,7622.0,24985.0,209215.0,783734.60499986
Nashik,2022-12-01,0.0,0.0,0.0,123175.21,967.0,120725.49,26724.0,1901.0,0.0,0.0,8492.0,529231.51,1983.0,6428.0,17079.0,105213.02,4567.0,105213.02,105213.02,347.0,1213.0,21697.0,2330.0,7641.0,38776.0,0.0
Patna,2022-01-01,0.0,0.0,0.0,306181.03,305.0,27617.27,0.0,11637.98,0.0,0.0,0.0,0.0,0.0,0.0,0.0,0.0,0.0,0.0,561387.93,0.0,0.0,0.0,0.0,0.0,0.0,5552504.41616193
Patna,2022-02-01,0.0,0.0,1011.75,1387.58,0.0,0.0,0.0,26256.45,0.0,0.0,0.0,0.0,0.0,0.0,0.0,0.0,0.0,0.0,506612.94,0.0,0.0,0.0,0.0,0.0,0.0,5234745.64205897
Patna,2022-03-01,0.0,0.0,2768.77,847330.65,4626.0,533199.96,0.0,42877.1,55.12,0.0,0.0,0.0,0.0,0.0,0.0,0.0,0.0,0.0,1252938.81,0.0,0.0,0.0,0.0,0.0,0.0,5098654.88483104
Patna,2022-04-01,1869.63,30.0,1869.63,24359.67,505.0,41183.86,0.0,9514.41,129.46,34931002.8078429,268723.0,8436296.39,12721.0,34477.0,131183.0,573139.08,9817.0,573139.08,573139.08,115.0,682.0,42063.0,12836.0,35159.0,173246.0,5132068.11181922
Patna,2022-05-01,5503.85,55.0,5503.85,1290.2,3109.0,277526.19,0.0,7407.16,1669.79,36750735.2328556,221891.0,9659892.65,12989.0,37373.0,141861.0,780826.19,15913.0,780826.19,780826.19,170.0,814.0,66935.0,13159.0,38187.0,208796.0,5224548.29948593
Patna,2022-06-01,5776.13,54.0,5776.13,334961.1,0.0,0.0,244318.0,11126.17,669.9,36988027.4812727,147999.0,5783836.98,14003.0,38465.0,144536.0,985949.86,14030.0,985949.86,985949.86,177.0,1097.0,105914.0,14180.0,39562.0,250450.0,5386916.96726608
Patna,2022-07-01,7145.99,78.0,7145.99,12184.79,0.0,0.0,404874.0,35906.52,220.36,31612870.9436175,149525.0,7012263.13,16963.0,43961.0,164649.0,823268.02,13541.0,823268.02,823268.02,167.0,1252.0,258885.0,17130.0,45213.0,423534.0,5169073.84676598
Patna,2022-08-01,7946.34,92.0,7946.34,499766.88,3521.0,423588.84,227632.0,41628.19,225.64,28910972.2791532,174497.0,5867641.38,14057.0,36848.0,132316.0,511612.19,9181.0,511612.19,511612.19,161.0,912.0,103970.0,14218.0,37760.0,236286.0,5131531.68793284
Patna,2022-09-01,6803.69,81.0,6803.69,1340403.71,13417.0,1453369.26,274961.0,31605.54,0.0,28161047.9730122,178579.0,7393968.17,12781.0,33817.0,128040.0,843529.11,18115.0,843529.11,843529.11,186.0,845.0,87640.0,12967.0,34662.0,215680.0,4419896.73543803
Patna,2022-10-01,8427.71,119.0,8427.71,574371.92,10676.0,872769.71,219117.0,13243.44,0.0,25302148.0597365,177355.0,5810022.25,12108.0,32791.0,136164.5,448130.92,8658.0,448130.92,448130.92,136.0,504.0,107482.0,12244.0,33295.0,243646.5,4142516.28880143
Patna,2022-11-01,22792.65,257.0,22792.65,268655.0,4583.0,376648.22,170345.0,18519.45,788.04,24861363.4950941,193154.0,6606569.51,12606.0,33321.0,125191.0,331470.13,5337.0,331470.13,331470.13,116.0,683.0,44422.0,12722.0,34004.0,169613.0,4025613.95107412
Patna,2022-12-01,4965.83,46.0,4965.83,863459.19,6269.0,824240.56,6492.0,5307.99,279.66,0.0,53580.0,1556798.18,3639.0,9220.0,33933.0,112462.81,2129.0,112462.81,112462.81,43.0,248.0,21893.0,3682.0,9468.0,55826.0,0.0
Pondy,2022-01-01,0.0,0.0,0.0,2531.54,22.0,3938.0,0.0,8523.49,0.0,0.0,0.0,0.0,0.0,0.0,0.0,0.0,0.0,0.0,541670.37,0.0,0.0,0.0,0.0,0.0,0.0,2219622.70541443
Pondy,2022-02-01,0.0,0.0,535.81,250.5,0.0,0.0,0.0,27138.2,0.0,0.0,0.0,0.0,0.0,0.0,0.0,0.0,0.0,0.0,1368838.69,0.0,0.0,0.0,0.0,0.0,0.0,2367400.51630084
Pondy,2022-03-01,0.0,0.0,34.1,173894.23,0.0,0.0,0.0,36366.64,1305.86,0.0,0.0,0.0,0.0,0.0,0.0,0.0,0.0,0.0,1477477.79,0.0,0.0,0.0,0.0,0.0,0.0,2250266.483827
Pondy,2022-04-01,497529.05,6608.35,497529.05,37607.0,0.0,0.0,0.0,28874.43,156345.24,50424628.6323584,587344.0,36817384.11,14375.0,126652.0,611255.0,715822.12,6388.0,715822.12,715822.12,77.0,268.0,23575.0,14452.0,126920.0,634830.0,1988146.34702451
Pondy,2022-05-01,251701.48,3296.0,251701.48,94079.95,8600.0,1153842.64,0.0,27903.55,119.9,53729872.6679765,771107.0,50547810.16,13546.0,126554.0,590048.0,1354810.87,13619.0,1354810.87,1354810.87,63.0,286.0,46364.0,13609.0,126840.0,636412.0,1343113.111012
Pondy,2022-06-01,18042.71,231.0,18042.71,218.43,0.0,0.0,558847.0,25142.8,0.0,57257552.9128155,669414.0,42730623.51,13378.0,122333.0,621192.0,1320431.34,26544.0,1320431.34,1320431.34,43.0,155.0,12924.0,13421.0,122488.0,634116.0,1295753.07665513
Pondy,2022-07-01,284320.84,3536.0,284320.84,359057.51,5116.0,600498.14,1719737.0,36653.34,1515.66,59426356.5488206,1433425.8,89996276.63,13149.0,119498.0,577457.0,9018197.47,125815.0,9018197.47,9018197.47,105.0,7579.0,165633.0,13254.0,127077.0,743090.0,1465383.62
Pondy,2022-08-01,361546.35,4304.0,361546.35,182182.9,9505.0,1313866.01,638662.0,24524.88,6995.18,49856534.9235369,669960.0,42802312.0,15932.0,143388.0,663879.0,1213984.99,12692.0,1213984.99,1213984.99,77.0,258.0,31599.0,16009.0,143646.0,695478.0,1403834.78000086
Pondy,2022-09-01,260910.93,2976.0,260910.93,270288.18,11476.0,1201540.66,821878.0,39956.22,2196.7,53270556.2134765,854347.0,56115311.69,15494.0,139408.0,705339.0,3070818.56,44474.0,3070818.56,3070818.56,102.0,487.0,67673.0,15596.0,139895.0,773012.0,1181462.36666738
Pondy,2022-10-01,78609.58,944.0,78609.58,434279.68,2940.0,256988.42,743660.0,38364.56,11192.86,55959329.7473437,564657.0,36493237.77,14751.0,136467.0,639589.0,1548283.92,25424.0,1548283.92,1548283.92,72.0,211.0,17672.0,14823.0,136678.0,657261.0,951534.86666702
Pondy,2022-11-01,181709.46,2328.0,181709.46,126217.26,12229.0,1237678.12,711138.0,41862.21,87653.15,55047476.8899823,782924.0,49854799.47,14920.0,138755.0,676582.0,1825891.46,53853.0,1825891.46,1825891.46,65.0,253.0,64734.0,14985.0,139008.0,741316.0,1077445.79666647
Pondy,2022-12-01,204.24,3.0,204.24,13431.04,0.0,0.0,191119.0,28282.08,0.0,0.0,224976.0,16034333.47,4453.0,41788.0,192790.0,801509.87,11147.0,801509.87,801509.87,61.0,174.0,55758.0,4514.0,41962.0,248548.0,0.0
Prayagraj,2022-01-01,0.0,0.0,0.0,41779.8,0.0,0.0,0.0,9083.68,0.0,0.0,0.0,0.0,0.0,0.0,0.0,0.0,0.0,0.0,47803.75,0.0,0.0,0.0,0.0,0.0,0.0,4722883.58083268
Prayagraj,2022-02-01,0.0,0.0,0.0,161905.96,938.0,59109.87,0.0,13270.01,0.0,0.0,0.0,0.0,0.0,0.0,0.0,0.0,0.0,0.0,74530.77,0.0,0.0,0.0,0.0,0.0,0.0,4756392.60319407
Prayagraj,2022-03-01,0.0,0.0,0.0,4021.72,945.0,145876.94,0.0,9694.57,0.0,0.0,0.0,0.0,0.0,0.0,0.0,0.0,0.0,0.0,132872.89,0.0,0.0,0.0,0.0,0.0,0.0,4782111.00480018
Prayagraj,2022-04-01,0.0,0.0,0.0,373398.39,2161.0,368798.48,0.0,10573.88,0.0,18246174.9873825,73446.0,3703558.49,4876.0,15745.0,53006.0,191215.61,1749.0,191215.61,191215.61,33.0,121.0,7012.0,4909.0,15866.0,60018.0,4382304.57109478
Prayagraj,2022-05-01,0.0,0.0,0.0,4571.29,0.0,0.0,0.0,9650.44,0.0,18911732.6760831,85869.0,4006949.88,5458.0,17969.0,63652.0,90697.52,1200.0,90697.52,90697.52,59.0,278.0,11170.0,5517.0,18247.0,74822.0,4454256.7476949
Prayagraj,2022-06-01,0.0,0.0,0.0,284952.87,1366.0,286488.05,94654.0,8782.91,0.0,18243488.5287413,56761.0,2593072.59,5312.0,17139.0,57937.0,117658.67,2300.0,117658.67,117658.67,50.0,184.0,9913.0,5362.0,17323.0,67850.0,3851988.22203705
Prayagraj,2022-07-01,0.0,0.0,0.0,55890.04,0.0,0.0,97772.0,10985.26,0.0,17295079.0190686,72859.0,3876181.13,5664.0,17557.0,59418.0,140709.09,2410.0,140709.09,140709.09,96.0,241.0,19112.0,5760.0,17798.0,78530.0,3743896.04251887
Prayagraj,2022-08-01,0.0,0.0,0.0,324518.39,0.0,0.0,111710.0,10211.44,0.0,14228804.1689279,77925.0,3607450.07,5839.0,18306.0,64305.0,145394.18,2094.0,145394.18,145394.18,128.0,387.0,32467.0,5967.0,18693.0,96772.0,2104637.28793575
Prayagraj,2022-09-01,1224.09,45.0,1224.09,390125.79,4598.0,718609.39,197585.0,24777.87,0.0,14514868.111983,147276.0,7697234.44,5391.0,16223.0,58248.0,91959.53,985.0,91959.53,91959.53,82.0,419.0,32537.0,5473.0,16642.0,90785.0,1801634.08746501
Prayagraj,2022-10-01,2762.81,30.0,2762.81,199180.16,1021.0,136616.54,178470.0,7179.21,539.37,14152776.2145582,145346.0,6806074.87,5563.0,18024.0,70173.0,103655.43,1143.0,103655.43,103655.43,27.0,95.0,14681.0,5590.0,18119.0,84854.0,1741882.86792315
Prayagraj,2022-11-01,6500.07,49.0,6500.07,418732.44,2155.0,387546.69,163015.0,10167.21,150.22,14822981.7135611,149147.0,6173830.16,6154.0,19712.0,74997.0,141551.79,2033.0,141551.79,141551.79,24.0,86.0,6670.0,6178.0,19798.0,81667.0,1700500.34836842
Prayagraj,2022-12-01,2637.57,27.0,2637.57,0.0,0.0,0.0,47495.0,0.0,0.0,0.0,45345.0,1865079.96,1529.0,5039.0,20387.0,123359.37,1697.0,123359.37,123359.37,11.0,22.0,1650.0,1540.0,5061.0,22037.0,0.0
Pune,2022-01-01,0.0,0.0,0.0,0.0,0.0,0.0,0.0,0.0,0.0,0.0,0.0,0.0,0.0,0.0,0.0,0.0,0.0,0.0,333754.08,0.0,0.0,0.0,0.0,0.0,0.0,0.0
Pune,2022-02-01,0.0,0.0,0.0,0.0,0.0,0.0,0.0,0.0,0.0,0.0,0.0,0.0,0.0,0.0,0.0,0.0,0.0,0.0,580573.67,0.0,0.0,0.0,0.0,0.0,0.0,0.0
Pune,2022-03-01,0.0,0.0,0.0,0.0,0.0,0.0,0.0,0.0,0.0,0.0,0.0,0.0,0.0,0.0,0.0,0.0,0.0,0.0,248680.87,0.0,0.0,0.0,0.0,0.0,0.0,0.0
Pune,2022-04-01,0.0,0.0,0.0,0.0,0.0,0.0,0.0,0.0,0.0,206.54,55041.0,3687033.94,5024.0,20420.0,55041.0,370947.05,4628.0,370947.05,370947.05,0.0,0.0,0.0,5024.0,20420.0,55041.0,0.0
Pune,2022-05-01,0.0,0.0,0.0,0.0,0.0,0.0,0.0,0.0,0.0,206.54,49949.0,3281813.21,4974.0,18276.0,49949.0,331912.52,4354.0,331912.52,331912.52,0.0,0.0,0.0,4974.0,18276.0,49949.0,0.0
Pune,2022-06-01,0.0,0.0,0.0,0.0,0.0,0.0,0.0,0.0,0.0,806.6,60852.0,3903893.02,6220.0,22039.0,60852.0,308532.94,3338.0,308532.94,308532.94,0.0,0.0,0.0,6220.0,22039.0,60852.0,381.66
Pune,2022-07-01,0.0,0.0,0.0,0.0,0.0,0.0,0.0,0.0,0.0,806.6,90822.0,5278910.86,7920.0,28733.0,90822.0,464594.85,5867.0,464594.85,464594.85,0.0,0.0,0.0,7920.0,28733.0,90822.0,381.66
Pune,2022-08-01,261.22,1.0,261.22,0.0,1.0,192.36,0.0,0.0,0.0,861.6,104029.0,6257631.24,8572.0,32303.0,104029.0,405245.05,5820.0,405245.05,405245.05,0.0,0.0,0.0,8572.0,32303.0,104029.0,381.66
Pune,2022-09-01,116.4,3.0,116.4,0.0,3.0,120.0,0.0,0.0,0.0,861.6,106473.0,6470441.55,9954.0,34493.0,106194.0,352282.34,5056.0,352282.34,352282.34,9.0,40.0,279.0,9963.0,34533.0,106473.0,381.66
Pune,2022-10-01,579.64,3.0,579.64,0.0,3.0,454.04,0.0,0.0,0.0,861.6,96513.0,6053514.84,8814.0,31751.0,96443.0,384757.47,4116.0,384757.47,384757.47,4.0,12.0,70.0,8818.0,31763.0,96513.0,381.66
Pune,2022-11-01,763.14,4.0,763.14,0.0,4.0,540.76,0.0,0.0,0.0,861.6,97413.0,6470546.19,9754.0,33003.0,97248.0,378512.16,3634.0,378512.16,378512.16,8.0,22.0,165.0,9762.0,33025.0,97413.0,381.66
Pune,2022-12-01,0.0,0.0,0.0,0.0,0.0,0.0,0.0,0.0,0.0,0.0,26144.0,1874177.71,2648.0,9319.0,26008.0,92120.81,1331.0,92120.81,92120.81,3.0,23.0,136.0,2651.0,9342.0,26144.0,0.0
Raipur,2022-01-01,0.0,0.0,0.0,124656.67,0.0,0.0,0.0,4974.65,0.0,0.0,0.0,0.0,0.0,0.0,0.0,0.0,0.0,0.0,571621.75,0.0,0.0,0.0,0.0,0.0,0.0,5641697.04149556
Raipur,2022-02-01,0.0,0.0,0.0,2029.2,6.0,1825.03,0.0,641.01,0.0,0.0,0.0,0.0,0.0,0.0,0.0,0.0,0.0,0.0,714157.54,0.0,0.0,0.0,0.0,0.0,0.0,5254149.02852657
Raipur,2022-03-01,0.0,0.0,0.0,4752.41,8282.0,1251033.63,0.0,407.94,0.0,0.0,0.0,0.0,0.0,0.0,0.0,0.0,0.0,0.0,912215.73,0.0,0.0,0.0,0.0,0.0,0.0,5060876.99153257
Raipur,2022-04-01,0.0,0.0,0.0,0.0,0.0,0.0,0.0,13070.97,0.0,31113674.0433116,166573.0,10221120.94,9649.0,32794.0,112429.0,672871.11,7549.0,672871.11,672871.11,37.0,98.0,4833.0,9686.0,32892.0,117262.0,4926391.54218606
Raipur,2022-05-01,0.0,0.0,0.0,992525.37,9374.0,1251779.6,0.0,3387.1,0.0,31912440.9652973,139754.0,8597162.89,10128.0,34383.0,132290.0,543242.64,8499.0,543242.64,543242.64,28.0,161.0,13058.0,10156.0,34544.0,145348.0,4809970.8707349
Raipur,2022-06-01,30917.34,342.0,30917.34,367899.36,3415.0,457831.0,230472.0,45026.25,175.5,33652510.8020842,172714.0,9594186.03,10648.0,36063.0,124186.0,750521.73,15204.0,750521.73,750521.73,9.0,49.0,15236.0,10657.0,36112.0,139422.0,4229504.27612944
Raipur,2022-07-01,18451.9,172.0,18451.9,614822.87,6338.0,739393.23,131879.0,15255.46,96.58,31523094.4892608,110205.0,6668928.77,11430.0,39514.0,161782.0,536113.58,8117.0,536113.58,536113.58,59.0,271.0,22956.0,11489.0,39785.0,184738.0,3998381.05783116
Raipur,2022-08-01,22174.21,173.0,22174.21,359276.01,3582.0,311304.77,82877.0,20120.95,687.96,26734335.857653,138419.0,7166265.6,11812.0,39141.0,150922.0,393366.58,6014.0,393366.58,393366.58,52.0,222.0,19840.0,11864.0,39363.0,170762.0,2780457.49689098
Raipur,2022-09-01,25126.46,293.0,25126.46,204117.45,2002.0,249039.35,90829.0,2673.54,0.0,23926735.2489496,241852.0,12296074.85,11033.0,35348.0,143393.0,584272.27,8740.0,584272.27,584272.27,217.0,1115.0,86037.0,11250.0,36463.0,229430.0,2454120.84605414
Raipur,2022-10-01,20388.92,207.0,20388.92,2931.75,367.0,28548.33,54159.0,0.0,807.95,25883411.5953601,153842.0,8736267.59,10562.0,35451.0,152626.0,495118.04,8290.0,495118.04,495118.04,99.0,451.0,30890.0,10661.0,35902.0,183516.0,2694389.3441727
Raipur,2022-11-01,16671.51,155.0,16671.51,7125.0,1397.0,135097.31,595326.0,0.0,174.2,27376480.3510594,298266.0,14875076.07,12199.0,39444.0,172891.0,575242.77,7404.0,575242.77,575242.77,114.0,468.0,53763.0,12313.0,39912.0,226654.0,3077480.25032568
Raipur,2022-12-01,51368.77,540.0,51368.77,14112.51,1483.0,145415.12,52143.0,60.6,265.88,0.0,89826.0,4176985.52,3135.0,9777.0,37730.0,335299.02,4143.0,335299.02,335299.02,39.0,144.0,25409.0,3174.0,9921.0,63139.0,0.0
Rajkot,2022-02-01,0.0,0.0,0.0,0.0,0.0,0.0,0.0,0.0,0.0,0.0,0.0,0.0,0.0,0.0,0.0,0.0,0.0,0.0,0.0,0.0,0.0,0.0,0.0,0.0,0.0,6467554.06485595
Rajkot,2022-03-01,0.0,0.0,0.0,0.0,0.0,0.0,0.0,73.79,0.0,0.0,0.0,0.0,0.0,0.0,0.0,0.0,0.0,0.0,53951.42,0.0,0.0,0.0,0.0,0.0,0.0,11085577.5828556
Rajkot,2022-04-01,0.0,0.0,0.0,0.0,0.0,0.0,0.0,1860.79,0.0,18642080.9476791,34218.0,1320607.37,1422.0,5030.0,16485.0,80373.39,1343.0,80373.39,80373.39,14.0,47.0,1928.0,1436.0,5077.0,18413.0,10660960.1557013
Rajkot,2022-05-01,0.0,0.0,0.0,2308.91,9.0,1611.0,0.0,2518.19,0.0,18712527.6869964,16877.0,787354.37,1404.0,4410.0,14788.0,49914.12,643.0,49914.12,49914.12,12.0,34.0,1075.0,1416.0,4444.0,15863.0,10631216.0143525
Rajkot,2022-06-01,0.0,0.0,0.0,0.0,0.0,0.0,15120.0,236.82,0.0,18531358.245035,18610.0,863361.19,1491.0,4446.0,15962.0,188293.13,1285.0,188293.13,188293.13,263.0,3973.0,47846.0,1754.0,8419.0,63808.0,10611279.4920178
Rajkot,2022-07-01,0.0,0.0,0.0,954658.93,0.0,0.0,27965.0,5898.75,0.0,14083945.2759373,25202.0,949234.5,1749.0,4539.0,17084.0,118597.71,776.0,118597.71,118597.71,48.0,284.0,9476.0,1797.0,4823.0,26560.0,7376911.98721937
Rajkot,2022-08-01,0.0,0.0,0.0,0.0,9258.0,1430166.38,89373.0,38.27,0.0,10303286.6985644,189742.0,3788562.34,1818.0,5059.0,19125.0,31496.94,291.0,31496.94,31496.94,97.0,299.0,66495.0,1915.0,5358.0,85620.0,4521948.4192864
Rajkot,2022-09-01,410.05,2.0,410.05,0.0,0.0,0.0,223510.0,0.0,0.0,8634178.83932009,365080.0,6585624.62,1512.0,3950.0,15709.0,58194.94,1179.0,58194.94,58194.94,125.0,506.0,201277.0,1637.0,4456.0,216986.0,2598845.42511067
Rajkot,2022-10-01,0.0,0.0,0.0,0.0,0.0,0.0,309151.0,528.74,0.0,13380909.0282512,419495.0,4716046.81,1112.0,3151.0,12610.0,77046.9,6576.0,77046.9,77046.9,149.0,747.0,296784.0,1261.0,3898.0,309394.0,4293210.32511085
Rajkot,2022-11-01,4913.54,36.0,4913.54,10342.29,91.0,16158.25,257159.0,9132.36,0.0,11876899.8840087,359488.0,5296049.04,1170.0,3019.0,11830.0,94490.62,1880.0,94490.62,94490.62,143.0,836.0,240826.0,1313.0,3855.0,252656.0,4252527.62511085
Rajkot,2022-12-01,0.0,0.0,0.0,1781.52,80.0,12604.6,125338.0,0.0,0.0,0.0,196784.0,3438417.82,46.0,108.0,608.0,2177.72,23.0,2177.72,2177.72,92.0,727.0,130994.0,138.0,835.0,131602.0,0.0
Sangli,2022-02-01,0.0,0.0,0.0,0.0,0.0,0.0,0.0,0.0,0.0,0.0,0.0,0.0,0.0,0.0,0.0,0.0,0.0,0.0,9609.21,0.0,0.0,0.0,0.0,0.0,0.0,0.0
Sangli,2022-03-01,0.0,0.0,0.0,11147.86,0.0,0.0,0.0,32149.16,0.0,0.0,0.0,0.0,0.0,0.0,0.0,0.0,0.0,0.0,203613.16,0.0,0.0,0.0,0.0,0.0,0.0,2140632.4164999
Sangli,2022-04-01,0.0,0.0,0.0,12802.53,0.0,0.0,0.0,12226.85,0.0,14860223.5677069,114171.0,7515551.02,6750.0,32973.0,102774.0,229455.73,2991.0,229455.73,229455.73,14.0,57.0,2071.0,6764.0,33030.0,104845.0,2294914.85762771
Sangli,2022-05-01,0.0,0.0,0.0,0.0,0.0,0.0,0.0,5229.69,0.0,17702840.0830565,212354.0,13235050.09,6754.0,35868.0,112133.0,292542.49,3362.0,292542.49,292542.49,15.0,33.0,1205.0,6769.0,35901.0,113338.0,2378162.4828182
Sangli,2022-06-01,0.0,0.0,0.0,20256.52,0.0,0.0,142194.0,1283.02,0.0,22016839.4936898,123073.0,7646163.68,7749.0,37890.0,122025.0,217707.91,2491.0,217707.91,217707.91,38.0,334.0,4835.0,7787.0,38224.0,126860.0,2415632.8630682
Sangli,2022-07-01,0.0,0.0,0.0,0.0,0.0,0.0,206349.0,2545.73,0.0,21832285.1549425,189790.0,9962095.49,9784.0,47134.0,153913.0,273433.04,3112.0,273433.04,273433.04,28.0,157.0,3435.0,9812.0,47291.0,157348.0,2274059.22925001
Sangli,2022-08-01,0.0,0.0,0.0,47295.83,0.0,0.0,324155.0,2951.59,0.0,23178950.79822,308908.0,10675042.25,9656.0,47707.0,152720.0,270085.46,5851.0,270085.46,270085.46,127.0,601.0,134199.0,9783.0,48308.0,286919.0,2443995.49525011
Sangli,2022-09-01,0.0,0.0,0.0,683503.27,4547.0,731085.64,269231.0,833.08,0.0,24208210.5889593,268877.0,12908310.25,9402.0,43717.0,144835.0,562695.2,5303.0,562695.2,562695.2,98.0,389.0,59897.0,9500.0,44106.0,204732.0,2025999.51600012
Sangli,2022-10-01,0.0,0.0,0.0,0.0,0.0,0.0,171884.0,1664.84,0.0,26968921.5764175,149077.0,9389722.61,9537.0,46726.0,148574.0,226011.54,2867.0,226011.54,226011.54,40.0,103.0,20645.0,9577.0,46829.0,169219.0,1924967.42149972
Sangli,2022-11-01,7780.1,71.0,7780.1,249148.78,2793.0,301496.46,237073.0,1771.7,118.36,24547797.0366339,209447.0,10207504.94,10074.0,46391.0,161525.0,220621.93,3261.0,220621.93,220621.93,57.0,408.0,26333.0,10131.0,46799.0,187858.0,2236454.98399972
Sangli,2022-12-01,0.0,0.0,0.0,4954.32,0.0,0.0,46015.0,346.3,0.0,0.0,35483.0,2250263.95,2986.0,13826.0,44962.0,71059.23,880.0,71059.23,71059.23,18.0,46.0,9717.0,3004.0,13872.0,54679.0,0.0
Simba,2022-01-01,0.0,0.0,6825721.13,124902.87,73568.0,7066087.9,0.0,498224.88,267819.68,0.0,0.0,0.0,0.0,0.0,0.0,0.0,0.0,0.0,16785115.78,0.0,0.0,0.0,0.0,0.0,0.0,0.0
Simba,2022-02-01,0.0,0.0,487581.05,505389.46,7351.0,649555.51,0.0,364882.81,21875.57,0.0,0.0,0.0,0.0,0.0,0.0,0.0,0.0,0.0,11743473.22,0.0,0.0,0.0,0.0,0.0,0.0,0.0
Simba,2022-03-01,0.0,0.0,9368363.4,618863.58,99948.0,10089437.4,0.0,485879.99,324477.25,0.0,0.0,0.0,0.0,0.0,0.0,0.0,0.0,0.0,13447230.53,0.0,0.0,0.0,0.0,0.0,0.0,0.0
Simba,2022-04-01,55961.22,483.0,55961.22,285777.97,696.0,71102.8,0.0,495049.87,58170.72,204414014.146594,3887049.0,318687138.74,159196.0,878900.0,2679465.0,18049794.03,163382.0,18049794.03,18049794.03,2149.0,27750.0,918215.0,161345.0,906650.0,3597680.0,0.0
Simba,2022-05-01,8883351.22,83215.0,8883351.22,802954.45,96562.0,9779874.88,0.0,357101.72,434875.5,208907472.196625,3026672.0,252284672.77,158177.0,867147.0,2591492.0,13543957.81,137421.0,13543957.81,13543957.81,1981.0,24274.0,618097.0,160158.0,891421.0,3209589.0,0.0
Simba,2022-06-01,361684.16,3358.0,361684.16,368659.64,3138.0,333659.57,3367513.0,549766.73,1990.95,207319446.77935,3579024.0,260430878.07,174017.0,947616.0,2915595.0,15749405.71,167534.0,15749405.71,15749405.71,2272.0,31166.0,664452.0,176289.0,978782.0,3580047.0,0.0
Simba,2022-07-01,8989271.59,85618.0,8989271.59,528747.22,126467.0,11047467.19,3699183.0,533248.75,439457.96,216218901.444657,4534797.0,342216248.74,195322.0,1062330.0,3534491.0,15336104.82,177769.0,15336104.82,15336104.82,2515.0,32464.0,1104607.0,197837.0,1094794.0,4639098.0,0.0
Simba,2022-08-01,852884.5,8635.0,852884.5,597981.98,10883.0,929245.01,3824968.0,351536.22,0.0,235462336.830244,4007575.0,303297522.34,200029.0,1083470.0,3600295.0,15110682.87,137482.0,15110682.87,15110682.87,2398.0,28824.0,928672.0,202427.0,1112294.0,4528967.0,0.0
Simba,2022-09-01,10153696.95,95653.0,10153696.95,325053.0,108619.0,10882377.71,3052179.0,193668.44,323512.78,273140944.417816,4563264.0,333217333.36,175344.0,942134.0,2964516.0,16861228.65,141143.0,16861228.65,16861228.65,2614.0,32501.0,1168749.0,177958.0,974635.0,4133265.0,0.0
Simba,2022-10-01,1126069.1,9906.0,1126069.1,2232360.11,7915.0,910520.14,2925380.0,525308.15,27860.32,272729096.73846,3307803.0,264013895.04,188007.0,1057417.0,3570530.0,15045556.43,184417.0,15045556.43,15045556.43,2144.0,25808.0,684289.0,190151.0,1083225.0,4254819.0,0.0
Simba,2022-11-01,12078937.41,107516.06,12078937.41,642744.41,191416.0,15386572.42,2799352.0,825960.68,434999.45,270838688.197014,4139168.0,335475778.44,193222.0,1022830.0,3245453.0,17809292.28,186995.0,17809292.28,17809292.28,2224.0,27895.0,925989.0,195446.0,1050725.0,4171442.0,0.0
Simba,2022-12-01,485848.82,4835.0,485848.82,914413.41,8229.0,862327.82,750765.0,46358.89,0.0,0.0,1429626.0,117255040.59,58115.0,305484.0,925530.0,6698566.06,66598.0,6698566.06,6698566.06,717.0,9123.0,377462.0,58832.0,314607.0,1302992.0,0.0
Surat,2022-01-01,0.0,0.0,0.0,0.0,0.0,0.0,0.0,11077.87,0.0,0.0,0.0,0.0,0.0,0.0,0.0,0.0,0.0,0.0,101021.15,0.0,0.0,0.0,0.0,0.0,0.0,10013829.3217565
Surat,2022-02-01,0.0,0.0,0.0,25.44,1.0,36.89,0.0,8120.28,0.0,0.0,0.0,0.0,0.0,0.0,0.0,0.0,0.0,0.0,143574.35,0.0,0.0,0.0,0.0,0.0,0.0,10274610.9821059
Surat,2022-03-01,0.0,0.0,70.71,0.0,0.0,0.0,0.0,3132.5,0.0,0.0,0.0,0.0,0.0,0.0,0.0,0.0,0.0,0.0,161967.69,0.0,0.0,0.0,0.0,0.0,0.0,9749836.51334607
Surat,2022-04-01,0.0,0.0,0.0,10676.5,0.0,0.0,0.0,8994.21,0.0,32878543.9840581,280048.0,5949804.26,6553.0,23011.0,80582.0,220699.67,5269.0,220699.67,220699.67,127.0,796.0,194645.0,6680.0,23807.0,275227.0,9825677.2317081
Surat,2022-05-01,0.0,0.0,0.0,6174.14,95.0,25641.28,0.0,6374.63,0.0,30960042.1731807,192526.0,8513197.25,6398.0,22013.0,82154.0,173166.8,2165.0,173166.8,173166.8,181.0,1266.0,183473.0,6579.0,23279.0,265627.0,9582241.89340549
Surat,2022-06-01,0.0,0.0,0.0,695.76,3.0,504.74,307572.0,7165.03,0.0,29712292.8790871,171801.0,7315475.99,6899.0,23503.0,106914.0,185371.34,4388.0,185371.34,185371.34,234.0,2880.0,479767.0,7133.0,26383.0,586681.0,9531880.22617123
Surat,2022-07-01,0.0,0.0,0.0,730272.09,2997.0,426484.76,177667.0,7539.34,0.0,24016928.6426594,316170.0,11144053.97,8136.0,28632.0,112296.0,159784.1,2151.0,159784.1,159784.1,219.0,2289.0,152177.0,8355.0,30921.0,264473.0,8180244.06208099
Surat,2022-08-01,60440.13,133.0,60440.13,0.0,1295.0,290960.54,50073.0,0.0,67.22,24387318.3815643,247896.0,8846266.41,6772.0,23464.0,110547.0,159471.49,2525.0,159471.49,159471.49,152.0,1223.0,109971.0,6924.0,24687.0,220518.0,8230929.78796691
Surat,2022-09-01,5391.92,57.0,5391.92,899138.96,2102.0,357926.11,403268.0,235984.34,0.0,24490522.5073715,243059.0,15289533.28,6264.0,20524.0,93346.0,135378.1,2503.0,135378.1,135378.1,248.0,1755.0,212638.0,6512.0,22279.0,305984.0,7614309.35133802
Surat,2022-10-01,1841.53,29.0,1841.53,96.43,0.0,0.0,117833.0,1197.41,133.9,31014341.3966986,172969.0,9282889.64,5446.0,19107.0,61730.0,245917.91,7823.0,245917.91,245917.91,88.0,596.0,65556.0,5534.0,19703.0,127286.0,8710290.15251306
Surat,2022-11-01,5305.92,79.0,5305.92,2679163.9,27405.0,5747426.59,370415.0,817124.06,126.65,25292022.3794451,348213.0,10765212.74,5504.0,17461.0,85829.0,363587.72,7533.0,363587.72,363587.72,159.0,1260.0,173586.0,5663.0,18721.0,259415.0,8434977.44309225
Surat,2022-12-01,2138.32,21.0,2138.32,11903.69,340.0,16836.4,16276.0,210635.52,144.5,0.0,55875.0,3157894.41,1668.0,5162.0,44269.0,62799.68,925.0,62799.68,62799.68,62.0,286.0,93027.0,1730.0,5448.0,137296.0,0.0
VPIM,2022-04-01,0.0,0.0,0.0,0.0,0.0,0.0,0.0,0.0,0.0,0.0,0.0,0.0,23665.0,217404.0,1228674.0,0.0,0.0,0.0,0.0,531.0,7012.0,404320.0,24196.0,224416.0,1632994.0,0.0
VPIM,2022-05-01,0.0,0.0,0.0,0.0,0.0,0.0,0.0,0.0,0.0,0.0,0.0,0.0,33797.0,316994.0,1425031.0,0.0,0.0,0.0,0.0,555.0,5910.0,243590.0,34352.0,322904.0,1668621.0,0.0
VPIM,2022-06-01,3472273.485,28979.0,0.0,0.0,0.0,0.0,1489324.0,0.0,0.0,0.0,53182607.685,0.0,35955.0,330821.0,1428138.0,25558373.5159,203241.0,25558373.5159,0.0,359.0,3229.0,174374.0,36314.0,334050.0,1602512.0,0.0
VPIM,2022-07-01,3718234.4526,24860.0,0.0,0.0,0.0,0.0,1012953.0,0.0,0.0,0.0,39620488.055,0.0,21142.0,217780.0,918223.0,43995584.4009,381666.0,43995584.4009,0.0,478.0,5966.0,281674.0,21620.0,223746.0,1199897.0,0.0
VPIM,2022-08-01,1623902.05,15560.0,0.0,0.0,0.0,0.0,872450.0,0.0,0.0,0.0,34882694.435,0.0,16230.0,188127.0,805138.0,21716340.4648,176131.0,21716340.4648,0.0,577.0,5034.0,321216.0,16807.0,193161.0,1126354.0,0.0
VPIM,2022-09-01,2021886.1125,18004.0,0.0,0.0,0.0,0.0,1165323.0,0.0,0.0,0.0,47911177.755,0.0,18705.0,212022.0,853510.0,6830728.035,65325.0,6830728.035,0.0,692.0,8506.0,320908.0,19397.0,220528.0,1174418.0,0.0
VPIM,2022-10-01,1890458.292,17299.0,0.0,0.0,0.0,0.0,980817.0,0.0,0.0,0.0,39304658.8,0.0,19253.0,219169.0,839181.0,32290267.2166,255422.0,32290267.2166,0.0,580.0,5793.0,247312.0,19833.0,224962.0,1086493.0,0.0
VPIM,2022-11-01,1522658.8,12784.0,0.0,0.0,0.0,0.0,1120917.0,0.0,0.0,0.0,43829372.295,0.0,20166.0,215224.0,846641.0,5842419.3976,78372.0,5842419.3976,0.0,612.0,5879.0,244860.0,20778.0,221103.0,1091501.0,0.0
VPIM,2022-12-01,603963.88,5380.0,0.0,0.0,0.0,0.0,381764.0,0.0,0.0,0.0,12661293.6,0.0,6449.0,66542.0,261050.0,1807136.6561,20928.0,1807136.6561,0.0,254.0,2538.0,151183.0,6703.0,69080.0,412233.0,0.0
Varanasi,2022-02-01,0.0,0.0,0.0,225.4,0.0,0.0,0.0,4811.95,0.0,0.0,0.0,0.0,0.0,0.0,0.0,0.0,0.0,0.0,38311.35,0.0,0.0,0.0,0.0,0.0,0.0,3300844.19858327
Varanasi,2022-03-01,0.0,0.0,0.0,535.29,0.0,0.0,0.0,11575.71,0.0,0.0,0.0,0.0,0.0,0.0,0.0,0.0,0.0,0.0,66788.93,0.0,0.0,0.0,0.0,0.0,0.0,3248521.35058327
Varanasi,2022-04-01,0.0,0.0,0.0,39.2,0.0,0.0,0.0,14711.81,0.0,14288774.7020856,39366.0,1770323.16,3844.0,12037.0,45357.0,91487.55,1119.0,91487.55,91487.55,11.0,33.0,1179.0,3855.0,12070.0,46536.0,3145195.16912879
Varanasi,2022-05-01,0.0,0.0,0.0,160.67,75.0,710.06,0.0,5828.23,0.0,13924870.1327218,74970.0,3720769.23,4187.0,11977.0,46374.0,99571.38,1251.0,99571.38,99571.38,21.0,84.0,1853.0,4208.0,12061.0,48227.0,3082401.07429542
Varanasi,2022-06-01,0.0,0.0,0.0,0.0,10.0,211.3,51428.0,8996.61,0.0,15094558.2362399,63616.0,2839459.84,4479.0,12351.0,42152.0,131357.65,1477.0,131357.65,131357.65,100.0,1029.0,10649.0,4579.0,13380.0,52801.0,3085969.4862802
Varanasi,2022-07-01,0.0,0.0,0.0,362706.74,2076.0,362706.74,57235.0,16124.57,0.0,14504877.2020504,51565.0,2626262.77,5388.0,14993.0,53981.0,142158.77,1952.0,142158.77,142158.77,23.0,106.0,4205.0,5411.0,15099.0,58186.0,2866876.38370454
Varanasi,2022-08-01,0.0,0.0,0.0,259753.58,0.0,0.0,49752.0,3825.99,0.0,13530635.8764141,54827.0,2596603.04,6131.0,17642.0,62858.0,108950.29,1530.0,108950.29,108950.29,19.0,62.0,2981.0,6150.0,17704.0,65839.0,2414971.4046137
Varanasi,2022-09-01,0.0,0.0,0.0,625617.32,3210.0,437798.91,57790.0,14402.39,0.0,12630105.8240437,65463.0,3649908.24,6022.0,17080.0,62910.0,100827.21,1319.0,100827.21,100827.21,42.0,118.0,5955.0,6064.0,17198.0,68865.0,2155522.58001374
Varanasi,2022-10-01,0.0,0.0,0.0,88203.3,3701.0,499479.27,82793.0,2415.9,0.0,13093444.748334,103627.0,5306793.46,6077.0,18744.0,74027.0,100385.21,1121.0,100385.21,100385.21,19.0,32.0,1737.0,6096.0,18776.0,75764.0,1869937.7617637
Varanasi,2022-11-01,248.08,4.0,248.08,260.98,0.0,0.0,89205.0,5067.18,0.0,12937111.6873222,91767.0,4160590.44,6106.0,18022.0,71890.0,93690.5,1106.0,93690.5,93690.5,25.0,56.0,6324.0,6131.0,18078.0,78214.0,1777300.18176358
Varanasi,2022-12-01,298.33,3.0,298.33,233486.77,0.0,0.0,32195.0,1124.87,0.0,0.0,34013.0,1226845.63,1744.0,4670.0,18643.0,27365.14,306.0,27365.14,27365.14,13.0,26.0,1823.0,1757.0,4696.0,20466.0,0.0
Venk,2022-01-01,0.0,0.0,302713.16,200399.44,2320.0,314012.26,0.0,4164.44,16627.22,0.0,0.0,0.0,0.0,0.0,0.0,0.0,0.0,0.0,654531.03,0.0,0.0,0.0,0.0,0.0,0.0,3727408.98822372
Venk,2022-02-01,0.0,0.0,399940.82,479740.39,10655.0,1444161.35,0.0,16090.76,8315.47,0.0,0.0,0.0,0.0,0.0,0.0,0.0,0.0,0.0,345148.61,0.0,0.0,0.0,0.0,0.0,0.0,3571994.7549725
Venk,2022-03-01,0.0,0.0,135561.99,6338.71,2022.0,282975.12,0.0,16706.49,3187.86,0.0,0.0,0.0,0.0,0.0,0.0,0.0,0.0,0.0,171049.63,0.0,0.0,0.0,0.0,0.0,0.0,3260958.06707131
Venk,2022-04-01,339772.27,4433.0,339772.27,209611.05,3804.0,452783.68,0.0,27205.0,2409.72,41313066.6722369,463649.0,26521385.77,6155.0,60857.0,368365.0,1172946.29,12489.0,1172946.29,1172946.29,88.0,687.0,28524.0,6243.0,61544.0,396889.0,3360620.17754459
Venk,2022-05-01,497128.61,5632.0,497128.61,640634.37,13826.0,2066047.68,0.0,18166.57,1593.26,41953976.6224547,359865.0,23056752.92,6469.0,64454.0,389091.0,333037.88,4744.0,333037.88,333037.88,96.0,534.0,31396.0,6565.0,64988.0,420487.0,3243634.96684932
Venk,2022-06-01,234114.21,2644.0,234114.21,378262.51,2666.0,427346.17,0.0,14128.71,4300.39,44266275.9350734,526699.0,32738040.57,6473.0,69020.0,431496.0,1042919.76,13747.0,1042919.76,1042919.76,160.0,1259.0,48431.0,6633.0,70279.0,479927.0,2813727.49365865
Venk,2022-07-01,317215.98,3714.0,317215.98,243957.35,5416.0,928984.22,0.0,20922.93,2039.0,44780603.2034179,486832.0,30019292.0,6565.0,68818.0,449534.0,445359.04,5129.0,445359.04,445359.04,127.0,789.0,36253.0,6692.0,69607.0,485787.0,2956041.04693139
Venk,2022-08-01,477166.63,5688.0,477166.63,320427.99,2631.0,452085.58,0.0,52446.54,4584.72,45994623.4489182,429863.0,26142571.07,6005.0,65346.0,432016.0,613990.15,8305.0,613990.15,613990.15,132.0,702.0,37150.0,6137.0,66048.0,469166.0,2938657.54513795
Venk,2022-09-01,303062.51,3288.0,303062.51,68095.9,8008.0,1194922.02,0.0,3521.44,8779.58,44640628.3082718,490924.0,30198558.78,6070.0,64633.0,418467.0,343688.16,3735.0,343688.16,343688.16,141.0,954.0,40715.0,6211.0,65587.0,459182.0,2532042.44996095
Venk,2022-10-01,395597.85,4804.0,395597.85,732123.04,4796.0,759427.77,0.0,1525.02,2893.03,47193797.9339704,478059.0,29386183.07,5636.0,62724.0,404826.0,783719.13,9105.0,783719.13,783719.13,169.0,915.0,33764.0,5805.0,63639.0,438590.0,2386732.37512035
Venk,2022-11-01,577607.0,7216.0,577607.0,134494.27,11517.0,1496860.01,0.0,15589.57,11938.61,49371370.1807898,463669.0,26415169.64,5540.0,56236.0,365853.0,581956.11,6684.0,581956.11,581956.11,201.0,884.0,40779.0,5741.0,57120.0,406632.0,2447871.21092318
Venk,2022-12-01,270177.4,2961.0,270177.4,227483.13,0.0,0.0,0.0,88858.84,1523.43,0.0,172632.0,10523385.51,1691.0,17987.0,112373.0,261437.11,3672.0,261437.11,261437.11,27.0,208.0,10546.0,1718.0,18195.0,122919.0,0.0
