unit_name,month,Total Salary--Admin,Total Salary--Audit & Refilling,Total Salary--CHECKING,Total Salary--Checking,Total Salary--Data Analyst,Total Salary--Data analyst,Total Salary--Delivery,Total Salary--Dispatch,Total Salary--Expiry,Total Salary--Finance & Accounts,Total Salary--HR,Total Salary--IT,Total Salary--IT ,Total Salary--Inward,Total Salary--Overall Non - Ops,Total Salary--Overall Operation,Total Salary--PURCHASE,Total Salary--Purchase,Total Salary--SALES,Total Salary--Sales,Total Salary--Sales Return,Total Salary--Store,Total Salary--store
Ahmedabad,2022-04-01,,11370.0,,49280.0,,,,9096.0,,16974.0,,,,32776.73333333334,,,,,,216994.0,10992.0,27441.0,
Ahmedabad,2022-05-01,,8986.0,,39105.0,,,,10820.0,,17560.0,,,,21146.0,,,,,,272714.0,10270.0,20540.0,
Ahmedabad,2022-06-01,,3803.0,,49993.299999999996,,,,11382.0,,17572.0,,,,31481.666666666668,,,,,,288748.6666666667,12059.466666666667,37285.13333333333,
Ahmedabad,2022-07-01,,,,50326.24193548387,,,,10597.806451612903,,17560.0,,,,26820.32258064516,,,,,,297184.0,11004.0,45892.48387096774,
Ahmedabad,2022-08-01,,,,21968.8064516129,,,,11253.41935483871,,26347.935483870966,,,,33964.354838709674,,,,,,294767.9032258064,11331.806451612903,54260.16129032258,
Ahmedabad,2022-09-01,,,,22554.0,,,,10992.0,,18964.0,,,,24394.4,,,,,,286853.7,10992.0,60200.53333333333,
Ahmedabad,2022-10-01,,9825.612903225807,,24314.612903225807,,,,7663.806451612903,,18897.225806451614,,,,33000.032258064515,,,,,,289541.67741935485,,69144.80645161291,
Ahmedabad,2022-11-01,,4548.0,,10046.0,,,,13229.0,,18964.0,,,,36312.0,,,,,,294541.06666666665,,114990.66666666667,
Aurangabad,2022-04-01,9300.0,,,29036.0,,,,15567.0,,,,,,47149.0,,25000.0,,14618.0,,161984.0,15567.0,41712.0,
Aurangabad,2022-05-01,9000.0,,,28642.0,,,,15121.0,,,,,,42074.0,,0.0,,8294.0,,168924.0,15121.0,42163.0,
Aurangabad,2022-06-01,9000.0,,,28714.0,,,,15157.0,,,,,,39567.0,,,,15157.0,,204828.0,15157.0,51516.0,
Aurangabad,2022-07-01,9000.0,,,28642.0,,,,10732.0,,,,,,44757.0,,,,15121.0,,230889.0,15121.0,55924.0,
Aurangabad,2022-08-01,9000.0,,,28642.0,,,,15121.0,,,,,,40386.0,,,,15121.0,,238103.0,15121.0,57284.0,
Aurangabad,2022-09-01,9000.0,20162.0,,26464.0,,,,15121.0,,,,,,66229.0,,,,,,190160.0,15121.0,56833.0,
Aurangabad,2022-10-01,9000.322580645161,15065.064516129032,,59585.32258064516,,,,15553.064516129032,,,,,,39241.12903225806,,,,,,190875.41935483873,15065.064516129032,65339.354838709674,
Aurangabad,2022-11-01,7500.0,14618.0,,56472.0,,,,15121.0,,,,,,40139.0,,,,,,165650.0,14618.0,66157.0,
Aushad,2022-04-01,9986.0,,,89543.0,,,56742.0,75138.0,,133182.0,,,,64259.0,,23000.0,,,,516762.0,,267245.0,
Aushad,2022-05-01,12550.333333333334,,,102451.0,,,63883.66666666667,96537.33333333333,,161793.0,,,,61119.666666666664,,26800.0,,,,619479.3333333334,,365675.0,
Aushad,2022-06-01,11952.545,,,44907.0,,,49861.5225,105719.83249999999,,156462.855,,,,35538.7625,,80319.0,,30873.095,,460563.45,,382529.6125,
Aushad,2022-07-01,13147.28,,,43698.81,,,78409.7675,105861.275,,151966.3575,,,,37292.7625,,79995.0,,27785.572500000002,,456144.39249999996,,415245.035,
Aushad,2022-08-01,13235.7825,,,32320.5775,,,70584.9725,112306.3275,,161284.2025,,,,40143.6275,,90423.0,,28540.989999999998,,541263.4475,,446325.4825,
Balasore,2022-04-01,22800.64,,,,,,,,,28001.44,,,,,,,,,,128666.88,,,
Balasore,2022-05-01,24001.04,,,,,,,,,28001.44,,,,,,,,,,189481.92,,,
Balasore,2022-06-01,24041.04,,,,,,,,,28041.44,,,,,,,,,,151514.84,,,
Balasore,2022-07-01,24001.04,,,,,,,,,28001.44,,,,,,,,,,176226.6,,,
Balasore,2022-08-01,24001.04,,,,,,,,,28001.44,,,,,,,,,,194000.6,,,
Balasore,2022-09-01,35001.04,,,,,,,,,28001.44,,,,,,,,,,194000.6,,,
Balasore,2022-10-01,39001.04,,,,,,,,,14000.72,,,,,,,,,,194000.6,,,
Balasore,2022-11-01,39001.04,,,,,,,,,14815.72,,,,,,,,,,194000.6,,,
Belgam,2022-04-01,8000.0,,,25288.46153846154,,,71923.07692307692,16923.076923076926,,24413.46153846154,22596.30769230769,,,17346.153846153844,,74468.0,,,,223187.82692307694,,91615.38461538461,
Belgam,2022-05-01,8000.0,,,26711.53846153846,,,76923.07692307692,18076.923076923078,,24923.076923076926,20192.615384615387,,,17346.153846153844,,70621.84615384616,,,,206563.26923076925,,108076.92307692308,
Belgam,2022-06-01,8000.0,,,26346.153846153844,,,65192.307692307695,25115.384615384613,,23990.384615384617,25000.0,,,8307.692307692307,,74468.0,,,,191574.03846153847,,105923.07692307692,
Belgam,2022-07-01,9169.0,,,31652.19230769231,,,73344.0,18384.076923076922,,26609.615384615387,23532.0,,,19662.153846153848,,75000.0,,,,207184.4230769231,,118856.03846153847,
Belgam,2022-08-01,9545.0,,,36409.0,,,94119.0,13208.0,,28669.0,25000.0,,,28269.0,,76468.0,,,,282688.0,,151814.0,
Belgam,2022-09-01,10567.0,,,35996.403846153844,,,136730.17307692306,13208.0,,21755.53846153846,24038.923076923078,,,27412.076923076922,,76468.0,,,,252265.48076923078,,156153.03846153847,
Belgam,2022-10-01,10567.0,,,35818.057692307695,,,142193.17307692306,13208.0,,29874.653846153848,25000.0,,,28041.615384615383,,68775.69230769231,,,,250864.71153846153,,160421.5,
Belgam,2022-11-01,10363.673076923076,,,36986.0,,,135592.67307692306,10414.557692307693,,9145.0,24331.153846153848,,,26867.423076923078,,76468.0,,,,240515.75,,160850.98076923075,
Bhopal,2022-04-01,,,,,,,30678.0,,,16064.0,,,,,,19450.0,,,,217618.0,,,
Bhopal,2022-05-01,,,,,,,15339.0,,,16064.0,,,,,,19384.0,,,,185157.0,,,
Bhopal,2022-06-01,,,,,,,,,,16094.0,,,,,,19480.0,,,,214843.0,,,
Bhopal,2022-07-01,,,,,,,,,,15026.0,,,,,,17384.0,,,,174965.16129032258,,,
Bhopal,2022-08-01,,,,,,,,,,518.0,,,,,,2804.0,,,,159179.35483870967,,,
Bhopal,2022-09-01,,,,,,,,,,18667.0,,,,,,,,,,131236.0,,,
Bhopal,2022-10-01,,,,,,,,,,20000.0,,,,,,12915.0,,,,90093.7741935484,,,
Bhopal,2022-11-01,,,,,,,,,,20000.0,,,,,,15397.0,,,,80062.0,,,
Bhubaneswar,2022-04-01,21883.0,47116.066666666666,,66545.9,,,,26392.2,,14161.8,,,,56110.33333333333,,0.0,,,,344896.26666666666,13564.7,124085.56666666667,
Bhubaneswar,2022-05-01,22566.967741935485,38750.54838709677,,52656.3870967742,,,,27829.0,,13000.0,,,,67289.25806451612,,,,,,303910.67741935485,13548.0,132141.25806451612,
Bhubaneswar,2022-06-01,20957.0,39222.8,,50339.4,,,,26049.7,,13020.0,,,,52002.26666666666,,,,14020.0,,245951.0,13087.0,123172.8,
Bhubaneswar,2022-07-01,25149.580645161288,54959.48387096774,,57115.903225806454,,,,28510.774193548386,,13374.774193548386,,,,58169.80645161291,,,,14807.225806451614,,280061.16129032255,19618.274193548386,125853.35483870968,
Bhubaneswar,2022-08-01,25149.580645161288,52717.48387096774,,57851.516129032265,,,,28510.774193548386,,12954.774193548386,,,,59416.64516129032,,,,14807.225806451614,,312108.06451612903,25580.1935483871,128437.22580645162,
Bhubaneswar,2022-09-01,13124.4,70839.76666666666,,57333.933333333334,,,,29334.6,,29830.066666666666,,,,59864.066666666666,,,,15251.2,,269216.0,27115.13333333333,84295.59999999999,
Bhubaneswar,2022-10-01,12743.387096774193,63717.354838709674,,58043.967741935485,,,,28802.709677419356,,28540.387096774197,,,,73113.80645161291,,,,,,272525.2903225806,27745.93548387097,82873.41935483871,
Bhubaneswar,2022-11-01,12428.0,69048.0,,61563.0,,,,26974.0,,27400.0,,,,68548.0,,,,,,292216.0,26001.0,75247.0,
Bilaspur,2022-04-01,,,,,,,,11666.0,,15600.0,,,,,,,,,,90498.0,,,
Bilaspur,2022-05-01,,,,,,,,12095.0,,14516.0,,,,,,,,,,106936.0,,,
Bilaspur,2022-06-01,,,,,,,,12128.0,,14545.0,,,,,,,,,,69857.0,,,
Bilaspur,2022-07-01,,,,,,,,12095.0,,9371.0,,,,,,,,,,111340.16129032258,,,
Bilaspur,2022-08-01,,,,,,,,11290.0,,13389.0,,,,,,,,,,140079.0,,,
Bilaspur,2022-09-01,,,,,,,,11666.0,,13834.0,,,,,,,,,,97332.33333333333,,,
Bilaspur,2022-10-01,,,,,,,,12500.0,,13834.0,,,,,,,,,,102256.03225806452,,,
Bilaspur,2022-11-01,,,,,,,,12500.0,,13834.0,,,,,,,,,,106666.66666666667,,,
Bokaro,2022-04-01,,,,,,,,,,,,,,,,,,,,35056.33333333333,,,
Bokaro,2022-05-01,,,,,,,,,,,,,,,,9832.0,,,,105911.51612903226,,,
Bokaro,2022-06-01,,,,,,,,,,,,,,,,9090.0,,,,89829.0,,,
Bokaro,2022-07-01,,,,,,,,,,,,,,,,16965.225806451614,,,,186704.8064516129,,,
Bokaro,2022-08-01,,,,,,,,,,,,,,,,16502.612903225807,,,,195133.0,,,
Bokaro,2022-09-01,,,,,,,,,,12897.0,,,,,,16040.0,,,,177759.66666666666,,,
Bokaro,2022-10-01,,,,,,,,,,11188.709677419354,,,,,,15413.225806451614,,,,181205.7741935484,,,
Bokaro,2022-11-01,,,,,,,,,,8598.0,,,,,,10694.0,,,,127365.33333333334,,,
Chandigarh,2022-04-01,11949.04,13622.0448,,64093.92322333333,,,,35730.851,19065.37,52552.024,,0.0,,65660.38864,,45259.88163333334,,36053.0,,318476.3159066667,,109973.77971399999,
Chandigarh,2022-05-01,12359.6,16961.09677419355,,74788.35870967743,,,,34672.52258064516,14537.206451612903,64334.36387096774,,,,64030.07741935484,,49983.05935483871,,45943.0,,358041.4012903226,,105108.4258064516,
Chandigarh,2022-06-01,12359.6,11820.48,,71995.66333333333,,,,37896.153333333335,19847.013333333336,64622.32000000001,,,,50639.020000000004,,43523.8,,41027.0,,369284.94666666666,,89188.8,
Chandigarh,2022-07-01,12359.6,,,103150.17677419356,,,,43484.459354838706,19031.84,65725.72,,,,48302.72,,46111.30838709677,,42350.0,,324199.3617204301,,134457.26129032258,
Chandigarh,2022-08-01,12359.6,,,89360.86193548387,,,,39920.41677419355,19514.212903225805,34974.971612903224,,,,46215.929032258064,,47214.14709677419,,41042.0,,338560.0266666666,,152412.33741935485,
Chandigarh,2022-09-01,12359.6,,,90239.38956989248,,,,53401.62666666666,19597.906666666666,29665.36,,,,59519.88666666666,,37743.92,,42350.0,,321959.7566666667,,131545.83,
Chandigarh,2022-10-01,12359.6,11952.01935483871,,119465.05483870968,,,,61123.81225806452,19272.526451612903,34009.778064516126,,,,82330.02387096774,,20785.538064516128,,41042.0,,352453.32451612904,,93615.27591397849,
Chandigarh,2022-11-01,11948.04,5382.56,,117466.69677419355,,,,58850.943010752686,19597.906666666666,24490.32,,,,69493.34666666666,,19131.28,,40998.0,,347805.65612903226,,121351.08365591397,
Chennai,2022-04-01,95185.54166666667,22718.066666666666,,590269.8916666667,,40894.5,100050.86666666667,276908.3965653993,169807.75,332721.7208333333,1699.3333333333333,79401.0,,575832.4550702967,,,,80264.0,,899736.9088934532,51703.0,1203449.5675504364,
Chennai,2022-05-01,48753.16666666667,,,595705.8166666667,,35231.73333333334,113179.80833333333,288846.8458333333,199796.60833333334,463200.73333333334,,29982.0,,567138.3833333333,,,,83956.0,,1081446.9458333333,58610.0,1419117.2791666668,
Chennai,2022-06-01,96320.58064516129,,,505189.7364506599,,31538.0,108317.55738814417,254969.09274193548,174309.46370967742,388552.29032258067,,28721.645161290322,,533824.75,,25748.0,,86651.0,,1022636.25,53788.0,1408895.556451613,
Chennai,2022-07-01,105474.16666666667,,,500117.0211210132,,34929.176428070845,109030.69539138977,302726.6541666667,171778.51666666666,417687.3208333333,,29177.0,,547781.6208333333,,25000.0,,83461.0,,965301.7708333333,53437.0,1440459.95,
Chennai,2022-08-01,99591.29032258064,,,489230.10679780605,34327.39465399033,,109778.35970255913,297372.2862903226,170126.90725806452,415653.8870967742,,28294.0,,576240.9233870967,,25748.0,,84113.0,,964714.2096774194,50619.0,1516171.2137096773,
Chennai,2022-09-01,67907.0,,,490025.5878609509,24880.0,,124146.56330139253,406726.80645161285,194838.15322580645,407346.0,,28294.0,,553175.7177419355,,25748.0,,79913.0,,954405.0,48367.0,1446423.697580645,11548.0
Chennai,2022-10-01,53273.0,,,488949.2793018491,32397.0,,111351.86184118065,287785.0833333334,173458.09166666667,425103.0,,29177.0,,561078.9375,,25773.0,,84180.0,,916690.0,55455.0,1499978.025,
Chennai,2022-11-01,64553.0,,,429110.1359628844,30550.0,,101696.4441700987,271643.85282258067,190095.79637096776,447485.2096774194,,,27439.0,521321.2762096774,,116304.52822580645,,79114.0,,878904.6693548388,48462.096774193546,1331726.9334677418,
Coimbatore,2022-04-01,29835.352856415026,,,129212.77541624989,,,87041.29428782761,46701.924358024786,38221.0,57281.0,,18154.0,,96078.01021855637,,,,50010.0,,196225.82653659786,,179503.25376752936,
Coimbatore,2022-05-01,34800.231250000004,,,122810.93031745745,,,94005.82920104713,48792.63245235081,40646.25629046517,63136.0,,18780.0,,101935.641304902,,,,51110.0,,220854.6857873802,,167161.5592194512,
Coimbatore,2022-06-01,11290.322580645161,,,123333.42708280131,,,94546.48562827156,73949.57631606613,39909.45770045016,79221.7741935484,,18045.82975311649,,96092.42776065727,,,,49562.0,,229210.96774193548,,154821.90497550744,
Coimbatore,2022-07-01,11666.666666666666,,,171863.57912174906,,,104616.75584249085,56790.70673000707,40662.26879046517,61146.0,,18780.0,,97621.04043535137,,,,51110.0,,222017.05,,184729.52077520208,
Coimbatore,2022-08-01,8494.225806451614,,,186809.9910394265,,,90842.7567204301,55600.922043010745,38257.82258064516,58436.0,,18780.0,,99325.3270609319,,46188.63508064516,,50336.0,,229324.38709677418,,159428.5333781362,
Coimbatore,2022-09-01,11290.322580645161,,,203802.07024115213,,,83302.3467083249,56517.4915866106,41890.08277876984,61065.0,,18780.0,,95901.5877175777,,44915.290322580644,,48442.45161290323,,213484.35483870967,,146740.79288124252,
Coimbatore,2022-10-01,11333.333333333334,,,235008.8082072383,,,89653.92886722753,56890.9358153999,43189.325161860674,61135.63333333333,,18400.462039110185,,102486.02815929458,,46060.79166666667,,53597.33333333333,,214627.96666666667,,196682.26116261826,
Coimbatore,2022-11-01,10000.0,,,225713.25764937693,,,90316.29639259816,39543.4091394433,35881.45770045016,61162.0,,,18780.0,108758.01837730745,,45439.93951612903,,50315.0,,205238.5806451613,,253822.47499314003,
DC,2022-04-01,167899.0,229990.0,,613179.0,,33100.0,29812.0,250985.0,245050.0,169349.0,41206.0,28484.0,,310473.0,15893.0,172223.0,,120309.0,,2369511.0,52893.0,1277959.0,
DC,2022-05-01,171286.0,246436.0,,521359.0,,33100.0,29334.0,221773.0,271917.0,158237.0,40654.0,15727.0,,319496.0,14999.0,109531.0,,152947.0,,2340744.0,63353.0,1322611.0,
DC,2022-06-01,165615.0,275628.0,,528331.0,,33102.25,19812.5,233104.0,303116.75,153864.5,40473.5,23939.25,,283040.0,15001.0,88373.75,,142938.75,,2258628.0,63634.75,1280609.0,
DC,2022-07-01,165844.0,259426.0,,523418.0,,33100.0,16754.0,216048.0,244166.0,147122.0,42470.0,32850.0,,249091.12,0.0,59251.0,,151875.0,,2129539.8387096776,68396.0,1242065.2322580644,
DC,2022-08-01,167726.0,250033.0,,463509.0,33100.0,,14329.0,202546.0,236111.0,138216.0,42546.0,32850.0,,260428.12,,42067.0,,149361.0,,2247292.0,54240.0,1384686.0,
DC,2022-09-01,163120.0,253120.0,,552342.0,33100.0,,14807.0,172482.0,220751.0,141615.0,43154.0,30281.0,,313729.0,,26547.0,,150385.0,,2166155.0,75137.0,1288150.0,
DC,2022-10-01,188428.0,270708.0,,492363.0,33100.0,,13374.0,180164.0,242075.0,132533.0,38640.0,37764.0,,249913.0,,25748.0,,149730.0,,2030155.0,58522.0,1448165.0,
DC,2022-11-01,110118.0,233839.0,,433784.0,33100.0,,0.0,164788.0,215690.0,122790.0,36460.0,,30683.0,270090.0,,22575.0,,138468.0,,1933602.0,64165.0,1254092.0,
DRK,2022-04-01,,,,83167.0,,,20151.0,,10574.0,29808.0,,,,33533.0,,,,21099.0,,307661.0,,157249.0,
DRK,2022-05-01,,,,80305.0,,,22564.0,,12426.0,36067.0,,,,24658.0,,,,21379.0,,352808.0,,159479.0,
DRK,2022-06-01,,,,76545.0,,,30670.0,,11557.0,35970.0,,,,23381.0,,,,20525.0,,355719.0,,168670.0,
DRK,2022-07-01,,,,87488.0,,,46502.0,,12803.0,36970.0,,,,38371.0,,,,21379.0,,366801.0,,161398.0,
DRK,2022-08-01,,,,81300.0,,,32292.0,,11672.0,36970.0,,,,35102.0,,,,20525.0,,346321.0,,159437.0,
DRK,2022-09-01,,,,81613.0,,,31593.0,,12049.0,37470.0,,,,39532.0,,,,22234.0,,359071.0,,174743.0,
DRK,2022-10-01,,,,67512.0,,,43415.0,,11614.0,36970.0,,,,42302.0,,,,22234.0,,358695.0,,168340.0,
DRK,2022-11-01,,,,70899.0,,,40124.0,,11614.0,36970.0,,,,37750.0,,,,20525.0,,365923.0,,194329.0,
Davangere,2022-04-01,50925.30769230769,21086.0,,328504.0,,17307.69230769231,284371.3076923077,285394.3846153846,5884.615384615384,160070.0,34810.307692307695,,,496866.6923076923,,15096.807692307691,,110638.76923076923,,1466136.3846153845,100517.0,1156600.3076923077,
Davangere,2022-05-01,54207.0,25950.0,,350594.6923076923,,8974.461538461539,311872.3076923077,317336.8461538461,8480.76923076923,175640.61538461538,24450.0,,,551530.576923077,,,,124854.07692307692,,1520325.769230769,117586.07692307692,1246083.6923076923,
Davangere,2022-06-01,58471.846153846156,25950.0,,296234.0,,,302446.07692307694,305384.0,7961.538461538461,177841.6923076923,24450.0,,,612056.0,,,,97246.84615384616,,1730257.0,135635.11538461538,1265823.0769230768,
Davangere,2022-07-01,64010.230769230766,25950.0,,315102.8461538462,,29167.0,299441.1538461539,312375.0,4500.0,173898.07692307694,24450.0,18461.53846153846,,588080.0,,,,108275.0,,1441772.2884615385,137761.0,1143289.8461538462,
Davangere,2022-08-01,78581.84615384616,25950.0,11538.461538461539,291126.0,,28045.19230769231,274916.23076923075,328929.76923076925,5538.461538461538,205544.03846153847,39450.0,20000.0,,610415.6923076923,,,,101204.53846153847,,1477200.8846153845,134919.57692307694,1150103.25,
Davangere,2022-09-01,58241.0,25950.0,,299862.0,,29167.0,300751.07692307694,329476.3846153846,9000.0,204049.76923076925,39450.0,20000.0,,639972.2692307692,,,,110281.46153846155,,1522147.1153846155,136451.6923076923,1249720.0,
Davangere,2022-10-01,57567.92307692308,25950.0,,306065.8461538461,,,308476.1923076923,305616.46153846156,8307.692307692307,207231.92307692306,47376.61538461538,19230.76923076923,,626576.1923076923,,,,103562.42307692308,,1450465.5384615385,135240.5,1276528.8846153845,
Davangere,2022-11-01,54486.92307692308,23455.307692307695,,320376.8846153846,,,306411.1923076923,309178.23076923075,8653.846153846152,198207.53846153847,39450.0,,18461.53846153846,595606.5,,,,96674.23076923077,,1436969.653846154,134150.46153846153,1291956.0,
Desai,2022-04-01,19793.7275,,,192676.6725,,,42655.05,26988.0,88393.55249999999,82170.0,,,,137492.005,,26541.0,,,,108113.245,13277.4975,305950.97500000003,
Desai,2022-05-01,26101.945,,,205718.8325,,,43006.7975,31171.0,90899.205,78401.0,,,,143541.9525,,10441.0,,,,113115.495,15258.0775,302301.1375,
Desai,2022-06-01,24316.1,,,211642.3675,,,41999.7475,28559.0,87910.8025,99260.0,,,,147922.04499999998,,28865.0,,,,114960.2175,11598.3175,382785.4325,
Desai,2022-07-01,23568.1,,,211176.32,,,45761.2775,28421.0,87204.045,102313.0,,,,144596.94,,27957.0,,,,115386.715,13874.7875,343348.40750000003,
Desai,2022-08-01,24197.1,,,196677.83500000002,,,45623.0025,28421.0,79170.5875,108496.435,,,,162290.055,,14625.0,,,,119514.4625,13828.7225,310435.6125,
Desai,2022-09-01,24930.1,,,168732.46499999997,,,46055.2325,30095.0,92604.8975,93653.08499999999,,,,154668.14,,29701.0,,,,119234.17000000001,13827.3,302415.3575,
Desai,2022-10-01,24197.1,,,202087.195,,,45844.4875,28421.0,91087.26,93757.2475,,,,158300.81,,27957.0,,,,111806.3275,13874.7875,354631.1225,
Desai,2022-11-01,24930.1,,,171648.075,,,46143.994999999995,29309.0,91324.7,91718.82,,,,187503.7125,,28829.0,,,,101586.7475,12902.325,346299.53,
Dhanbad,2022-04-01,,,,,,,,,,,,,,,,16040.0,,,,159828.0,,10076.0,
Dhanbad,2022-05-01,,,,,,,,,,,,,,,,16040.0,,,,159198.96774193548,,11195.0,
Dhanbad,2022-06-01,,,,,,,,,,,,,,,,16040.0,,,,176598.0,,11195.0,
Dhanbad,2022-07-01,,,,,,,,,,,,,,,,16040.0,,,,166831.1935483871,,11195.0,
Dhanbad,2022-08-01,,,,,,,,,,,,,,,,16502.612903225807,,,,174488.8064516129,,11516.709677419354,
Dhanbad,2022-09-01,,,,,,,,,,6416.0,,,,,,16040.0,,,,183204.66666666666,,0.0,
Dhanbad,2022-10-01,,,,,,,,,,16449.225806451614,,,,,,16449.225806451614,,,,180221.5806451613,,,
Dhanbad,2022-11-01,,,,,,,,,,10694.0,,,,,,10694.0,,,,124387.0,,,
Eastern,2022-04-01,,77397.0,,826497.3333333334,,,,,212109.66666666666,252451.0,,,,308992.3333333333,,147034.0,,26815.0,,182884.9,118926.0,1176079.0,
Eastern,2022-05-01,,96295.0,,850142.6129032258,,,,,215585.90322580645,283555.0,,,,357488.48387096776,,200055.0,,33138.0,,216599.87096774194,133109.0,1161458.6774193547,
Eastern,2022-06-01,,88032.0,,735449.0,,,,,254904.0,275992.0,,,,435405.3333333333,,204617.0,,37623.0,,226127.0,102917.33333333333,1315701.0,
Eastern,2022-07-01,,72643.0,,807228.2258064516,,,,21703.0,241966.25806451612,267317.0,,,,639653.7096774194,,193490.0,,56148.58064516129,,221616.29032258064,99430.16129032258,1312276.8064516129,
Eastern,2022-08-01,,74707.0,,829851.1290322581,,,,,234446.25806451612,270142.9032258064,,,,618636.0322580645,,191311.0,,52615.48387096774,,220107.1935483871,90105.74193548388,1236211.7419354839,
Eastern,2022-09-01,,63211.0,,757217.6666666666,,,,,234347.33333333334,261176.33333333334,,,,428855.3333333333,,191722.0,,49521.0,,207339.66666666666,82017.0,1242535.6666666667,
Eastern,2022-10-01,,74851.0,,753852.8709677419,,,,,220320.38709677418,265653.77419354836,,,,484031.54838709673,,195621.0,,46258.45161290323,,214748.83870967742,107331.58064516129,1507306.3225806453,
Eastern,2022-11-01,,58534.0,,753018.0,,,,,245845.33333333334,263764.0,,,,462111.3333333334,,198675.0,,58312.0,,218155.66666666666,106451.66666666667,1350048.6666666665,
Gaya,2022-04-01,,,,,,,,,,,,,,,,,,,,17772.0,,,
Gaya,2022-05-01,,,,,,,,,,,,,,,,,,,,43479.0,,,
Gaya,2022-06-01,,,,,,,,,,,,,,,,,,,,45915.0,,,
Gaya,2022-07-01,,,,,,,,,,,,,,,,,,,,82109.0,,,
Gaya,2022-08-01,,,,,,,,,,,,,,,,,,,,66738.7741935484,,,
Goa,2022-04-01,16950.0,,,,,,62302.0,,11786.0,39229.0,18006.0,,,56342.0,,30000.0,,25000.0,,181256.0,,91352.0,
Goa,2022-05-01,24696.0,,,,,,58318.0,,11786.0,39242.0,18006.0,,,58855.0,,41260.0,,25000.0,,206117.0,,78482.0,
Goa,2022-06-01,25056.0,,,,,,67785.0,,11966.0,40599.0,18186.0,,,64124.0,,50178.0,,25180.0,,177860.0,,95439.0,
Goa,2022-07-01,23447.0,,,17151.0,,,66282.0,,11786.0,40239.0,18006.0,,,77205.0,,41635.0,,25000.0,,189864.0,,82147.0,
Goa,2022-08-01,24696.0,,,12172.0,,,55247.0,,11786.0,40239.0,18006.0,,,60908.0,,41635.0,,25000.0,,142210.0,,94527.0,
Goa,2022-09-01,33725.0,,,0.0,,,42169.0,,11786.0,38920.33333333333,18006.0,,,58307.0,,41635.0,,25000.0,,158647.0,,82533.0,
Goa,2022-10-01,40629.0,,,,,,41964.0,,11786.0,36713.0,18006.0,,,58564.0,,41635.0,,25000.0,,159268.0,,83613.0,
Goa,2022-11-01,40629.0,,,,,,44228.0,,11786.0,36039.0,18006.0,,,58564.0,,41635.0,,25000.0,,162476.0,,77693.0,
Gurgaon,2022-04-01,429314.12833333336,413038.4425,,1127974.0225,,75199.0,544061.9,471560.5275,570444.48,243038.0,32500.0,47339.0,,505955.8725,,126953.0,,117325.0,,2570813.9050000003,,1440774.6925,
Gurgaon,2022-05-01,394111.0,428860.0,,1061056.0,,89033.0,501261.0,457746.0,606414.0,290200.0,32500.0,47942.0,,523777.0,,126061.0,,113871.0,,2551282.0,,1498627.0,
Gurgaon,2022-06-01,467616.5,418168.0,,999731.45,,70055.0,558412.45,405549.85,419050.05,296608.0,32500.0,30918.0,,518536.55,,124957.0,,121786.0,,2381648.0,,1368228.3,
Gurgaon,2022-07-01,470684.75,415642.8,,1049986.25,,66829.0,546471.5,417532.45,548385.6,342675.0,32500.0,30918.0,,499469.1,,120357.0,,116577.0,,2209158.0,,1405996.9,
Gurgaon,2022-08-01,431452.0,423629.0,,1194435.0,68000.0,,534064.0,411128.0,556842.0,340840.0,32500.0,30918.0,,529083.0,,118115.0,,108882.0,,2215011.0,,1465396.0,
Gurgaon,2022-09-01,389224.35,410314.6,,1141084.75,70055.0,,520075.4,433067.1,534884.05,349146.0,32500.0,30918.0,,501281.0,,119579.0,,104682.0,,2105606.9,,1591166.65,
Gurgaon,2022-10-01,410283.85,426684.0,,1112059.75,69029.0,,603709.85,413717.1,529247.15,341617.0,32500.0,30918.0,,437840.3,,118881.0,,102051.0,,1955945.4,,1546416.4,
Gurgaon,2022-11-01,370126.0,382619.0,,1037613.0,70055.0,,537489.0,410459.0,575135.0,324670.0,32500.0,,30918.0,420259.0,,119558.0,,102695.0,,1920380.0,,1512972.9,
Guwahati,2022-04-01,9335.0,11484.0,,45099.0,,16201.0,,12309.0,,16778.0,,,,24503.0,,,,0.0,,229470.66666666666,14989.0,66210.0,
Guwahati,2022-05-01,10373.0,11113.0,,42038.0,,17136.0,,11730.0,,14981.0,,,,24783.0,,,,,,217780.90322580645,14098.0,65809.0,
Guwahati,2022-06-01,10373.0,10873.0,,43142.0,,16201.0,,11642.0,,16304.0,,,,26478.0,,,,,,338906.0108333333,14146.0,65272.0,
Guwahati,2022-07-01,10038.0,10567.0,,42233.0,,16201.0,,11309.0,,13768.0,,,,24740.0,,,,,,337799.51693548384,10039.0,64558.0,
Guwahati,2022-08-01,10373.0,11159.0,,43149.0,16669.0,,,11632.0,,29579.0,,,,25448.0,,,,,,307353.52419354836,14554.0,66587.0,
Guwahati,2022-09-01,10373.0,10873.0,,42867.0,16684.0,,,11265.0,,26110.0,,,,25027.0,,,,,,291818.44916666666,14096.0,66437.0,
Guwahati,2022-10-01,10496.0,2727.0,,40278.0,17604.0,,,12095.0,,27008.0,,,,8525.0,,,,,,284133.06451612903,6845.0,70395.0,
Guwahati,2022-11-01,10373.0,,,46020.0,11955.0,,,13143.0,,28749.0,,,,,,,,,,264558.0,,91542.0,
Gwalior,2022-04-01,9247.0,,,,,,,,,,,,,,,,,,,219980.4,,,
Gwalior,2022-05-01,8054.0,,,,,,,,,,,,,,,,,,,211294.74193548388,,,
Gwalior,2022-06-01,9277.0,,,,,,,,,,,,,,,,,,,228079.33333333334,,,
Gwalior,2022-07-01,0.0,,,,,,,,,,,,,,,,,,,197819.5806451613,,,
Gwalior,2022-08-01,6860.0,,,,,,,,,,,,,,,,,,,194672.64516129033,,,
Gwalior,2022-09-01,9247.0,,,,,,,,,,,,,,,,,,,155811.0,,,
Gwalior,2022-10-01,9247.0,,,,,,,,,,,,,,,,,,,164736.4193548387,,,
Gwalior,2022-11-01,9247.0,,,,,,,,,,,,,,,,,,,138488.0,,,
Hyd Arush,2022-04-01,,,,,,23800.0,,,,132408.36,13527.48,,,,,78761.0,,,,648673.1333333333,,,
Hyd Arush,2022-05-01,,,,,,27977.0,,,,126316.08,14163.36,,,,,71061.97161290323,,,,594349.92,,,
Hyd Arush,2022-06-01,,,,,,28855.0,,,,103184.34333333334,14168.36,,,,,65768.0,,,,597895.8,,,
Hyd Arush,2022-07-01,,,,,,25360.0,,,,93313.12,4112.639999999999,,,,,51150.05935483871,,,,583716.0941935484,,,
Hyd Arush,2022-08-01,,,,,23614.0,,,15000.0,,102547.68451612903,,,,,,44267.15225806452,,,,498247.2122580645,,,
Hyd Arush,2022-09-01,,,,,12439.6,,,61042.176666666666,,93757.29000000001,,,,,,19647.0,,,,392263.699,16684.36,,
Hyd Arush,2022-10-01,,,,,15000.0,,,74195.24096774193,,76237.52516129032,,,,,,19647.0,,,,379773.0464516129,18127.166451612902,,
Hyd Arush,2022-11-01,,,,,15000.0,,,72086.25666666667,,74114.88,,,,,,19647.0,,,,383535.4162903226,18175.260000000002,,
Indore,2022-04-01,,,,6429.0,,,14707.0,30634.0,12022.4,28013.0,11346.0,,,39362.0,,,,,,298017.0,12905.0,174248.8,
Indore,2022-05-01,,,,12800.0,,,13471.0,30743.0,12327.870967741936,31883.0,14923.0,,,29941.0,,,,,,320423.0,13350.0,181370.48387096773,
Indore,2022-06-01,,,,2766.0,,,13501.0,24300.0,11714.2,45482.0,,,,31873.533333333333,,,,,,292439.6666666666,13380.0,155806.16666666666,
Indore,2022-07-01,,,,,,,,27513.387096774197,12000.58064516129,46144.0,,,,29072.161290322583,,16013.0,,,,312134.41311134235,12919.0,139405.22580645164,
Indore,2022-08-01,,,,,,,,22733.0,11307.290322580646,47469.0,,,,13321.0,,19645.645161290322,,,,301921.3870967742,13306.09677419355,106982.32258064517,
Indore,2022-09-01,,,,33117.7,,,,13228.0,12698.8,41284.0,,,,42017.53333333333,,19664.066666666666,,,,291400.0,14950.0,81441.6,
Indore,2022-10-01,,,,36285.967741935485,,,,14077.774193548386,11346.0,40843.0,,,,38716.35483870968,,19645.645161290322,,,,288690.32258064515,13350.0,82893.90322580645,
Indore,2022-11-01,,,,33397.2,,,,13000.0,11346.0,41968.0,,,,39540.46666666667,,18139.0,,,,292900.0,12415.0,73393.4,
JP,2022-04-01,,,,,,,121423.0,,,89613.0,,,,,,55754.0,,,,24583.0,,,
JP,2022-05-01,,,,,,,138776.28,,,99735.12,,,,,,65152.64,,,,27622.0,,,
JP,2022-06-01,,,,,,,98940.84,,,72558.08,,,,,,24152.56,,,,88002.36,,,
JP,2022-07-01,,,,,,,122847.72,,,63062.880000000005,,,,,,75312.6,,17500.8,,26422.0,,,
JP,2022-08-01,,,,,,,119093.2,,,65120.12,,,,,,75267.6,,18617.92,,26103.0,,,
JP,2022-09-01,,,,,,,84504.44,,,63062.880000000005,,,,,,24107.56,,16660.04,,73753.08,,34500.0,
JP,2022-10-01,,,,,,,83058.12,,,65317.76,,,,,,24107.56,,16660.04,,71171.32,,34500.0,
JP,2022-11-01,,,,,,,83092.56,,,67449.44,,,,,,24107.56,,16660.04,,74293.64,,34500.0,
Jaipur,2022-04-01,,,,,,,168200.0,,24411.645161290326,87797.0,,,,,,88331.95,,,,719567.9950537635,,,
Jaipur,2022-05-01,,,,,,,175497.33870967742,,12296.0,103183.0,,,,,,93274.54838709677,,,,805363.3333333333,,,
Jaipur,2022-06-01,,,,,,,181067.91666666666,,28478.0,56426.0,,,,,,104733.8,,,,747459.2,,,
Jaipur,2022-07-01,,,,,,,181706.85483870967,,21184.06451612903,96369.0,,,,,,96837.12903225806,,,,749517.1935483871,,,
Jaipur,2022-08-01,,,,,,,217426.93548387097,,15226.0,99130.0,,,,,,98621.12903225806,,,,783235.9032258064,,,
Jaipur,2022-09-01,,,,,,,210568.08333333334,,16000.0,96864.0,,,,,,98400.8,,,39261.29032258065,702652.2322580646,,,
Jaipur,2022-10-01,,,,,,,198911.29032258064,,15742.0,72079.0,,,,,18029.0,98363.12903225806,,,43466.0,711242.1505376344,,,
Jaipur,2022-11-01,,,,,,,213320.58333333334,,15466.0,73057.0,,,,,19272.0,95838.8,,,,736440.8666666667,,,
Jalandhar,2022-04-01,,,,,,,,,,11692.44,,,,,,13786.666666666668,,,,281802.38763333333,,13314.63,
Jalandhar,2022-05-01,,,,,,,,,,14109.68,,,,,,10871.075268817203,,,,275455.6540860215,,11909.238709677418,
Jalandhar,2022-06-01,,,,,,,,,,12264.8,,,,,,7150.0,,,,197825.39333333334,,11524.58,
Jalandhar,2022-07-01,,,,,,,,,,12716.6,,,,,,9203.333333333334,,,,168457.01268817205,,,
Jalandhar,2022-08-01,,,,,,,,,,12671.250322580645,,,,,,,,,,153970.00731182797,,,
Jalandhar,2022-09-01,,,,,,,,,,12701.52,,,,,,,,,,153263.3634408602,,,
Jalandhar,2022-10-01,,,,,,,,,,13517.530322580646,,,,,,,,,,193072.3932078853,,,
Jalandhar,2022-11-01,,,,,,,,,,12046.0,,,,,,,,,,177932.6531182796,,,
Jamshedpur,2022-04-01,11195.0,,,30425.0,,28700.0,,10320.0,,12235.0,,,,25752.0,,41608.0,,,,278878.6666666666,15829.0,50351.0,
Jamshedpur,2022-05-01,10472.0,,,32213.8064516129,,28700.0,,10596.90322580645,,12589.193548387097,,,,30316.8064516129,,77025.41935483871,,,,225040.85483870967,15596.0,53102.161290322576,
Jamshedpur,2022-06-01,11154.433333333332,,,32179.166666666668,,28700.0,,10594.266666666666,,12967.0,,,,19135.266666666666,,79058.26666666666,,,,270545.06666666665,16117.0,56177.33333333333,
Jamshedpur,2022-07-01,10472.0,,,32041.8064516129,,28700.0,,10636.451612903225,,12943.387096774193,,,,10596.90322580645,,76610.41935483871,,,,256219.4516129032,8355.0,60812.6129032258,
Jamshedpur,2022-08-01,11478.41935483871,,,34069.25806451613,30435.483870967742,,,10596.90322580645,,12943.387096774193,,,,9258.451612903225,,75745.2258064516,,,,263315.6069153226,,42465.709677419356,
Jamshedpur,2022-09-01,9702.0,18915.0,,45866.4,28700.0,,,23442.9,,12235.0,,,,18534.766666666666,,82082.13333333333,,,,294777.56666666665,,52117.26666666666,
Jamshedpur,2022-10-01,11156.709677419354,25620.83870967742,,41758.25806451613,30435.483870967742,,,3099.0,,12548.387096774193,,,,24830.129032258064,,75463.87096774194,,,,292901.7622177419,,73990.93548387097,
Jamshedpur,2022-11-01,12857.166666666666,29645.333333333332,,44468.0,33183.333333333336,,,,,14065.0,,,,18260.666666666664,,68783.33333333334,,,,270633.0,,52207.33333333333,
Jhansi,2022-06-01,,,,,,,,,,,,,,,,,,,,,,8785.0,
Jhansi,2022-07-01,,,,,,,,,,,,,,,,18827.0,,,,,,,
Jhansi,2022-08-01,,,,,,,,,,,,,,2717.0,,21816.0,,,,28435.93548387097,,2717.0,
Jhansi,2022-09-01,,,,28955.0,,,,11196.0,,,,,,21374.0,,18827.0,,,,102925.0,6178.0,26500.0,
Jodhpur,2022-04-01,,,,,,,,,,16500.0,,,,,,31870.0,,,,220923.5,,,
Jodhpur,2022-05-01,,,,,,,,,,16500.0,,,,,,35058.0,,,,271522.9225806452,,,
Jodhpur,2022-06-01,,,,,,,,,,16500.0,,,,,,32526.0,,,,180963.48333333334,,,
Jodhpur,2022-07-01,,,,,,,,,,15702.0,,,,,,33894.0,,,,199897.55,,,
Jodhpur,2022-08-01,,,,,,,,,,16500.0,,,,,,34420.0,,,,221995.8919354839,,,
Jodhpur,2022-09-01,,,,,,,,,,16500.0,,,,,,34420.0,,,,210425.61774193548,,,
Jodhpur,2022-10-01,,,,,,,,,,16500.0,,,,,,34420.0,,,,212794.01666666666,,,
Jodhpur,2022-11-01,,,,,,,,,,16500.0,,,,,,34420.0,,,,208381.4435483871,,,
Kanpur,2022-04-01,,,,,,,3502.0,,,,,,,,,,,,,265167.0,,,
Kanpur,2022-05-01,,,,,,,,,,,,,,,,,,,,244774.0,,,
Kanpur,2022-06-01,,,,,,,,,,,,,,,,,,,,272547.0,,,
Kanpur,2022-07-01,,,,,,,,,,,,,,,,,,,,268874.0,,,
Kanpur,2022-08-01,,,,,,,14941.0,,,,,,,,,17219.0,,,,251172.0,,,
Kanpur,2022-09-01,,,,,,,14522.0,,,,,,,,,16819.0,,,,238149.0,,,
Kanpur,2022-10-01,,,,,,,14941.0,,,,,,,,,17219.0,,,,235237.0,,,
Kanpur,2022-11-01,,,,,,,14522.0,,,,,,,,,16359.0,,,,258214.0,,,
Kharagpur,2022-04-01,,,,,,,,,,,,,,,,,,,,23730.0,,,
Kharagpur,2022-05-01,,,,,,,,,,,,,,,,,,,,23730.0,,,
Kharagpur,2022-06-01,,,,,,,,,,,,,,,,,,,,185502.4,,,
Kharagpur,2022-07-01,,,,,,,,,,,,,,,,,,,,185265.96774193548,,,
Kharagpur,2022-08-01,,,,,,,,,,,,,,,,,,,,185265.96774193548,,,
Kharagpur,2022-09-01,,,,,,,,,,,,,,,,,,,,190036.8333333333,,,
Kharagpur,2022-10-01,,,,,,,,,,,,,,,,,,,,170272.1935483871,,,
Kharagpur,2022-11-01,,,,,,,,,,,,,,,,,,,,162081.96666666667,,,
Kolkata,2022-04-01,10000.0,,,,,27750.0,15636.933333333334,111488.86666666667,,155488.5,,,,,,36800.0,,,,794951.5333333333,11856.466666666667,,
Kolkata,2022-05-01,6500.0,,,,,27750.0,17109.032258064515,118585.4193548387,,155398.41935483873,,,,,,36800.0,,,,771808.806451613,12266.0,,
Kolkata,2022-06-01,11000.0,,,,,27765.0,20581.893333333333,120933.88666666667,,148871.50885416666,,,,,,0.0,,,,667100.1323958334,23847.666666666664,,
Kolkata,2022-07-01,11000.0,,,,,27750.0,,118170.73548387097,,130636.27686491935,,,,,,,,,,682149.9292842742,59499.587096774194,,
Kolkata,2022-08-01,11354.838709677419,,,,27750.0,,,130935.53548387098,,131537.94334677418,,,,,,,,,,635364.1728326613,61185.27741935484,,
Kolkata,2022-09-01,11000.0,,,,27750.0,,,127646.8,,141844.1421875,,,,,,,,,,680523.6463541667,59127.36,,
Kolkata,2022-10-01,11000.0,,,,27750.0,,,127047.91612903227,,160025.18125000002,,,,,,,,,,670159.6753024193,58238.941935483876,,
Kolkata,2022-11-01,11000.0,,,,27750.0,,,134328.2,,146109.1421875,,,,,,,,,,733857.0353326612,57828.72666666667,,
Kota,2022-04-01,,,,,,,,,,24226.0,,,,,,17999.0,,,,167412.1666666667,,,
Kota,2022-05-01,,,,,,,,,,29917.0,,,,,,24319.0,,,,185605.44677419355,,,
Kota,2022-06-01,,,,,,,,,,27500.0,,,,,,21159.0,,,,162704.4166666667,,,
Kota,2022-07-01,,,,,,,,,,26670.0,,,,,,21159.0,,,,173029.39838709676,,,
Kota,2022-08-01,,,,,,,,,,27500.0,,,,,,21159.0,,,,209026.44838709678,,,
Kota,2022-09-01,,,,,,,,,,27500.0,,,,,,21159.0,,,,190594.41612903227,,,
Kota,2022-10-01,,,,,,,,,,27086.0,,,,,,20818.0,,,,207515.13333333333,,,
Kota,2022-11-01,,,,,,,,,,27500.0,,,,,,21159.0,,,,215676.5806451613,,,
Lucknow,2022-04-01,16298.0,97835.0,,279613.0,,,277374.0,85690.0,44570.0,98221.0,,,,88777.0,,41474.0,,30160.0,,649482.0,11312.0,300493.0,
Lucknow,2022-05-01,14679.645161290322,95728.59526881721,,271929.85322580644,,,306222.82043010753,74004.46559139785,51546.97096774194,91765.03225806452,,,,94293.30430107527,,40506.77419354839,,28612.0,,657985.9339784946,12285.0,280504.33978494623,
Lucknow,2022-06-01,16253.733333333334,90961.31666666667,,281918.99333333335,,,302120.73086021503,76378.12365591398,52053.42333333333,82738.33333333334,,,,91946.31666666667,,38430.0,,30160.333333333332,,678245.2179569892,12695.0,280055.8543010753,
Lucknow,2022-07-01,16298.0,87868.49731182796,,280071.2034408602,,,325719.43731182796,78432.45913978494,55310.590000000004,101623.72311827957,,,,84672.81849462366,,39415.086021505376,,16889.0,,710209.598172043,13221.933333333332,285993.19086021505,
Lucknow,2022-08-01,16738.290322580644,85223.58064516129,,285849.3838709677,,,331259.9806451613,77714.25806451614,50597.11935483871,100779.7258064516,,,,79470.75483870968,,42792.67741935484,,30160.0,,631771.464516129,13208.741935483871,291066.5,
Lucknow,2022-09-01,14475.066666666668,59854.63978494624,,298824.0253763441,11114.0,,198887.2529032258,65437.7,46506.0,193522.7876344086,,,,76697.94623655913,,42983.333333333336,,29207.0,,559957.9158064516,12328.0,319780.6258064516,
Lucknow,2022-10-01,9238.0,54959.01612903226,,280624.6182795699,24303.225806451614,,197968.41935483873,65758.53548387098,48512.445913978496,197406.57655913976,,,,85318.51612903226,,40591.4623655914,,8917.0,,515892.7613978495,12371.0,332407.2327956989,
Lucknow,2022-11-01,16846.0,58934.43978494624,,269362.74096774193,23600.0,,59229.61688172043,66969.10752688172,49371.81838709678,199452.50096774194,,,,94102.00107526881,,41806.666666666664,,,,558186.9377419355,12783.0,347130.4693548387,
Ludhiana,2022-04-01,,,,12098.960000000001,,,,,,14400.966666666667,,,,,,,,,,233390.13466666668,,44379.8296,
Ludhiana,2022-05-01,,,,11595.6,,,,,,16946.6,,,,,,,,,,248302.61118279572,,42559.056774193545,
Ludhiana,2022-06-01,,,,10950.2,,,,,,16260.04,,,,,,,,,,213535.17333333334,,41837.78,
Ludhiana,2022-07-01,,,,,,,,,,15212.6,,,,,,,,,,247969.29032258064,,,
Ludhiana,2022-08-01,,,,,,,,,,17195.007741935486,,,,,,,,,,259722.7552688172,,,
Ludhiana,2022-09-01,,,,,,,,,,15718.44,,,,,,,,,,288215.1911827957,,,
Ludhiana,2022-10-01,,,,,,,,,,16727.523870967743,,,,,,,,,,226318.48086021506,,,
Ludhiana,2022-11-01,,,,,,,,,,16260.04,,,,,,,,,,209344.70430107525,,,
Muzaffarpur,2022-04-01,,,,,,,,,,,,,,,,16040.3225,,,,83432.18033333334,,,
Muzaffarpur,2022-05-01,,,,,,,,,,,,,,,,15524.0,,,,90547.0,,,
Muzaffarpur,2022-06-01,,,,,,,,,,,,,,,,16040.0,,,,66544.0,,,
Muzaffarpur,2022-07-01,,,,,,,,,,,,,,,,,,,,115792.0,,,
Nagpur,2022-04-01,10678.0,,,77240.5,,,,16300.0,16149.0,31219.0,,,,70868.16666666666,,,,19425.0,,361424.0,,112307.33333333333,
Nagpur,2022-05-01,9989.096774193547,,,74255.0,,,,16300.0,16705.0,31743.0,,,,76251.0,,,,19425.0,,293916.0,,138907.0,
Nagpur,2022-06-01,15161.0,,,72220.0,,,,16336.0,15627.0,31815.0,,,,61818.0,,,,15424.0,,310536.0,,119094.0,
Nagpur,2022-07-01,15125.0,,,70564.6129032258,,,,16243.935483870968,16165.0,29717.0,,,,49823.0,,,,15388.0,,256919.64516129033,,99769.83870967742,
Nagpur,2022-08-01,15125.0,,,79037.20967741936,,,,16769.935483870966,2965.0,33106.096774193546,,,,48045.290322580644,,,,15827.516129032258,,258205.93548387097,,112730.51612903226,
Nagpur,2022-09-01,15125.0,,,71302.5,,,,16785.6,15070.0,32678.4,,,,46708.0,,,,,,288271.0322580645,,95643.75,
Nagpur,2022-10-01,13173.0,,,89916.51612903226,,,,16300.0,15070.0,31743.0,,,,46236.0,,,,,,258233.0,,105033.80645161291,
Nagpur,2022-11-01,9166.666666666668,,,91937.16666666667,,,,16300.0,15070.0,31743.0,,,,46708.0,,,,,,199933.0,,105888.16666666667,
Nashik,2022-04-01,,25708.0,,26313.666666666668,,,,13106.0,,,,,,16772.666666666668,,,,12098.0,,86303.0,,53592.0,
Nashik,2022-05-01,8709.677419354839,28781.0,,30347.0,,,,14148.0,,,,,,25279.16129032258,,,,14634.0,,117074.29032258064,,54147.0,
Nashik,2022-06-01,9000.0,29308.0,,28083.333333333336,,,,14907.0,,,,,,25654.0,,,,14150.0,,178954.66666666666,,59374.0,
Nashik,2022-07-01,8419.354838709678,28293.0,,30347.0,,,,15122.0,,,,,,23928.0,,,,14634.0,,185588.8064516129,,58049.0,
Nashik,2022-08-01,9000.0,29756.0,,30347.0,,,,15122.0,,,,,,23196.0,,,,14148.0,,166891.38709677418,,58537.0,
Nashik,2022-09-01,9000.0,15122.0,,47688.0,,,,11000.0,,,,,,30244.0,,,,14618.0,,162462.0,15122.0,55862.0,
Nashik,2022-10-01,9000.0,15122.0,,48794.0,,,,11000.0,,22458.0,,,,28051.0,,,,15122.0,,169084.4193548387,11706.0,53927.0,
Nashik,2022-11-01,9000.0,15122.0,,49592.0,,,,11000.0,,21046.0,,,,28732.0,,,,15122.0,,159013.0,15122.0,55862.0,
Patiala,2022-07-01,,,,,,,,,,12420.237419354838,,,,,,,,,,87372.72,,,
Patiala,2022-08-01,,,,,,,,,,13858.43741935484,,,,,,,,,,94120.98451612903,,,
Patiala,2022-09-01,,,,,,,,,,14867.96,,,,,,,,,,138654.33290322582,,,
Patiala,2022-10-01,,,,,,,,,,13909.08,,,,,,,,,,144116.29333333333,,,
Patiala,2022-11-01,,,,,,,,,,14125.0,,,,,,,,,,148284.67741935485,,,
Patna,2022-04-01,,0.0,,12340.0,,17268.0,,16667.0,,32332.0,,,,37020.0,,,,22333.0,,182646.0,,94971.0,
Patna,2022-05-01,,,,11542.0,,17268.0,,15053.0,,30731.0,,,,36621.0,,,,20172.0,,181214.0,,100325.0,
Patna,2022-06-01,7406.0,,,11517.0,,0.0,,16667.0,16518.033333333333,33372.0,,,,37020.0,,,,24328.0,,211115.0,,104449.66666666667,
Patna,2022-07-01,14811.0,,,11941.0,,,,16667.0,,33372.0,,,,36222.0,,16040.0,,22333.0,,196221.0,,121022.0,
Patna,2022-08-01,14811.0,,,12340.0,,,,16667.0,,33372.0,,,,35426.0,,16040.0,,22333.0,,207904.0,,118835.0,
Patna,2022-09-01,14811.0,,,11106.0,,,,16667.0,,33372.0,,,,24680.0,,16040.0,,21589.0,,188290.0,,100852.0,
Patna,2022-10-01,14811.0,,,11941.0,,,,15591.0,,31218.0,,,,24281.0,,16040.0,,22333.0,,165917.0,,104205.0,
Patna,2022-11-01,14811.0,,,12340.0,,,,16667.0,,33372.0,,,,24680.0,,16040.0,,21589.0,,159535.0,,100774.0,
Pondy,2022-04-01,,,,105855.7755603956,,,,19738.8,7565.0,66001.03333333333,,,,36739.058568329616,,212461.05748362635,,24498.962111606583,,359168.65596554935,,89016.91944970463,
Pondy,2022-05-01,,,,121812.2258064516,,,,35433.87096774194,9071.0,68229.0,,,,42900.032258064515,,178653.32258064515,,27817.161290322583,,439337.6451612903,,107664.0,
Pondy,2022-06-01,8838.933333333332,,,108056.8,,20595.8,15450.0,28479.166666666668,21447.0,68715.9,,,,89584.33333333333,,9822.333333333334,,95000.0,,317030.73333333334,,211705.46666666665,
Pondy,2022-07-01,27959.774193548386,,,104435.03225806452,,21729.74193548387,25201.0,25328.870967741936,20140.645161290322,58955.77419354838,,,,79128.6129032258,,,,95000.0,,346953.4516129032,,274569.29032258067,
Pondy,2022-08-01,15267.322580645161,,,106374.16129032258,,21153.16129032258,12351.0,55658.51612903226,8327.0,69501.6129032258,,,,88582.70967741936,,8939.258064516129,,60000.0,,395293.32258064515,,245937.70967741936,
Pondy,2022-09-01,16951.2,,,120909.23333333334,,,37139.0,33959.9,19488.266666666666,71207.16666666667,,,,30670.800000000003,,21787.4,,97815.2,,349799.4,,300181.3,
Pondy,2022-10-01,17355.516129032258,,,120439.03225806452,21729.74193548387,,37551.0,21450.645161290322,19948.645161290322,71412.03225806452,,,,68323.80645161291,,,,60000.0,,358656.3870967742,,299814.03225806454,
Pondy,2022-11-01,18055.0,,,116539.0,20577.0,,37782.0,9655.0,13503.0,68249.0,,,,85221.0,,,,43103.0,,362494.0,,316817.0,
Prayagraj,2022-04-01,10332.0,,,25236.0,,,,11303.0,,,,,,17113.4,,31600.0,,28907.0,,187636.3,9795.133333333333,54701.1,
Prayagraj,2022-05-01,0.0,,,24014.32258064516,,,,10573.451612903225,,,,,,20540.67741935484,,31600.0,,33233.0,,212260.64516129033,9663.016129032258,51608.22580645161,
Prayagraj,2022-06-01,,,,24816.033333333333,,,,11303.0,,,,,,21635.0,,31600.0,,35698.0,,229552.7,10550.066666666668,50360.2,
Prayagraj,2022-07-01,,,,12210.774193548386,,,,11303.0,,,,,,10938.225806451614,,32561.290322580644,,36797.1935483871,,237619.54838709676,11531.548387096773,59136.48387096774,
Prayagraj,2022-08-01,,,,14078.258064516129,,,,11915.935483870968,,,,,,12606.612903225807,,35445.16129032258,25823.774193548386,13353.806451612903,,241999.0,12940.90322580645,69581.6129032258,
Prayagraj,2022-09-01,,9964.866666666667,,25173.033333333333,,,,11223.6,,,,,,22233.8,,33586.666666666664,,23155.0,,221572.26666666666,12952.5,56258.63333333333,
Prayagraj,2022-10-01,,11886.322580645161,,26266.290322580644,,,,11590.032258064517,,,,,,22514.548387096773,,33522.58064516129,24489.387096774193,,,215242.93548387097,12940.90322580645,58356.838709677424,
Prayagraj,2022-11-01,,11894.866666666667,,25534.933333333334,,,,11639.766666666666,,,,,,21831.1,,33586.666666666664,,24533.866666666665,,209467.41666666666,13372.466666666667,58404.63333333333,
Pune,2022-04-01,,,,41650.0,,,,,,8155.0,,,,,,,,,,208039.0,,17100.0,
Pune,2022-05-01,,,,33887.290322580644,,,,,,19346.0,,,,,,,,,,168918.0,,11080.451612903225,
Pune,2022-06-01,,,,37011.0,,,,,,19382.0,,,,,,,,,,220922.0,,24697.333333333336,
Pune,2022-07-01,,,,,,,,,,19346.0,,,,,,,,,,299917.0,,,
Pune,2022-08-01,,,,,,,,20129.129032258064,,19896.322580645163,,,,,,,,,,263211.5806451613,,,
Pune,2022-09-01,,,,,,,,14933.0,,19346.0,,,,,,,,,,261367.0,,,
Pune,2022-10-01,,,,,,,,16000.0,,19346.0,,,,,,26500.0,,,,247565.0,,,
Pune,2022-11-01,,,,,,,,16000.0,,19346.0,,,,,,26500.0,,,,237042.0,,,
Puri,2022-04-01,12001.0,,,,,,,,,14000.0,,,,,,,,,,147184.0,,,
Puri,2022-05-01,12001.0,,,,,,,,,14000.0,,,,,,,,,,149584.0,,,
Puri,2022-06-01,12001.0,,,,,,,,,14000.0,,,,,,,,,,145984.0,,,
Puri,2022-07-01,12001.0,,,,,,,,,14000.0,,,,,,,,,,149584.0,,,
Puri,2022-08-01,12001.0,,,,,,,,,14000.0,,,,,,,,,,151584.0,,,
Puri,2022-09-01,12001.0,,,,,,,,,14000.0,,,,,,,,,,151584.0,,,
Puri,2022-10-01,12001.0,,,,,,,,,14000.0,,,,,,,,,,172384.0,,,
Puri,2022-11-01,12001.0,,,,,,,,,15668.266666666666,,,,,,,,,,195448.06666666665,,,
Raipur,2022-04-01,,27291.12,,52427.159999999996,,,,18019.2,,,,,,48718.0,,,,,,176937.84,13380.8,65755.76,
Raipur,2022-05-01,,27212.36,,33233.64,,,,11355.08,,,18560.76,,,42271.36,,,,,,138230.96000000002,12948.88,84174.65419354838,
Raipur,2022-06-01,,26609.12,,25689.879999999997,,,,16044.88,,,,,,45933.88,18605.76,,,,,185783.04,13046.8,78476.34666666666,
Raipur,2022-07-01,,26090.36,,24343.239999999998,,,,15999.88,,,18560.76,,,15539.92,,,,,,207467.56,13001.8,124625.25677419355,
Raipur,2022-08-01,,26729.84,,26639.96,,,,15429.2,,,,,,16984.0,19629.76,40323.83870967742,,,,238508.56387096774,13734.8,77412.11870967741,
Raipur,2022-09-01,17600.72,26461.92,,25920.64,,,,11733.36,,,19112.76,,,16001.6,,28332.333333333332,,,,199210.36,13380.8,73638.56,
Raipur,2022-10-01,,26409.6,,23447.6,,,,,,,19095.76,,,16002.92,,20000.838709677417,,,,200112.36774193548,13368.8,77719.1664516129,
Raipur,2022-11-01,,26519.12,,19040.8,,,,,,,19112.76,,,14930.8,,20000.0,,,,150391.68,13380.8,89245.97333333333,
Rajkot,2022-04-01,9000.0,,,25734.0,,,,25861.0,,,,,,26921.0,,,,,,222611.0,12600.0,48558.0,
Rajkot,2022-05-01,9000.0,,,27099.0,,,,25432.0,,,,,,26215.0,,,,,,141487.48387096776,12600.0,48778.0,
Rajkot,2022-06-01,9000.0,,,27123.0,,,,25885.0,,,,,,27196.0,,,,,,147980.26666666666,12612.0,50898.0,
Rajkot,2022-07-01,9000.0,,,25759.0,,,,22791.0,,,,,,27188.0,,,,,,147279.74193548388,12600.0,53219.0,
Rajkot,2022-08-01,8129.0,,,10714.0,,,,23143.0,,,,,,23865.0,,,,,,108718.87096774194,12600.0,43665.0,
Rajkot,2022-09-01,9000.0,,,26055.0,,,,25419.0,,,,,,12180.0,,,,,,111707.33333333334,12180.0,23710.0,
Rajkot,2022-10-01,9000.0,,,26775.0,,,,23400.0,,,,,,12600.0,,,,,,83696.12903225806,12600.0,27706.0,
Rajkot,2022-11-01,9000.0,,,23288.0,,,,9660.0,,,,,,12600.0,,,,,,64097.333333333336,12600.0,25548.0,
Ranchi,2022-04-01,,,,,,,,,,,,,,,,,,,,40331.33333333333,,,
Ranchi,2022-05-01,,,,,,,,,,,,,,,,,,,,41016.0,,,
Ranchi,2022-06-01,,,,,,,,,,,,,,,,,,,,41016.0,,,
Ranchi,2022-07-01,,,,,,,,,,,,,,,,4657.0,,,,90479.87096774194,,,
Ranchi,2022-08-01,,,,,,,,,,10512.0,,,,,,16502.612903225807,,,,122051.12903225806,,,
Ranchi,2022-09-01,,,,,,,,,,14811.0,,,,,,16040.0,,,,124957.33333333334,,,
Ranchi,2022-10-01,,,,,,,,,,15188.516129032258,,,,,,16449.225806451614,,,,129594.0,,,
Ranchi,2022-11-01,,,,,,,,,,7406.0,,,,,,8021.0,,,,83907.5,,,
Sangli,2022-04-01,,,,7333.0,,,,15001.0,,8384.0,,,,,,,,,,116503.0,,19400.0,
Sangli,2022-05-01,,,,,,,,15001.0,,15290.0,,,,,,,,,,131621.48387096773,,20194.0,
Sangli,2022-06-01,,,,,,,,15037.0,,19059.0,,,,,,,,,,138831.0,,32050.0,
Sangli,2022-07-01,,,,,,,,15001.0,,6865.0,,,,,,,,,,135131.0,,38936.0,
Sangli,2022-08-01,8500.193548387097,,,,,,,15433.451612903225,,,,,,,,,,,,144462.74193548388,,63727.1935483871,
Sangli,2022-09-01,8500.0,,,2933.0,,,,15001.0,,,,,,,,,,,,160005.6666666667,,82033.0,
Sangli,2022-10-01,2742.0,,,,,,,24999.0,,,,,,,,,,,,159001.0,,69549.0,
Sangli,2022-11-01,11734.0,,,,,,,41104.0,,,,,,,,,,,,359070.0,,168063.33333333334,
Simba,2022-04-01,9129.0,52407.0,,896698.0266666666,,23600.0,,,160285.0,172668.6666666667,,,,347646.2365591398,,72505.66666666667,,27776.0,,305920.89247311826,126850.66666666667,1144632.8339784946,
Simba,2022-05-01,13751.0,60536.0,,982483.569892473,,29264.0,,,195915.9247311828,190101.36559139786,,,,412411.20430107525,,89218.0,,32892.0,,310241.688172043,122650.39784946237,1219862.0752688171,
Simba,2022-06-01,3368.0,55776.0,,947049.3333333334,,26468.0,,,183351.33333333334,185002.0,,,,447227.6666666667,,126251.68,,40516.333333333336,,360938.36,135067.76,1555256.6666666667,
Simba,2022-07-01,,59661.0,,1074189.870967742,,26432.0,,,180789.16129032258,200590.90322580645,,,,526630.2258064516,,52626.0,,37570.06451612903,,275937.0,103451.0,1804346.0967741935,
Simba,2022-08-01,,56430.0,,1012142.2903225806,,28021.0,,,213543.4193548387,201922.90322580645,,,,513327.9016129032,,54454.0,,31293.0,,254547.0,129796.0,1456146.7096774194,
Simba,2022-09-01,8533.333333333334,43554.0,,898926.3333333334,,27253.0,,,208070.33333333334,209120.0,,,,481803.1397849462,,55657.0,,16371.0,,250396.0,120627.0,1471299.3870967743,
Simba,2022-10-01,8258.064516129032,40576.0,,962565.3870967742,27227.0,,,,212094.32258064515,210273.1935483871,,,,585787.3440860215,,59582.0,,16787.0,,247220.0,128030.0,1763311.064516129,
Simba,2022-11-01,0.0,36912.0,,877300.3333333334,,35173.0,,,177887.0,207843.0,,,,590821.0,,56772.0,,16371.0,,252391.0,120256.0,1739614.322580645,
Surat,2022-04-01,8000.0,,,25347.0,,,,13495.0,,28284.0,,,,27056.0,,13495.0,,,,184073.0,,27335.0,
Surat,2022-05-01,8000.0,,,18414.0,,,,13884.483870967742,,28284.0,,,,37291.0,,13884.483870967742,,,,161268.96774193548,,18543.74193548387,
Surat,2022-06-01,8000.000000000001,,,12767.0,,,,13234.466666666667,,26059.0,,,,39464.933333333334,,13507.0,,,,182311.0,,12691.0,
Surat,2022-07-01,8000.0,,,19894.0,,,,11754.0,,14789.0,,,,48791.0,,13060.0,,,,159544.0,10795.0,19151.0,
Surat,2022-08-01,8000.0,,,18226.129032258064,,,,14319.0,,14789.0,,,,43295.0,,13495.0,,,,182977.5483870968,13236.032258064517,3818.0,
Surat,2022-09-01,7466.666666666667,,,27832.0,,,,3981.0,,14789.0,,,,46609.0,,13046.0,,,,136210.0,13916.0,24159.0,
Surat,2022-10-01,8000.0,19923.0,,25587.0,,,,,,14789.0,,,,27138.0,,13495.0,,,,144453.4516129032,13916.0,56502.0,
Surat,2022-11-01,8000.000000000001,37208.0,,27835.0,,,,,,0.0,,,,28381.0,,13495.0,,,,134192.0,27911.0,75125.0,
VPIM,2022-04-01,22657.0,,,246814.0,,,347204.0,71888.0,102479.0,127026.0,21716.0,,,159461.0,,48562.0,,46675.0,,485833.0,15872.0,360966.3333333333,
VPIM,2022-05-01,16161.451612903225,,,233525.0,,,326263.0,72368.03225806452,122516.41935483871,149280.70967741936,21716.0,,,186394.4516129032,,78540.07692307692,,46966.0,,511519.11166253104,15678.0,815873.7741935484,
VPIM,2022-06-01,40109.0,,,249828.93548387097,,,326102.0,77278.0,97654.7741935484,146535.87096774194,24430.0,,,185529.4516129032,,49133.0,,47274.0,,566382.0,17977.0,860293.1612903225,
VPIM,2022-07-01,27245.0,,,242297.16129032258,,,313478.0,63166.0,80150.16129032258,131432.93548387097,24418.0,,,162393.0,,34925.0,,46634.0,,306841.0,17965.0,839947.2580645161,
VPIM,2022-08-01,23500.0,,,245637.96774193548,,,253526.0,56461.0,115973.0,134932.0,24418.0,,,183394.0,,40464.0,,47701.0,,187339.0,17004.0,684805.9032258064,
VPIM,2022-09-01,23500.0,,,248477.0,,,222528.33333333334,76882.0,99859.66666666667,139602.0,24418.0,,,227322.66666666666,,25000.0,,36670.0,,197040.0,17525.0,570810.0,
VPIM,2022-10-01,16780.0,,,254504.39882697948,,,225836.8064516129,65325.48387096774,94362.1348973607,124478.0,24418.0,,,210054.97947214078,,21979.0,,31164.0,,201029.5483870968,17525.0,563224.2609970674,
VPIM,2022-11-01,23500.0,,,171797.80000000002,,,181248.06666666665,56485.933333333334,70962.0,111081.0,24418.0,,,189449.2,,,,32542.0,,163558.8333333333,16941.0,493011.43333333335,
Varanasi,2022-04-01,10577.0,,,22486.2,,,,11428.0,,,,,,30465.466666666664,,31559.999999999996,,,,202944.57333333333,8424.0,33747.0,
Varanasi,2022-05-01,0.0,,,21119.612903225807,,,,9664.483870967742,,,,,,31303.548387096773,,30600.0,,,,189928.8064516129,10530.0,32771.0,
Varanasi,2022-06-01,,,,22524.8,,,,8877.2,,,,,,33365.76666666666,,3131.0,,,,211348.6,10530.0,33415.83333333333,
Varanasi,2022-07-01,,,,,,,,32771.0,,,,,,33387.0,,,,,,259625.7258064516,10837.41935483871,33291.0,
Varanasi,2022-08-01,,,,,,,,35299.58064516129,,,,,,34635.06451612903,,,,,,240964.38709677418,11452.258064516129,35211.77419354839,
Varanasi,2022-09-01,,,,22038.0,,,,11758.6,,,,,,21652.766666666666,,,,11713.0,,226350.93333333335,10813.666666666666,54859.433333333334,
Varanasi,2022-10-01,,,,20723.483870967742,,,,11417.129032258064,,,,,,22298.032258064515,,,11673.0,,,229766.80645161288,10837.41935483871,54612.161290322576,
Varanasi,2022-11-01,,,,19874.858064516127,,,,11747.929032258064,,,,,,20553.036559139786,,,,0.0,,228809.6876344086,11155.086021505376,54358.4,
Venk,2022-04-01,10571.0,,,49744.0,,,59672.0,48398.0,7538.0,13134.0,,,,53824.0,,,,15835.0,,453432.0,24523.0,156950.0,
Venk,2022-05-01,11086.64,,,53709.8,,,60664.48,49836.0,1846.0,14166.0,,,,58171.0,,,,16868.0,,473004.76,26073.440000000002,145419.88,
Venk,2022-06-01,11086.64,,,54486.8,,,59577.0,49917.0,,14166.0,,,,57978.0,,,,16868.0,,485579.76,16460.48,161792.04,
Venk,2022-07-01,11086.64,,,44386.8,,,25115.0,27696.0,,14166.0,,,,28363.0,,,,16868.0,,338838.51999999996,13575.44,36714.68,
Venk,2022-08-01,11086.64,,,57595.119999999995,,,63246.32,50446.0,,14166.0,,,,59250.8,,,,12326.48,,480651.48,13575.44,150737.84,
Venk,2022-09-01,11086.64,,,54124.2,,,63817.72,52543.0,,14166.0,,,,64246.31999999999,,,,16868.0,,482556.52,13575.44,131812.64,
Venk,2022-10-01,11086.64,,,65514.167692307696,,,67530.52,52543.0,,42274.0,,,,60642.443076923075,,,,16438.093846153846,,440414.8,13575.44,149366.99692307692,
Venk,2022-11-01,11086.64,,,67584.8,,,66409.04000000001,52543.0,8135.0,41166.0,,,,63758.56,,,,15568.8,,413359.39999999997,13575.44,125548.44,
Vijaywada,2022-05-01,,,,,,,,,,,,,,,,,,,,154922.0,,,
Vijaywada,2022-06-01,,,,,,,,,,,,,,,,,,,,151971.0,,,
Vijaywada,2022-07-01,,,,,,,,,,,,,,,,,,,,128490.0,,,
Vijaywada,2022-08-01,,,,,,,,,,,,,,,,,,,,88407.0,,,
Vijaywada,2022-09-01,4560.0,,,8841.0,,,,18979.0,,,,,,36075.0,,,,,,116920.0,8376.0,24504.333333333332,
Vizag,2022-04-01,30500.0,,,55697.0,,,,29574.0,,20000.0,,,,42389.0,,,,,,189875.0,13308.0,53560.0,
Vizag,2022-05-01,30500.0,,,43883.0,,,,29574.0,,18064.0,,,,43883.0,,,,,,189959.0,14787.0,59343.0,
Vizag,2022-06-01,8000.0,,,76022.0,,,,29574.0,,20000.0,,,,14787.0,,22500.0,,14787.0,,188973.0,14787.0,44361.0,
Vizag,2022-07-01,29984.0,,,40545.0,,,,20989.0,,23800.0,,,,23851.0,,,,14787.0,,183757.0,14787.0,60772.0,
Vizag,2022-08-01,7742.0,,,59774.0,,,,,,23440.0,,,,,,22112.0,,14887.0,,178259.0,14887.0,83704.0,
Vizag,2022-09-01,7733.0,,,29774.0,,,,3150.0,,24155.0,,,,14887.0,,22112.0,,,,165652.0,14887.0,77913.0,14887.0
