unit_name,month,Present Head Count--Admin,Present Head Count--Audit & Refilling,Present Head Count--CHECKING,Present Head Count--Checking,Present Head Count--Data Analyst,Present Head Count--Data analyst,Present Head Count--Delivery,Present Head Count--Dispatch,Present Head Count--Expiry,Present Head Count--Finance & Accounts,Present Head Count--HR,Present Head Count--IT,Present Head Count--IT ,Present Head Count--Inward,Present Head Count--Overall Non - Ops,Present Head Count--Overall Operation,Present Head Count--PURCHASE,Present Head Count--Purchase,Present Head Count--SALES,Present Head Count--Sales,Present Head Count--Sales Return,Present Head Count--Store,Present Head Count--store
Ahmedabad,2022-04-01,,1.0,,3.95,,,,0.8,,0.9666666666666667,,,,2.666666666666667,,,,,,11.116666666666665,0.9666666666666667,2.416666666666667,
Ahmedabad,2022-05-01,,0.7903225806451613,,3.145161290322581,,,,0.9516129032258065,,1.0,,,,1.8387096774193548,,,,,,14.14516129032258,0.9032258064516129,1.806451612903226,
Ahmedabad,2022-06-01,,0.3333333333333333,,4.0,,,,1.0,,1.0,,,,2.783333333333333,,,,,,14.95,1.0666666666666667,3.3,
Ahmedabad,2022-07-01,,,,4.048387096774194,,,,0.9354838709677419,,1.0,,,,2.370967741935484,,,,,,15.290322580645162,0.967741935483871,4.080645161290323,
Ahmedabad,2022-08-01,,,,1.935483870967742,,,,1.0,,1.467741935483871,,,,3.0161290322580645,,,,,,15.29032258064516,1.0,4.629032258064516,
Ahmedabad,2022-09-01,,,,1.9833333333333334,,,,0.9666666666666667,,1.0,,,,2.166666666666667,,,,,,14.433333333333334,0.9666666666666667,5.0,
Ahmedabad,2022-10-01,,0.8709677419354838,,2.1451612903225805,,,,0.6774193548387096,,1.0,,,,2.9193548387096775,,,,,,14.61290322580645,,5.903225806451613,
Ahmedabad,2022-11-01,,0.4,,0.8833333333333333,,,,1.0,,1.0,,,,2.8666666666666667,,,,,,14.7,,9.600000000000001,
Aurangabad,2022-04-01,1.0333333333333334,,,2.033333333333333,,,,1.0333333333333334,,,,,,2.9,,1.0,,0.9666666666666667,,10.033333333333333,1.0333333333333334,2.966666666666667,
Aurangabad,2022-05-01,1.0,,,2.0,,,,1.0,,,,,,2.7903225806451615,,0.0,,0.5483870967741935,,10.5,1.0,3.0,
Aurangabad,2022-06-01,1.0,,,2.0,,,,1.0,,,,,,2.6166666666666667,,,,1.0,,12.816666666666666,1.0,3.566666666666667,
Aurangabad,2022-07-01,1.0,,,2.0,,,,0.7096774193548387,,,,,,2.967741935483871,,,,1.0,,14.612903225806452,1.0,3.903225806451613,
Aurangabad,2022-08-01,1.0,,,2.0,,,,1.0,,,,,,2.6774193548387095,,,,1.0,,14.887096774193548,1.0,4.0,
Aurangabad,2022-09-01,1.0,1.3333333333333333,,1.75,,,,1.0,,,,,,3.8166666666666664,,,,,,12.166666666666666,1.0,3.966666666666667,
Aurangabad,2022-10-01,1.0,1.0,,4.064516129032258,,,,1.032258064516129,,,,,,2.5161290322580645,,,,,,12.225806451612902,1.0,4.709677419354838,
Aurangabad,2022-11-01,0.8333333333333334,0.9666666666666667,,3.833333333333333,,,,1.0,,,,,,2.6333333333333333,,,,,,10.8,0.9666666666666667,4.75,
Aushad,2022-04-01,1.0,,,7.0,,,5.0,5.0,,8.0,,,,3.0,,1.0,,,,26.0,,24.0,
Aushad,2022-05-01,1.0,,,6.0,,,4.0,5.0,,7.0,,,,3.0,,1.0,,,,26.0,,25.0,
Aushad,2022-06-01,0.6666666666666666,,,2.6,,,2.466666666666667,4.766666666666667,,6.166666666666666,,,,1.5666666666666669,,2.466666666666667,,1.6666666666666667,,18.533333333333335,,20.933333333333334,
Aushad,2022-07-01,0.7096774193548387,,,2.4516129032258065,,,4.306451612903226,4.612903225806452,,5.548387096774193,,,,1.5806451612903225,,2.3870967741935485,,1.4516129032258065,,17.693548387096776,,21.70967741935484,
Aushad,2022-08-01,0.7419354838709677,,,1.6774193548387095,,,3.967741935483871,5.048387096774194,,5.790322580645162,,,,1.6451612903225805,,2.5161290322580645,,1.5483870967741935,,18.435483870967744,,24.29032258064516,
Balasore,2022-04-01,1.9,,,,,,,,,2.0,,,,,,,,,,6.733333333333333,,,
Balasore,2022-05-01,2.0,,,,,,,,,2.0,,,,,,,,,,9.741935483870968,,,
Balasore,2022-06-01,2.0,,,,,,,,,2.0,,,,,,,,,,7.866666666666666,,,
Balasore,2022-07-01,2.0,,,,,,,,,2.0,,,,,,,,,,9.0,,,
Balasore,2022-08-01,2.0,,,,,,,,,2.0,,,,,,,,,,10.0,,,
Balasore,2022-09-01,2.7333333333333334,,,,,,,,,2.0,,,,,,,,,,10.0,,,
Balasore,2022-10-01,3.0,,,,,,,,,1.0,,,,,,,,,,10.0,,,
Balasore,2022-11-01,3.0,,,,,,,,,1.0666666666666667,,,,,,,,,,10.0,,,
Belgam,2022-04-01,0.7000599422374802,,,2.1166666666666667,,,6.033333333333333,1.4,,1.8500899133562203,0.9166666666666666,,,1.4666666666666668,,2.0,,,,15.366666666666667,,7.716666666666666,
Belgam,2022-05-01,0.677477363455626,,,2.1937514172559816,,,6.2586446022981965,1.467886957026162,,1.8871837871189228,0.8064516129032258,,,1.4154603511103376,,1.935483870967742,,,,14.30703169907239,,8.746845122266345,
Belgam,2022-06-01,1.0,,,2.8499999999999996,,,6.583333333333333,2.6333333333333333,,1.85,1.0,,,0.9333333333333333,,2.0,,,,15.316666666666666,,11.6,
Belgam,2022-07-01,0.7576189044809021,,,2.37054800126273,,,7.666622535850139,1.6041302551926337,,1.997507278233114,1.0,,,1.7562253738498055,,2.0,,,,17.300142540564835,,11.788411241922018,
Belgam,2022-08-01,0.9032258064516129,,,2.9516129032258065,,,7.290322580645161,1.0,,1.8870967741935485,1.0,,,2.0,,2.0,,,,19.82258064516129,,12.241935483870968,
Belgam,2022-09-01,0.7494686938041524,,,2.3264226168901776,,,10.634505255527365,0.8308082638637188,,1.9970279086625589,1.0,,,1.7478071765132295,,2.0,,,,16.305328017397606,,11.5491119971004,
Belgam,2022-10-01,0.7494686938041524,,,2.3264226168901776,,,9.055889815150417,0.8308082638637188,,1.9970279086625589,1.0,,,1.7478071765132295,,2.0,,,,16.305328017397606,,10.80130482058717,
Belgam,2022-11-01,0.7494686938041524,,,2.3264226168901776,,,9.886698079014137,0.8308082638637188,,0.9970279086625589,1.9970279086625589,,,1.7478071765132295,,2.0,,,,17.302355926060166,,11.632113084450888,
Bhopal,2022-04-01,,,,,,,2.0,,,1.0,,,,,,1.1333333333333333,,,,11.833333333333334,,,
Bhopal,2022-05-01,,,,,,,1.0,,,1.0,,,,,,1.1290489095367144,,,,10.0,,,
Bhopal,2022-06-01,,,,,,,,,,1.0,,,,,,1.1333333333333333,,,,11.766666666666666,,,
Bhopal,2022-07-01,,,,,,,,,,0.9354838709677419,,,,,,1.0,,,,9.935483870967742,,,
Bhopal,2022-08-01,,,,,,,,,,0.03225806451612903,,,,,,0.16129032258064516,,,,9.096774193548388,,,
Bhopal,2022-09-01,,,,,,,,,,0.9333333333333333,,,,,,,,,,7.466666666666667,,,
Bhopal,2022-10-01,,,,,,,,,,1.0,,,,,,0.8387096774193549,,,,5.0,,,
Bhopal,2022-11-01,,,,,,,,,,1.0,,,,,,1.0,,,,4.966666666666667,,,
Bhubaneswar,2022-04-01,2.0,3.7,,5.333333333333334,,,,2.033333333333333,,1.1,,,,4.366666666666667,,0.0,,,,19.066666666666666,0.9666666666666667,9.333333333333334,
Bhubaneswar,2022-05-01,2.064516129032258,3.064516129032258,,4.258064516129032,,,,2.161290322580645,,1.0,,,,5.129032258064516,,,,,,16.70967741935484,0.967741935483871,9.96774193548387,
Bhubaneswar,2022-06-01,1.9,3.1,,4.033333333333333,,,,2.0,,1.0,,,,4.0,,,,1.0,,13.466666666666665,0.9333333333333333,9.166666666666668,
Bhubaneswar,2022-07-01,2.129032258064516,4.225806451612903,,4.32258064516129,,,,2.129032258064516,,1.032258064516129,,,,4.354838709677419,,,,1.064516129032258,,14.758064516129032,1.467741935483871,9.32258064516129,
Bhubaneswar,2022-08-01,2.129032258064516,4.064516129032258,,4.354838709677419,,,,2.129032258064516,,1.0,,,,4.451612903225806,,,,1.064516129032258,,15.193548387096774,1.967741935483871,9.548387096774192,
Bhubaneswar,2022-09-01,1.0666666666666667,5.533333333333333,,4.266666666666667,,,,2.2,,2.2333333333333334,,,,4.4,,,,1.1,,14.600000000000001,2.1,6.566666666666666,
Bhubaneswar,2022-10-01,1.032258064516129,4.967741935483871,,4.32258064516129,,,,2.161290322580645,,2.129032258064516,,,,5.354838709677419,,,,,,13.580645161290322,2.161290322580645,6.451612903225806,
Bhubaneswar,2022-11-01,1.0,5.3,,4.0,,,,2.0,,2.0,,,,4.966666666666667,,,,,,14.1,2.0,5.8,
Bilaspur,2022-04-01,,,,,,,,0.9333333333333333,,1.0666666666666667,,,,,,,,,,6.033333333333333,,,
Bilaspur,2022-05-01,,,,,,,,0.967741935483871,,0.967741935483871,,,,,,,,,,7.129032258064516,,,
Bilaspur,2022-06-01,,,,,,,,0.9666666666666667,,0.9666666666666667,,,,,,,,,,4.633333333333333,,,
Bilaspur,2022-07-01,,,,,,,,0.967741935483871,,0.6774193548387096,,,,,,,,,,7.5,,,
Bilaspur,2022-08-01,,,,,,,,0.9032258064516129,,0.967741935483871,,,,,,,,,,9.338709677419354,,,
Bilaspur,2022-09-01,,,,,,,,0.9333333333333333,,1.0,,,,,,,,,,7.0,,,
Bilaspur,2022-10-01,,,,,,,,1.0,,1.0,,,,,,,,,,7.354838709677419,,,
Bilaspur,2022-11-01,,,,,,,,1.0,,1.0,,,,,,,,,,8.183333333333334,,,
Bokaro,2022-04-01,,,,,,,,,,,,,,,,,,,,1.5666666666666667,,,
Bokaro,2022-05-01,,,,,,,,,,,,,,,,0.6129032258064516,,,,5.032258064516129,,,
Bokaro,2022-06-01,,,,,,,,,,,,,,,,0.5666666666666667,,,,4.433333333333334,,,
Bokaro,2022-07-01,,,,,,,,,,,,,,,,1.064516129032258,,,,10.225806451612904,,,
Bokaro,2022-08-01,,,,,,,,,,,,,,,,1.032258064516129,,,,10.741935483870968,,,
Bokaro,2022-09-01,,,,,,,,,,1.0,,,,,,1.0,,,,9.433333333333334,,,
Bokaro,2022-10-01,,,,,,,,,,0.8709677419354839,,,,,,0.967741935483871,,,,10.032258064516128,,,
Bokaro,2022-11-01,,,,,,,,,,0.6666666666666666,,,,,,0.6666666666666666,,,,7.0,,,
Chandigarh,2022-04-01,0.9666666666666667,0.9333333333333333,,4.675,,,,2.1833333333333336,1.1166666666666667,2.783333333333333,,0.0,,4.341666666666667,,2.066666666666667,,0.9333333333333333,,17.933333333333334,,8.575000000000001,
Chandigarh,2022-05-01,1.0,1.064516129032258,,5.209677419354838,,,,1.8225806451612903,0.6774193548387096,2.741935483870968,,,,4.048387096774194,,2.096774193548387,,1.0,,18.20967741935484,,7.854838709677419,
Chandigarh,2022-06-01,1.0,0.7666666666666667,,5.15,,,,2.1,1.05,3.033333333333333,,,,2.95,,1.9,,0.9666666666666667,,19.28333333333333,,6.833333333333333,
Chandigarh,2022-07-01,1.0,,,7.661290322580646,,,,2.4193548387096775,1.0,3.1935483870967745,,,,2.774193548387097,,2.0161290322580645,,1.0,,18.048387096774192,,10.483870967741936,
Chandigarh,2022-08-01,1.0,,,6.564516129032258,,,,2.225806451612903,1.032258064516129,2.096774193548387,,,,2.774193548387097,,2.0806451612903225,,0.967741935483871,,18.967741935483872,,11.983870967741936,
Chandigarh,2022-09-01,1.0,,,7.016666666666667,,,,3.1333333333333333,1.0333333333333334,1.7666666666666666,,,,3.7666666666666666,,1.6,,1.0,,17.366666666666667,,10.2,
Chandigarh,2022-10-01,1.0,0.9677419354838709,,9.516129032258064,,,,4.209677419354839,1.0161290322580645,2.032258064516129,,,,5.612903225806452,,1.096774193548387,,0.967741935483871,,18.983870967741936,,7.5,
Chandigarh,2022-11-01,0.9666666666666667,0.43333333333333335,,9.3,,,,4.166666666666667,1.0333333333333334,1.4666666666666668,,,,4.6,,1.0,,0.9666666666666667,,18.96666666666667,,9.816666666666666,
Chennai,2022-04-01,7.0,1.0666666666666667,,40.33333333333333,,2.6,5.233333333333333,18.883333333333333,11.966666666666667,15.600000000000001,0.2,3.0,,36.63333333333333,,,,2.966666666666667,,40.1,3.966666666666667,85.65,
Chennai,2022-05-01,2.8731362587140854,,,38.094070557227816,,2.1354719858214484,6.047106138094226,19.76376728789237,11.431978366827824,18.17195311112018,,0.9354838709677419,,34.39187401373268,,,,2.775253762021265,,39.400986702018635,3.855898150701018,98.4623700858238,
Chennai,2022-06-01,5.733333333333333,,,34.662962962962965,,2.066666666666667,5.992592592592593,18.71851851851852,11.603703703703705,17.000000000000004,,1.05,,34.67037037037037,,1.0333333333333334,,3.1000000000000005,,42.55185185185186,3.9833333333333334,104.29629629629629,
Chennai,2022-07-01,5.645161290322581,,,32.2831541218638,,2.096774193548387,5.695340501792114,20.650537634408604,10.602150537634408,17.752688172043012,,0.967741935483871,,33.38530465949821,,0.967741935483871,,2.838709677419355,,37.1415770609319,3.725806451612903,100.27240143369175,
Chennai,2022-08-01,5.193548387096774,,,32.71863799283154,2.129032258064516,,5.913978494623656,20.50179211469534,10.897849462365592,18.587813620071685,,1.0,,35.901433691756274,,1.0,,3.0,,38.38709677419355,3.661290322580645,108.58064516129032,
Chennai,2022-09-01,4.1000000000000005,,,33.864814814814814,1.6666666666666667,,7.118518518518519,28.651851851851852,12.481481481481481,18.96666666666667,,1.0333333333333334,,36.38703703703704,,1.0333333333333334,,2.8833333333333333,,39.083333333333336,3.6000000000000005,106.67962962962963,1.0333333333333334
Chennai,2022-10-01,2.838709677419355,,,31.591397849462368,1.935483870967742,,5.781362007168459,18.949820788530467,10.799283154121865,19.06451612903226,,0.967741935483871,,34.157706093189965,,0.967741935483871,,2.870967741935484,,34.87096774193549,3.806451612903226,103.54838709677418,
Chennai,2022-11-01,4.033333333333333,,,29.029629629629632,1.9666666666666668,,5.5777777777777775,19.131481481481483,12.30925925925926,21.61851851851852,,,1.0,33.57962962962963,,5.640740740740741,,2.8666666666666667,,36.18888888888889,3.6259259259259267,97.89444444444445,
Coimbatore,2022-04-01,2.158333333333333,,,10.979166666666668,,,5.716666666666667,3.6333333333333337,2.966666666666667,2.966666666666667,,0.9666666666666667,,6.675,,,,1.8666666666666667,,10.766666666666666,,15.508333333333333,
Coimbatore,2022-05-01,2.166733870967742,,,9.786021505376343,,,5.886760752688172,3.692204301075269,2.728494623655914,2.806451612903226,,0.967741935483871,,6.645766129032258,,,,1.935483870967742,,10.905376344086022,,13.981720430107528,
Coimbatore,2022-06-01,1.1666666666666667,,,10.74074074074074,,,6.377777777777778,5.359259259259259,3.0333333333333337,3.9333333333333336,,1.0,,6.816666666666666,,,,2.0,,12.383333333333333,,13.737037037037037,
Coimbatore,2022-07-01,1.1290322580645162,,,13.206093189964157,,,6.573476702508961,4.275985663082437,2.888888888888889,2.870967741935484,,0.967741935483871,,6.667025089605734,,,,1.935483870967742,,11.071684587813621,,14.589605734767026,
Coimbatore,2022-08-01,0.8709677419354839,,,15.937275985663081,,,5.833333333333334,4.397849462365592,2.806451612903226,2.870967741935484,,1.0,,6.781362007168458,,2.209677419354839,,1.967741935483871,,11.935483870967742,,13.759856630824371,
Coimbatore,2022-09-01,1.1666666666666667,,,17.975925925925928,,,5.537037037037037,4.531481481481482,3.2148148148148152,3.066666666666667,,1.0333333333333334,,6.951851851851853,,2.218518518518519,,1.9500000000000002,,11.566666666666666,,12.974074074074075,
Coimbatore,2022-10-01,1.096774193548387,,,19.620071684587813,,,5.546594982078853,4.304659498207886,3.096774193548387,2.8870967741935485,,0.9516129032258064,,6.870967741935484,,2.139784946236559,,2.032258064516129,,10.919354838709678,,16.779569892473116,
Coimbatore,2022-11-01,1.0333333333333334,,,20.28148148148148,,,5.996296296296297,3.2574074074074075,2.688888888888889,3.0666666666666664,,,1.0333333333333334,7.694444444444445,,2.2444444444444445,,2.033333333333333,,11.075925925925926,,23.86851851851852,
DC,2022-04-01,13.083333333333332,17.183333333333334,,47.583333333333336,,1.0,2.0,18.216666666666665,16.533333333333335,9.850000000000001,2.033333333333333,1.4666666666666666,,20.95,1.0666666666666667,4.566666666666666,,2.533333333333333,,123.5,3.6833333333333336,102.0,
DC,2022-05-01,13.516129006570303,18.16131796018854,,40.54845600835034,,1.0,1.967741935483871,15.306478424155049,18.806408431218067,9.16128018736627,2.0,0.8064354551460661,,21.161376847951885,1.0,3.6129102838621683,,3.032251271097205,,121.99999163582265,4.354867444178174,106.24234644802539,
DC,2022-06-01,12.8,20.266666666666666,,40.483333333333334,,1.0,1.3333333333333333,15.766666666666666,21.4,8.916666666666666,2.0,1.2333333333333334,,18.833333333333336,1.0,2.783333333333333,,2.8,,118.46666666666665,4.4,103.18333333333334,
DC,2022-07-01,12.580645161290322,18.903225806451616,,40.03225806451613,,1.0,1.129032258064516,14.193548387096774,17.06451612903226,8.564516129032258,2.0,1.7096774193548387,,17.274193548387096,0.0,1.967741935483871,,3.0,,112.2258064516129,4.67741935483871,101.16129032258064,
DC,2022-08-01,12.709677419354838,17.0,,35.37096774193549,1.0,,0.967741935483871,12.612903225806452,15.725806451612902,7.661290322580645,2.0,1.7096774193548387,,18.032258064516128,,1.4838709677419355,,2.935483870967742,,116.96774193548386,3.758064516129032,111.41935483870968,
DC,2022-09-01,12.2,17.483333333333334,,40.93333333333334,1.0,,1.0,12.033333333333333,14.85,7.9,2.033333333333333,1.5666666666666667,,22.066666666666666,,1.0666666666666667,,2.966666666666667,,111.88333333333334,5.083333333333334,103.45,
DC,2022-10-01,13.048387096774194,18.741935483870968,,36.564516129032256,1.0,,0.9032258064516129,11.225806451612904,16.258064516129032,7.129032258064516,1.967741935483871,1.7096774193548387,,16.951612903225808,,1.032258064516129,,2.935483870967742,,107.11290322580645,4.064516129032258,116.5,
DC,2022-11-01,8.633333333333333,15.900000000000002,,32.21666666666667,1.0,,0.0,10.6,14.166666666666668,6.466666666666667,1.9666666666666668,,1.3666666666666667,18.6,,0.9,,2.5666666666666664,,101.53333333333333,4.266666666666667,100.39999999999999,
DRK,2022-04-01,,,,7.133333333333334,,,2.066666666666667,,1.0666666666666667,2.0,,,,3.0,,,,1.0,,18.733333333333334,,16.96666666666667,
DRK,2022-05-01,,,,5.274620784825018,,,1.734871965414034,,0.9541178406846609,1.7481935483870967,,,,1.69981206171108,,,,0.8064516129032258,,16.920801368611336,,14.002879622322599,
DRK,2022-06-01,,,,5.133333333333334,,,2.466666666666667,,0.9,1.8,,,,1.65,,,,0.8,,17.56666666666667,,15.2,
DRK,2022-07-01,,,,5.709677419354839,,,3.645161290322581,,0.967741935483871,1.806451612903226,,,,3.112903225806452,,,,0.8064516129032258,,17.806451612903228,,14.258064516129032,
DRK,2022-08-01,,,,5.209677419354838,,,2.4193548387096775,,0.8709677419354839,1.806451612903226,,,,2.887096774193548,,,,0.7741935483870968,,16.516129032258064,,14.29032258064516,
DRK,2022-09-01,,,,5.633333333333334,,,2.6333333333333333,,0.9333333333333333,1.9,,,,3.3333333333333335,,,,0.8666666666666667,,17.85,,15.6,
DRK,2022-10-01,,,,4.774193548387096,,,3.419354838709677,,0.8709677419354838,1.806451612903226,,,,3.096774193548387,,,,0.8387096774193549,,17.29032258064516,,14.70967741935484,
DRK,2022-11-01,,,,5.133333333333333,,,3.6333333333333333,,0.9,1.8666666666666667,,,,3.2,,,,0.8,,18.35,,17.45,
Davangere,2022-04-01,3.6333333333333333,1.0,,21.566666666666666,,1.0,18.55,19.1,0.48333333333333334,9.666666666666668,1.8666666666666667,,,36.38333333333333,,1.0,,7.333333333333333,,91.38333333333333,6.433333333333334,90.25,
Davangere,2022-05-01,3.7193495409904718,1.0,,20.50738022739829,,0.3225806451612903,18.558440149647954,19.398396052442376,0.6709624442162782,9.684664616533425,1.0,,,34.909332058517094,,,,7.386004434947792,,85.36286727699755,6.768093603130195,83.1481444107801,
Davangere,2022-06-01,3.728575238095238,1.0,,17.3,,,16.77666119235682,18.733333333333334,0.509994525690154,9.666666666666666,1.0,,,39.62654168685299,,,,5.529701834862386,,79.64914360717458,7.876751015829149,83.65371037406968,
Davangere,2022-07-01,4.719349540990471,1.0,,20.257930811787173,,1.0,18.212673153429517,21.12741771506848,0.7193495409904717,9.716922681049553,1.0,1.0,,42.39273758378595,,,,7.22363943218541,,84.03100174824733,7.993900054743099,86.6307243590313,
Davangere,2022-08-01,4.703839837334793,1.0,0.9384531164463907,16.50832877140846,,1.0,17.842027058731524,21.560882145929458,0.7038398373347932,11.742316415109094,2.0,1.0,,43.37545945100492,,,,6.910221318526628,,86.7739110033628,7.99272698834754,88.89613021562444,
Davangere,2022-09-01,3.703839837334793,1.0,,18.385235004301244,,1.0,19.098146555095017,21.560882145929458,0.7038398373347932,10.745209978884805,2.0,1.0,,43.37545945100493,,,,6.910221318526628,,90.40462970204113,7.99272698834754,96.62460444726595,
Davangere,2022-10-01,3.703839837334793,1.0,,18.231388850455087,,,19.098146555095017,19.371158207554547,0.7038398373347932,10.745209978884805,2.807069680143896,1.0,,43.7417689841245,,,,6.309298506295456,,83.41620395714398,7.99272698834754,94.35651967366778,
Davangere,2022-11-01,3.703839837334793,1.0,,19.817940095409398,,,20.098146555095017,19.177915069992963,0.7038398373347932,10.745209978884805,2.0,,1.0,48.59935872370376,,,,6.309298506295456,,86.80143896144521,7.99272698834754,98.37178384296551,
Desai,2022-04-01,1.0,,,11.866666666666667,,,3.1,1.1666666666666667,6.133333333333334,4.9,,,,7.9,,1.0333333333333334,,,,6.333333333333334,1.0333333333333334,25.933333333333337,
Desai,2022-05-01,1.16129363449692,,,10.935440080801142,,,2.7419569193834192,1.1612875864116374,5.870970930860199,3.4516048387096774,,,,7.096817394939155,,0.2903225806451613,,,,5.806556917026836,1.032276194299478,25.677468101937535,
Desai,2022-06-01,1.1333333333333333,,,12.233333333333334,,,2.8333333333333335,1.1333333333333333,5.6,5.533333333333333,,,,8.066666666666666,,1.0333333333333334,,,,6.266666666666667,0.8333333333333334,34.93333333333333,
Desai,2022-07-01,1.096774193548387,,,12.096774193548388,,,3.096774193548387,1.129032258064516,5.741935483870968,5.838709677419355,,,,8.064516129032258,,1.0,,,,6.290322580645161,1.0,30.419354838709676,
Desai,2022-08-01,1.129032258064516,,,11.016129032258064,,,3.096774193548387,1.1290322580645162,4.903225806451613,6.032258064516129,,,,9.32258064516129,,0.5161290322580645,,,,6.516129032258064,1.0,26.838709677419352,
Desai,2022-09-01,1.1666666666666667,,,9.4,,,3.1333333333333337,1.2,5.9,4.9,,,,8.766666666666667,,1.0666666666666667,,,,6.5166666666666675,1.0,27.0,
Desai,2022-10-01,1.129032258064516,,,12.064516129032256,,,3.096774193548387,1.129032258064516,5.838709677419355,4.935483870967742,,,,8.903225806451612,,1.0,,,,6.032258064516129,1.0,31.419354838709676,
Desai,2022-11-01,1.1666666666666667,,,9.733333333333334,,,3.1333333333333333,1.1666666666666667,5.9,4.800000000000001,,,,10.9,,1.0333333333333334,,,,5.300000000000001,0.9333333333333333,30.650000000000002,
Dhanbad,2022-04-01,,,,,,,,,,,,,,,,1.0,,,,8.966666666666667,,0.9,
Dhanbad,2022-05-01,,,,,,,,,,,,,,,,1.0,,,,8.935483870967742,,1.0,
Dhanbad,2022-06-01,,,,,,,,,,,,,,,,1.0,,,,9.9,,1.0,
Dhanbad,2022-07-01,,,,,,,,,,,,,,,,1.0,,,,9.35483870967742,,1.0,
Dhanbad,2022-08-01,,,,,,,,,,,,,,,,1.032258064516129,,,,9.838709677419354,,1.032258064516129,
Dhanbad,2022-09-01,,,,,,,,,,0.4,,,,,,1.0,,,,9.266666666666667,,0.0,
Dhanbad,2022-10-01,,,,,,,,,,1.032258064516129,,,,,,1.032258064516129,,,,10.225806451612902,,,
Dhanbad,2022-11-01,,,,,,,,,,0.6666666666666666,,,,,,0.6666666666666666,,,,7.0,,,
Eastern,2022-04-01,,5.833333333333334,,60.550000000000004,,,,,14.8,15.7,,,,23.3,,5.3,,1.9666666666666668,,13.083333333333334,9.733333333333334,111.76666666666667,
Eastern,2022-05-01,,5.435445882844091,,54.30646222249168,,,,,12.790308235818706,14.322621665080563,,,,22.887151350348283,,5.35483250644206,,1.6774467793356416,,13.096778558311634,9.048382104944574,99.2740677875477,
Eastern,2022-06-01,,5.5,,50.333333333333336,,,,,17.133333333333333,15.733333333333334,,,,32.06666666666667,,6.7,,2.1500000000000004,,15.350000000000001,8.033333333333333,115.38333333333333,
Eastern,2022-07-01,,4.483870967741935,,54.645161290322584,,,,1.032258064516129,15.96774193548387,15.274193548387098,,,,48.62903225806451,,6.32258064516129,,4.080645161290322,,14.661290322580644,7.741935483870968,116.58064516129032,
Eastern,2022-08-01,,4.580645161290323,,55.25806451612903,,,,,15.838709677419354,15.5,,,,45.70967741935484,,6.209677419354838,,3.8709677419354835,,14.612903225806452,7.0,110.04838709677419,
Eastern,2022-09-01,,3.966666666666667,,51.08333333333333,,,,,15.533333333333333,15.266666666666666,,,,30.933333333333334,,6.2666666666666675,,3.333333333333333,,13.75,6.15,108.78333333333333,
Eastern,2022-10-01,,4.612903225806452,,50.33870967741936,,,,,15.161290322580646,15.79032258064516,,,,34.87096774193548,,6.419354838709677,,3.064516129032258,,13.564516129032258,8.161290322580644,131.29032258064515,
Eastern,2022-11-01,,3.6000000000000005,,50.449999999999996,,,,,16.583333333333332,15.366666666666667,,,,33.13333333333333,,6.533333333333334,,3.6,,13.983333333333333,8.116666666666667,117.15,
Gaya,2022-04-01,,,,,,,,,,,,,,,,,,,,1.2000000000000002,,,
Gaya,2022-05-01,,,,,,,,,,,,,,,,,,,,2.935483870967742,,,
Gaya,2022-06-01,,,,,,,,,,,,,,,,,,,,3.1,,,
Gaya,2022-07-01,,,,,,,,,,,,,,,,,,,,5.548387096774194,,,
Gaya,2022-08-01,,,,,,,,,,,,,,,,,,,,4.516129032258064,,,
Goa,2022-04-01,1.4,,,,,,5.0,,1.0,2.0,1.0,,,3.966666666666667,,1.0,,1.0,,11.766666666666667,,7.601666666666667,
Goa,2022-05-01,2.0,,,,,,4.67741935483871,,1.0,1.935483870967742,1.0,,,3.838709677419355,,1.967741935483871,,1.0,,12.32258064516129,,6.532258064516129,
Goa,2022-06-01,2.0,,,,,,5.833333333333333,,1.0,2.0,1.0,,,4.0,,2.466666666666667,,1.0,,11.366666666666667,,7.816666666666666,
Goa,2022-07-01,1.903225806451613,,,1.0,,,5.870967741935484,,1.0,2.0,1.0,,,4.951612903225806,,2.0,,1.0,,11.70967741935484,,6.919354838709678,
Goa,2022-08-01,2.0,,,0.7096774193548387,,,4.887096774193548,,1.0,2.0,1.0,,,4.112903225806452,,2.0,,1.0,,9.064516129032258,,7.887096774193548,
Goa,2022-09-01,2.5666666666666664,,,0.0,,,3.8833333333333333,,1.0,2.1,1.0,,,3.9833333333333334,,2.0,,1.0,,9.566666666666666,,6.833333333333334,
Goa,2022-10-01,3.0,,,,,,3.838709677419355,,1.0,2.032258064516129,1.0,,,4.0,,2.0,,1.0,,9.096774193548388,,6.903225806451613,
Goa,2022-11-01,3.0,,,,,,4.0,,1.0,1.9916666666666667,1.0,,,4.0,,2.0,,1.0,,9.225,,6.608333333333333,
Gurgaon,2022-04-01,21.799999999999997,26.666666666666664,,64.76666666666667,,2.8333333333333335,28.866666666666667,26.183333333333337,33.9,8.633333333333333,1.0,1.9333333333333333,,28.183333333333334,,4.083333333333334,,4.733333333333333,,114.03333333333333,,93.48333333333333,
Gurgaon,2022-05-01,20.32806196240565,27.048373337410176,,60.8377948343589,,2.903225806451613,26.451691577629997,24.580643149121176,36.37102538499162,9.32258064516129,1.0,1.967741935483871,,30.41940900477434,,4.0968009607646145,,4.532258064516129,,112.0322930094647,,97.72744944706095,
Gurgaon,2022-06-01,23.183333333333334,25.76666666666667,,56.983333333333334,,2.0,29.7,21.766666666666666,23.6,10.6,1.0,1.0,,30.03333333333333,,3.966666666666667,,4.8,,104.18333333333334,,88.91666666666667,
Gurgaon,2022-07-01,23.483870967741936,25.241935483870968,,59.74193548387097,,1.903225806451613,29.0,22.419354838709676,32.064516129032256,12.193548387096774,1.0,1.0,,28.177419354838708,,3.967741935483871,,4.661290322580645,,100.12903225806451,,91.95161290322581,
Gurgaon,2022-08-01,21.58064516129032,25.64516129032258,,68.46774193548387,1.935483870967742,,28.064516129032256,22.338709677419352,32.61290322580645,12.32258064516129,1.0,1.0,,30.177419354838708,,3.870967741935484,,4.241935483870968,,100.35483870967741,,96.24193548387096,
Gurgaon,2022-09-01,19.983333333333334,24.683333333333334,,65.18333333333334,2.0,,27.6,23.55,31.283333333333335,12.7,1.0,1.0,,28.2,,3.9333333333333336,,4.0,,96.53333333333335,,104.33333333333333,
Gurgaon,2022-10-01,20.677419354838708,25.96774193548387,,62.5,1.967741935483871,,33.32258064516129,22.903225806451612,31.580645161290324,12.32258064516129,1.0,1.0,,25.129032258064516,,3.903225806451613,,3.838709677419355,,89.16129032258064,,102.35483870967742,
Gurgaon,2022-11-01,18.3,23.78333333333333,,59.31666666666666,2.0,,30.066666666666666,22.616666666666667,35.25,11.9,1.0,,1.0,23.633333333333333,,3.9333333333333336,,3.9,,87.23333333333333,,102.64999999999999,
Guwahati,2022-04-01,0.9,1.1,,3.2333333333333334,,1.0,,1.1,,1.1833333333333333,,,,2.1333333333333333,,,,0.0,,14.450000000000001,1.0666666666666667,5.1,
Guwahati,2022-05-01,1.0,1.064480947371754,,3.032193515573248,,1.064509452187112,,1.0484129032258065,,1.0,,,,2.1612183438333616,,,,,,13.354727987195993,0.9999948999107485,5.064442776139578,
Guwahati,2022-06-01,1.0,1.0333333333333334,,3.066666666666667,,1.0,,1.0333333333333334,,1.1666666666666667,,,,2.166666666666667,,,,,,19.5,1.0,5.033333333333333,
Guwahati,2022-07-01,0.967741935483871,1.0,,3.0,,1.0,,1.0,,1.0,,,,2.0,,,,,,19.306451612903224,0.7096774193548387,4.967741935483871,
Guwahati,2022-08-01,1.0,1.064516129032258,,3.0806451612903225,1.032258064516129,,,1.032258064516129,,2.064516129032258,,,,2.064516129032258,,,,,,17.661290322580648,1.032258064516129,5.14516129032258,
Guwahati,2022-09-01,1.0,1.0333333333333334,,3.066666666666667,1.0333333333333334,,,1.0,,1.8333333333333335,,,,2.033333333333333,,,,,,16.9,1.0,5.133333333333334,
Guwahati,2022-10-01,1.0161290322580645,0.25806451612903225,,2.935483870967742,1.096774193548387,,,1.0806451612903225,,1.8870967741935485,,,,0.7096774193548387,,,,,,16.838709677419352,0.4838709677419355,5.451612903225807,
Guwahati,2022-11-01,1.0,,,3.066666666666667,0.9,,,1.0333333333333334,,2.0,,,,,,,,,,15.366666666666667,,7.016666666666667,
Gwalior,2022-04-01,1.0,,,,,,,,,,,,,,,,,,,13.033333333333333,,,
Gwalior,2022-05-01,0.8709677419354839,,,,,,,,,,,,,,,,,,,12.290322580645162,,,
Gwalior,2022-06-01,1.0,,,,,,,,,,,,,,,,,,,13.233333333333333,,,
Gwalior,2022-07-01,0.0,,,,,,,,,,,,,,,,,,,11.483870967741936,,,
Gwalior,2022-08-01,0.7419354838709677,,,,,,,,,,,,,,,,,,,11.709677419354838,,,
Gwalior,2022-09-01,1.0,,,,,,,,,,,,,,,,,,,9.333333333333334,,,
Gwalior,2022-10-01,1.0,,,,,,,,,,,,,,,,,,,10.0,,,
Gwalior,2022-11-01,1.0,,,,,,,,,,,,,,,,,,,8.333333333333332,,,
Hyd Arush,2022-04-01,,,,,,1.0,,,,7.666666666666667,1.0,,,,,4.0,,,,29.8,,,
Hyd Arush,2022-05-01,,,,,,0.967741935483871,,,,7.064516129032258,1.0,,,,,4.0,,,,26.70967741935484,,,
Hyd Arush,2022-06-01,,,,,,1.0,,,,5.7,1.0,,,,,3.6333333333333333,,,,26.433333333333334,,,
Hyd Arush,2022-07-01,,,,,,0.8709677419354839,,,,4.870967741935483,0.2903225806451613,,,,,3.258064516129032,,,,26.516129032258064,,,
Hyd Arush,2022-08-01,,,,,0.8064516129032258,,,1.0,,5.32258064516129,,,,,,3.129032258064516,,,,23.903225806451616,,,
Hyd Arush,2022-09-01,,,,,0.7333333333333333,,,4.533333333333333,,5.133333333333333,,,,,,1.0,,,,17.833333333333332,1.0,,
Hyd Arush,2022-10-01,,,,,1.0,,,6.032258064516129,,4.129032258064516,,,,,,1.0,,,,17.161290322580648,1.096774193548387,,
Hyd Arush,2022-11-01,,,,,1.0,,,6.266666666666667,,4.0,,,,,,1.0,,,,17.766666666666666,1.1,,
Indore,2022-04-01,,,,0.5666666666666667,,,1.1333333333333333,2.7,1.0666666666666667,1.7666666666666666,1.0,,,2.7333333333333334,,,,,,14.833333333333334,0.9666666666666667,15.466666666666667,
Indore,2022-05-01,,,,0.9354838709677419,,,1.0,2.3870967741935485,1.096774193548387,1.935483870967742,1.0,,,1.967741935483871,,,,,,15.0,1.0,15.193548387096772,
Indore,2022-06-01,,,,0.2,,,1.0,1.8333333333333335,1.0333333333333334,2.8666666666666667,,,,2.0666666666666664,,,,,,13.766666666666666,1.0,13.166666666666668,
Indore,2022-07-01,,,,,,,,2.129032258064516,1.064516129032258,2.903225806451613,,,,1.9032258064516128,,0.8387096774193549,,,,15.387096774193548,0.967741935483871,12.064516129032258,
Indore,2022-08-01,,,,,,,,1.6129032258064515,1.0,2.967741935483871,,,,0.9032258064516129,,1.032258064516129,,,,15.064516129032258,1.0,9.290322580645162,
Indore,2022-09-01,,,,2.8333333333333335,,,,0.9666666666666667,1.1333333333333333,2.6666666666666665,,,,3.2333333333333334,,1.0333333333333334,,,,14.0,1.1333333333333333,6.966666666666667,
Indore,2022-10-01,,,,3.064516129032258,,,,1.032258064516129,1.0,2.6451612903225805,,,,3.0,,1.032258064516129,,,,14.0,1.0,7.064516129032258,
Indore,2022-11-01,,,,2.8333333333333335,,,,0.95,1.0,2.7,,,,3.066666666666667,,0.95,,,,14.0,0.9333333333333333,6.2,
JP,2022-04-01,,,,,,,7.0,,,4.0,,,,,,2.0,,,,1.0,,,
JP,2022-05-01,,,,,,,5.870967741935484,,,3.3548387096774195,,,,,,2.5161290322580645,,,,0.8387096774193549,,,
JP,2022-06-01,,,,,,,4.85,,,3.533333333333333,,,,,,1.0,,,,4.416666666666667,,,
JP,2022-07-01,,,,,,,5.548387096774194,,,2.4193548387096775,,,,,,3.3548387096774195,,0.7580645161290323,,0.8387096774193549,,,
JP,2022-08-01,,,,,,,5.370967741935484,,,2.5,,,,,,3.3548387096774195,,0.8064516129032258,,0.8387096774193549,,,
JP,2022-09-01,,,,,,,4.615384615384616,,,2.8846153846153846,,,,,,1.0,,1.0,,3.884615384615385,,2.0,
JP,2022-10-01,,,,,,,3.806451612903226,,,2.5161290322580645,,,,,,0.8387096774193549,,0.8387096774193549,,3.1612903225806455,,1.6774193548387097,
JP,2022-11-01,,,,,,,4.538461538461538,,,3.1923076923076925,,,,,,1.0,,1.0,,3.980769230769231,,2.0,
Jaipur,2022-04-01,,,,,,,28.133333333333333,,1.4666666666666668,3.833333333333333,,,,,,5.033333333333333,,,,45.2,,,
Jaipur,2022-05-01,,,,,,,27.258064516129032,,0.7580645161290323,3.82258064516129,,,,,,4.709677419354839,,,,43.193548387096776,,,
Jaipur,2022-06-01,,,,,,,28.633333333333333,,1.6166666666666667,1.9666666666666668,,,,,,4.9,,,,44.13333333333333,,,
Jaipur,2022-07-01,,,,,,,28.725806451612904,,1.2903225806451613,3.870967741935484,,,,,,4.967741935483871,,,,43.33870967741936,,,
Jaipur,2022-08-01,,,,,,,34.40322580645161,,0.9516129032258065,4.0,,,,,,5.096774193548387,,,,45.774193548387096,,,
Jaipur,2022-09-01,,,,,,,33.333333333333336,,1.0,3.8666666666666667,,,,,,5.066666666666666,,,3.1333333333333337,40.91666666666667,,,
Jaipur,2022-10-01,,,,,,,31.451612903225808,,0.9838709677419355,2.8870967741935485,,,,,0.9354838709677419,5.064516129032258,,,2.870967741935484,39.66129032258065,,,
Jaipur,2022-11-01,,,,,,,33.8,,0.9666666666666667,2.95,,,,,1.0,4.8999999999999995,,,,43.7,,,
Jalandhar,2022-04-01,,,,,,,,,,1.0,,,,,,1.2333333333333334,,,,21.25,,1.0833333333333333,
Jalandhar,2022-05-01,,,,,,,,,,0.967741935483871,,,,,,0.9682795698924731,,,,19.30748013090229,,0.967741935483871,
Jalandhar,2022-06-01,,,,,,,,,,0.9333333333333333,,,,,,0.65,,,,13.616666666666667,,0.9333333333333333,
Jalandhar,2022-07-01,,,,,,,,,,0.967741935483871,,,,,,0.7903225806451613,,,,12.048387096774194,,,
Jalandhar,2022-08-01,,,,,,,,,,0.9677419354838709,,,,,,,,,,11.887096774193548,,,
Jalandhar,2022-09-01,,,,,,,,,,0.9666666666666667,,,,,,,,,,12.266666666666667,,,
Jalandhar,2022-10-01,,,,,,,,,,1.032258064516129,,,,,,,,,,13.14516129032258,,,
Jalandhar,2022-11-01,,,,,,,,,,0.9166666666666666,,,,,,,,,,12.566666666666666,,,
Jamshedpur,2022-04-01,1.0,,,2.85,,1.0,,0.9666666666666667,,1.0,,,,2.3333333333333335,,1.9,,,,13.633333333333333,0.9166666666666666,4.716666666666667,
Jamshedpur,2022-05-01,0.9354838709677419,,,3.032258064516129,,1.0,,1.0,,1.032258064516129,,,,2.774193548387097,,3.032258064516129,,,,10.887096774193548,0.9032258064516129,5.0,
Jamshedpur,2022-06-01,1.0,,,3.033333333333333,,1.0,,1.0,,1.0666666666666667,,,,1.8,,3.1,,,,12.966666666666667,0.9333333333333333,5.3,
Jamshedpur,2022-07-01,0.9354838709677419,,,3.0161290322580645,,1.0,,1.0,,1.064516129032258,,,,1.0,,3.0,,,,12.419354838709678,0.4838709677419355,5.725806451612903,
Jamshedpur,2022-08-01,1.032258064516129,,,3.2096774193548385,1.064516129032258,,,1.0,,1.064516129032258,,,,0.8709677419354839,,2.8870967741935485,,,,12.93548387096774,,4.0,
Jamshedpur,2022-09-01,0.8666666666666667,1.4666666666666668,,3.566666666666667,1.0,,,2.0,,1.0,,,,1.4666666666666668,,3.033333333333333,,,,13.033333333333333,,4.166666666666667,
Jamshedpur,2022-10-01,1.0,2.0,,3.258064516129032,1.064516129032258,,,0.2903225806451613,,1.032258064516129,,,,1.935483870967742,,2.387096774193548,,,,13.29032258064516,,5.774193548387097,
Jamshedpur,2022-11-01,1.1666666666666667,2.3333333333333335,,3.5,1.1666666666666667,,,,,1.1666666666666667,,,,1.4333333333333331,,2.166666666666667,,,,13.266666666666667,,4.1000000000000005,
Jhansi,2022-06-01,,,,,,,,,,,,,,,,,,,,,,0.4666666666666667,
Jhansi,2022-07-01,,,,,,,,,,,,,,,,1.0,,,,,,,
Jhansi,2022-08-01,,,,,,,,,,,,,,0.25806451612903225,,1.2580645161290323,,,,1.870967741935484,,0.25806451612903225,
Jhansi,2022-09-01,,,,2.5,,,,0.9666666666666667,,,,,,1.9333333333333333,,1.0,,,,6.966666666666667,0.5333333333333333,2.4,
Jodhpur,2022-04-01,,,,,,,,,,1.0,,,,,,1.0,,,,15.333333333333334,,,
Jodhpur,2022-05-01,,,,,,,,,,1.0,,,,,,1.0,,,,14.016129032258064,,,
Jodhpur,2022-06-01,,,,,,,,,,1.0,,,,,,0.8833333333333333,,,,9.5,,,
Jodhpur,2022-07-01,,,,,,,,,,0.9516129032258065,,,,,,0.9838709677419355,,,,10.629032258064516,,,
Jodhpur,2022-08-01,,,,,,,,,,1.0,,,,,,1.0,,,,12.451612903225806,,,
Jodhpur,2022-09-01,,,,,,,,,,1.0,,,,,,1.0,,,,11.966666666666667,,,
Jodhpur,2022-10-01,,,,,,,,,,1.0,,,,,,1.0,,,,11.322580645161292,,,
Jodhpur,2022-11-01,,,,,,,,,,1.0,,,,,,1.0,,,,11.850000000000001,,,
Kanpur,2022-04-01,,,,,,,0.30000000000000004,,,,,,,,,,,,,16.5,,,
Kanpur,2022-05-01,,,,,,,,,,,,,,,,,,,,15.064506776835543,,,
Kanpur,2022-06-01,,,,,,,,,,,,,,,,,,,,16.833333333333336,,,
Kanpur,2022-07-01,,,,,,,,,,,,,,,,,,,,16.32258064516129,,,
Kanpur,2022-08-01,,,,,,,1.032258064516129,,,,,,,,,1.129032258064516,,,,15.096774193548388,,,
Kanpur,2022-09-01,,,,,,,1.0,,,,,,,,,1.1,,,,14.2,,,
Kanpur,2022-10-01,,,,,,,1.032258064516129,,,,,,,,,1.129032258064516,,,,14.064516129032258,,,
Kanpur,2022-11-01,,,,,,,1.0,,,,,,,,,1.0666666666666667,,,,15.733333333333333,,,
Kharagpur,2022-04-01,,,,,,,,,,,,,,,,,,,,1.0,,,
Kharagpur,2022-05-01,,,,,,,,,,,,,,,,,,,,1.0,,,
Kharagpur,2022-06-01,,,,,,,,,,,,,,,,,,,,9.733333333333334,,,
Kharagpur,2022-07-01,,,,,,,,,,,,,,,,,,,,9.935483870967742,,,
Kharagpur,2022-08-01,,,,,,,,,,,,,,,,,,,,9.935483870967742,,,
Kharagpur,2022-09-01,,,,,,,,,,,,,,,,,,,,10.233333333333334,,,
Kharagpur,2022-10-01,,,,,,,,,,,,,,,,,,,,9.32258064516129,,,
Kharagpur,2022-11-01,,,,,,,,,,,,,,,,,,,,8.966666666666667,,,
Kolkata,2022-04-01,1.0,,,,,1.0,0.9666666666666667,9.133333333333333,,9.233333333333334,,,,,,1.0,,,,43.06666666666667,0.9666666666666667,,
Kolkata,2022-05-01,0.6451612903225806,,,,,1.0,1.064516129032258,9.806451612903226,,9.29032258064516,,,,,,1.0,,,,42.064516129032256,1.0,,
Kolkata,2022-06-01,1.0,,,,,1.0,1.0666666666666667,10.0,,8.3,,,,,,0.0,,,,36.63333333333333,2.0666666666666664,,
Kolkata,2022-07-01,1.0,,,,,1.0,,9.935483870967742,,7.064516129032258,,,,,,,,,,36.74193548387097,4.064516129032258,,
Kolkata,2022-08-01,1.032258064516129,,,,1.0,,,10.29032258064516,,7.129032258064516,,,,,,,,,,35.274193548387096,4.193548387096774,,
Kolkata,2022-09-01,1.0,,,,1.0,,,10.0,,7.966666666666667,,,,,,,,,,38.13333333333333,4.033333333333333,,
Kolkata,2022-10-01,1.0,,,,1.0,,,10.0,,9.129032258064516,,,,,,,,,,37.25806451612903,3.967741935483871,,
Kolkata,2022-11-01,1.0,,,,1.0,,,10.566666666666666,,8.066666666666666,,,,,,,,,,41.56666666666667,3.9333333333333336,,
Kota,2022-04-01,,,,,,,,,,0.9666666666666667,,,,,,1.0,,,,12.383333333333335,,,
Kota,2022-05-01,,,,,,,,,,1.0,,,,,,1.0,,,,11.435483870967742,,,
Kota,2022-06-01,,,,,,,,,,1.0,,,,,,1.0,,,,9.149999999999999,,,
Kota,2022-07-01,,,,,,,,,,0.967741935483871,,,,,,1.0,,,,9.951612903225808,,,
Kota,2022-08-01,,,,,,,,,,1.0,,,,,,1.0,,,,12.580645161290324,,,
Kota,2022-09-01,,,,,,,,,,1.0,,,,,,1.0,,,,11.899999999999999,,,
Kota,2022-10-01,,,,,,,,,,0.9838709677419355,,,,,,0.9838709677419355,,,,12.20967741935484,,,
Kota,2022-11-01,,,,,,,,,,1.0,,,,,,1.0,,,,13.083333333333334,,,
Lucknow,2022-04-01,1.0,5.966666666666667,,16.2,,,19.166666666666668,4.133333333333333,2.1666666666666665,4.066666666666666,,,,6.1,,0.9333333333333333,,1.0,,35.61666666666667,0.9,22.5,
Lucknow,2022-05-01,0.9032258064516129,6.395698924731183,,16.102150537634408,,,21.434408602150537,3.968817204301075,2.870967741935484,3.7419354838709675,,,,6.678494623655913,,1.1623655913978495,,0.9354838709677419,,37.26881720430107,0.9354838709677419,21.745161290322578,
Lucknow,2022-06-01,1.0,6.1000000000000005,,17.116666666666667,,,21.1,4.033333333333333,3.033333333333333,3.3666666666666667,,,,6.566666666666666,,1.1,,1.0,,38.900000000000006,0.9666666666666667,21.833333333333336,
Lucknow,2022-07-01,1.0,5.483870967741936,,16.435483870967744,,,22.451612903225808,4.096774193548387,3.225806451612903,4.193548387096774,,,,5.483870967741935,,1.064516129032258,,0.5483870967741935,,39.806451612903224,0.9677419354838709,21.548387096774192,
Lucknow,2022-08-01,1.032258064516129,5.225806451612903,,17.193548387096776,,,22.870967741935484,3.967741935483871,2.870967741935484,4.096774193548387,,,,5.129032258064516,,1.161290322580645,,1.0,,35.58064516129032,0.9677419354838709,22.048387096774192,
Lucknow,2022-09-01,0.8666666666666667,4.2333333333333325,,19.0,0.4666666666666667,,12.233333333333334,3.166666666666667,2.666666666666667,8.333333333333334,,,,5.2,,1.1666666666666667,,0.9666666666666667,,31.866666666666667,0.9,23.683333333333334,
Lucknow,2022-10-01,0.5483870967741935,3.838709677419355,,17.758064516129032,1.032258064516129,,12.032258064516128,3.2096774193548385,2.709677419354839,8.516129032258064,,,,5.741935483870968,,1.096774193548387,,0.2903225806451613,,29.387096774193544,0.9032258064516129,24.193548387096772,
Lucknow,2022-11-01,1.0,4.1,,17.233333333333334,1.0,,3.033333333333333,3.2333333333333334,2.8666666666666663,8.566666666666668,,,,6.366666666666667,,1.1333333333333333,,,,32.03333333333333,0.9333333333333333,25.23333333333333,
Ludhiana,2022-04-01,,,,0.9833333333333333,,,,,,0.9333333333333333,,,,,,,,,,14.633333333333333,,3.4333333333333336,
Ludhiana,2022-05-01,,,,0.9354838709677419,,,,,,1.0,,,,,,,,,,15.040860215053764,,3.096774193548387,
Ludhiana,2022-06-01,,,,0.8833333333333333,,,,,,1.0,,,,,,,,,,13.299999999999999,,3.1166666666666667,
Ludhiana,2022-07-01,,,,,,,,,,0.9354838709677419,,,,,,,,,,15.258064516129032,,,
Ludhiana,2022-08-01,,,,,,,,,,1.064516129032258,,,,,,,,,,16.596774193548384,,,
Ludhiana,2022-09-01,,,,,,,,,,0.9666666666666667,,,,,,,,,,19.933333333333334,,,
Ludhiana,2022-10-01,,,,,,,,,,1.032258064516129,,,,,,,,,,14.322580645161292,,,
Ludhiana,2022-11-01,,,,,,,,,,1.0,,,,,,,,,,13.75,,,
Muzaffarpur,2022-04-01,,,,,,,,,,,,,,,,1.0,,,,5.966666666666667,,,
Muzaffarpur,2022-05-01,,,,,,,,,,,,,,,,0.967741935483871,,,,6.419354838709677,,,
Muzaffarpur,2022-06-01,,,,,,,,,,,,,,,,1.0,,,,4.9,,,
Muzaffarpur,2022-07-01,,,,,,,,,,,,,,,,,,,,8.419354838709678,,,
Nagpur,2022-04-01,1.0,,,5.033333333333333,,,,1.0,0.9666666666666667,1.9666666666666668,,,,4.2,,,,1.0,,20.733333333333334,,6.933333333333334,
Nagpur,2022-05-01,0.9354838709677419,,,4.903225806451613,,,,1.0,1.0,2.0,,,,3.967741935483871,,,,1.0,,16.806451612903224,,8.741935483870968,
Nagpur,2022-06-01,1.0,,,4.75,,,,1.0,0.9333333333333333,2.0,,,,3.75,,,,1.0,,15.833333333333334,,7.65,
Nagpur,2022-07-01,1.0,,,4.661290322580646,,,,1.0,0.967741935483871,1.870967741935484,,,,3.1451612903225805,,,,1.0,,14.806451612903226,,6.419354838709678,
Nagpur,2022-08-01,1.0,,,5.241935483870968,,,,1.032258064516129,0.1774193548387097,2.096774193548387,,,,3.096774193548387,,,,1.032258064516129,,14.967741935483872,,7.290322580645161,
Nagpur,2022-09-01,1.0,,,4.7,,,,1.0333333333333334,1.0,2.0666666666666664,,,,3.0,,,,,,17.2,,6.15,
Nagpur,2022-10-01,0.8709677419354839,,,5.903225806451613,,,,1.0,1.0,2.0,,,,2.967741935483871,,,,,,15.903225806451612,,6.741935483870968,
Nagpur,2022-11-01,0.8333333333333334,,,6.033333333333333,,,,1.0,1.0,2.0,,,,3.0,,,,,,12.0,,6.800000000000001,
Nashik,2022-04-01,,1.7000000000000002,,1.6333333333333333,,,,0.8666666666666667,,,,,,1.2,,,,0.8,,5.733333333333333,,3.6,
Nashik,2022-05-01,0.967741935483871,1.903225806451613,,2.0,,,,0.9354838709677419,,,,,,1.935483870967742,,,,0.967741935483871,,8.161290322580644,,3.5806451612903225,
Nashik,2022-06-01,1.0,1.9333333333333333,,1.8666666666666667,,,,0.9833333333333333,,,,,,1.9666666666666668,,,,0.9333333333333333,,12.016666666666666,,3.9166666666666665,
Nashik,2022-07-01,0.9354838709677419,1.870967741935484,,2.0,,,,1.0,,,,,,1.8548387096774195,,,,0.967741935483871,,12.596774193548388,,3.838709677419355,
Nashik,2022-08-01,1.0,1.967741935483871,,2.0,,,,1.0,,,,,,1.8064516129032258,,,,0.9354838709677419,,11.161290322580646,,3.870967741935484,
Nashik,2022-09-01,1.0,1.0,,2.8833333333333333,,,,1.0,,,,,,2.0,,,,0.9666666666666667,,10.866666666666667,1.0,3.966666666666667,
Nashik,2022-10-01,1.0,1.0,,2.9516129032258065,,,,1.0,,1.064516129032258,,,,1.8548387096774193,,,,1.0,,11.274193548387096,0.7741935483870968,3.838709677419355,
Nashik,2022-11-01,1.0,1.0,,3.0,,,,1.0,,1.0,,,,1.9,,,,1.0,,10.6,1.0,3.966666666666667,
Patiala,2022-07-01,,,,,,,,,,0.8387096774193548,,,,,,,,,,4.693548387096774,,,
Patiala,2022-08-01,,,,,,,,,,0.9354838709677419,,,,,,,,,,5.370967741935484,,,
Patiala,2022-09-01,,,,,,,,,,1.0,,,,,,,,,,9.116666666666667,,,
Patiala,2022-10-01,,,,,,,,,,0.9354838709677419,,,,,,,,,,8.629032258064516,,,
Patiala,2022-11-01,,,,,,,,,,0.95,,,,,,,,,,9.05,,,
Patna,2022-04-01,,0.0,,1.0,,1.0,,1.0,,2.6333333333333333,,,,3.0,,,,1.0,,13.0,,8.233333333333334,
Patna,2022-05-01,,,,0.9354838709677419,,1.0,,0.9032258064516129,,1.935483870967742,,,,2.967741935483871,,,,0.9032258064516129,,12.838709677419356,,8.64516129032258,
Patna,2022-06-01,0.5,,,0.9333333333333333,,0.0,,1.0,1.0,2.0,,,,3.0,,,,1.0333333333333334,,15.066666666666666,,8.866666666666667,
Patna,2022-07-01,1.0,,,0.967741935483871,,,,1.0,,2.0,,,,2.935483870967742,,1.0,,1.0,,13.935483870967742,,10.35483870967742,
Patna,2022-08-01,1.0,,,1.0,,,,1.0,,2.0,,,,2.870967741935484,,1.0,,1.0,,14.806451612903226,,10.096774193548388,
Patna,2022-09-01,1.0,,,0.9,,,,1.0,,2.0,,,,2.0,,1.0,,0.9666666666666667,,13.366666666666667,,8.466666666666667,
Patna,2022-10-01,1.0,,,0.967741935483871,,,,0.9354838709677419,,1.8709677419354838,,,,1.967741935483871,,1.0,,1.0,,11.806451612903224,,8.741935483870968,
Patna,2022-11-01,1.0,,,1.0,,,,1.0,,2.0,,,,2.0,,1.0,,0.9666666666666667,,11.366666666666667,,8.366666666666667,
Pondy,2022-04-01,,,,8.1,,,,1.4833333333333334,0.9333333333333333,4.066666666666666,,,,3.0166666666666666,,21.71666666666667,,2.0666666666666664,,19.666666666666668,,8.416666666666668,
Pondy,2022-05-01,,,,8.17741935483871,,,,2.870967741935484,1.0,3.870967741935484,,,,3.032258064516129,,15.209677419354838,,2.0483870967741935,,22.112903225806452,,9.016129032258064,
Pondy,2022-06-01,1.05,,,7.716666666666667,,1.0333333333333334,1.2,2.7666666666666666,2.1333333333333333,4.033333333333333,,,,7.183333333333334,,1.0666666666666667,,2.0,,20.5,,19.25,
Pondy,2022-07-01,3.2096774193548385,,,7.5,,1.096774193548387,2.0,2.387096774193548,2.032258064516129,3.1129032258064515,,,,6.370967741935484,,,,2.0,,21.70967741935484,,27.419354838709676,
Pondy,2022-08-01,1.967741935483871,,,7.758064516129032,,1.064516129032258,1.0,4.935483870967742,0.967741935483871,4.064516129032258,,,,7.403225806451613,,0.9677419354838709,,1.0,,23.887096774193548,,24.661290322580644,
Pondy,2022-09-01,2.2,,,9.25,,,2.966666666666667,3.1333333333333333,1.9666666666666668,4.166666666666667,,,,2.166666666666667,,1.1,,4.116666666666667,,20.333333333333332,,31.71666666666667,
Pondy,2022-10-01,2.258064516129032,,,9.241935483870968,1.096774193548387,,3.0,2.129032258064516,2.0,4.193548387096774,,,,5.258064516129032,,,,1.0,,21.096774193548388,,31.209677419354836,
Pondy,2022-11-01,2.1685185185185185,,,8.853703703703705,1.062962962962963,,2.9333333333333336,1.075925925925926,1.4833333333333334,4.122222222222223,,,,7.0814814814814815,,,,0.7333333333333333,,22.007407407407406,,33.1925925925926,
Prayagraj,2022-04-01,1.0,,,2.0,,,,1.0,,,,,,1.6,,1.0,,1.6666666666666665,,12.016666666666666,0.8666666666666667,4.066666666666666,
Prayagraj,2022-05-01,0.0,,,1.903225806451613,,,,0.9354838709677419,,,,,,1.903225806451613,,1.0,,2.0,,13.451612903225806,0.8548387096774194,3.838709677419355,
Prayagraj,2022-06-01,,,,1.9666666666666668,,,,1.0,,,,,,2.0,,1.0,,1.9666666666666668,,14.4,0.9333333333333333,3.7333333333333334,
Prayagraj,2022-07-01,,,,0.967741935483871,,,,1.0,,,,,,0.967741935483871,,1.032258064516129,,2.032258064516129,,15.064516129032256,0.967741935483871,4.387096774193548,
Prayagraj,2022-08-01,,,,1.129032258064516,,,,1.064516129032258,,,,,,1.129032258064516,,1.129032258064516,1.129032258064516,1.032258064516129,,15.548387096774192,1.032258064516129,5.258064516129032,
Prayagraj,2022-09-01,,0.8666666666666667,,1.9666666666666668,,,,1.0,,,,,,2.0666666666666664,,1.0666666666666667,,1.0,,14.233333333333333,1.0333333333333334,4.0,
Prayagraj,2022-10-01,,1.032258064516129,,2.064516129032258,,,,1.032258064516129,,,,,,2.096774193548387,,1.064516129032258,1.064516129032258,,,13.870967741935484,1.032258064516129,4.193548387096774,
Prayagraj,2022-11-01,,1.0333333333333334,,2.0,,,,1.0333333333333334,,,,,,2.033333333333333,,1.0666666666666667,,1.0666666666666667,,13.483333333333333,1.0666666666666667,4.2,
Pune,2022-04-01,,,,4.8999999999999995,,,,,,0.43333333333333335,,,,,,,,,,10.116666666666667,,1.9,
Pune,2022-05-01,,,,3.774193548387097,,,,,,1.0,,,,,,,,,,7.741935483870968,,1.064516129032258,
Pune,2022-06-01,,,,3.8,,,,,,1.0,,,,,,,,,,9.85,,2.2666666666666666,
Pune,2022-07-01,,,,,,,,,,1.0,,,,,,,,,,15.225806451612904,,,
Pune,2022-08-01,,,,,,,,1.2580645161290323,,1.032258064516129,,,,,,,,,,13.129032258064516,,,
Pune,2022-09-01,,,,,,,,0.9333333333333333,,1.0,,,,,,,,,,13.033333333333333,,,
Pune,2022-10-01,,,,,,,,1.0,,1.0,,,,,,1.0,,,,12.741935483870968,,,
Pune,2022-11-01,,,,,,,,1.0,,1.0,,,,,,1.0,,,,12.116666666666665,,,
Puri,2022-04-01,1.0,,,,,,,,,1.0,,,,,,,,,,7.866666666666667,,,
Puri,2022-05-01,1.0,,,,,,,,,1.0,,,,,,,,,,8.0,,,
Puri,2022-06-01,1.0,,,,,,,,,1.0,,,,,,,,,,7.8,,,
Puri,2022-07-01,1.0,,,,,,,,,1.0,,,,,,,,,,8.0,,,
Puri,2022-08-01,1.0,,,,,,,,,1.0,,,,,,,,,,8.0,,,
Puri,2022-09-01,1.0,,,,,,,,,1.0,,,,,,,,,,8.0,,,
Puri,2022-10-01,1.0,,,,,,,,,1.0,,,,,,,,,,8.0,,,
Puri,2022-11-01,1.0,,,,,,,,,1.1333333333333333,,,,,,,,,,8.133333333333333,,,
Raipur,2022-04-01,,2.066666666666667,,4.166666666666667,,,,1.1333333333333333,,,,,,3.1000000000000005,,,,,,10.933333333333334,1.0333333333333334,4.966666666666667,
Raipur,2022-05-01,,2.0645662364849064,,2.6128803091457526,,,,0.7096774193548387,,,1.0,,,2.6774233652899455,,,,,,9.225806451612904,1.0000340604288775,6.419303441696618,
Raipur,2022-06-01,,2.0,,2.0,,,,1.0,,,,,,2.9000000000000004,1.0,,,,,10.533333333333333,1.0,6.233333333333333,
Raipur,2022-07-01,,1.967741935483871,,1.903225806451613,,,,1.0,,,1.0,,,0.967741935483871,,,,,,12.064516129032258,1.0,10.774193548387096,
Raipur,2022-08-01,,2.032258064516129,,2.096774193548387,,,,0.9677419354838709,,,,,,1.064516129032258,1.064516129032258,4.032258064516129,,,,13.93548387096774,1.064516129032258,6.290322580645161,
Raipur,2022-09-01,1.0,2.0,,2.033333333333333,,,,0.7333333333333333,,,1.0333333333333334,,,1.0,,2.8333333333333335,,,,11.9,1.0333333333333334,5.933333333333334,
Raipur,2022-10-01,,2.0,,1.8387096774193548,,,,,,,1.032258064516129,,,1.0,,2.0,,,,11.516129032258064,1.032258064516129,6.387096774193548,
Raipur,2022-11-01,,2.0,,1.5,,,,,,,1.0333333333333334,,,0.9333333333333333,,2.0,,,,8.866666666666667,1.0333333333333334,7.483333333333333,
Rajkot,2022-04-01,1.0,,,1.9,,,,2.0,,,,,,1.95,,,,,,12.65,1.0,3.7,
Rajkot,2022-05-01,1.0,,,2.0,,,,1.967741935483871,,,,,,1.903225806451613,,,,,,7.983870967741935,1.0,3.629032258064516,
Rajkot,2022-06-01,1.0,,,2.0,,,,2.0,,,,,,1.9666666666666668,,,,,,8.35,1.0,3.75,
Rajkot,2022-07-01,1.0,,,1.903225806451613,,,,1.7580645161290323,,,,,,1.967741935483871,,,,,,8.46774193548387,1.0,3.935483870967742,
Rajkot,2022-08-01,0.9032258064516129,,,0.7741935483870968,,,,1.7903225806451613,,,,,,1.7419354838709677,,,,,,6.129032258064516,1.0,3.225806451612903,
Rajkot,2022-09-01,1.0,,,1.8833333333333333,,,,1.9666666666666668,,,,,,0.9666666666666667,,,,,,6.5,0.9666666666666667,1.8666666666666667,
Rajkot,2022-10-01,1.0,,,1.935483870967742,,,,1.806451612903226,,,,,,1.0,,,,,,4.935483870967742,1.0,2.145161290322581,
Rajkot,2022-11-01,1.0,,,1.6833333333333331,,,,0.7666666666666667,,,,,,1.0,,,,,,3.716666666666667,1.0,1.9666666666666668,
Ranchi,2022-04-01,,,,,,,,,,,,,,,,,,,,1.9666666666666668,,,
Ranchi,2022-05-01,,,,,,,,,,,,,,,,,,,,2.0,,,
Ranchi,2022-06-01,,,,,,,,,,,,,,,,,,,,2.0,,,
Ranchi,2022-07-01,,,,,,,,,,,,,,,,0.2903225806451613,,,,4.741935483870968,,,
Ranchi,2022-08-01,,,,,,,,,,0.7096774193548387,,,,,,1.032258064516129,,,,6.516129032258065,,,
Ranchi,2022-09-01,,,,,,,,,,1.0,,,,,,1.0,,,,6.666666666666667,,,
Ranchi,2022-10-01,,,,,,,,,,1.032258064516129,,,,,,1.032258064516129,,,,7.0,,,
Ranchi,2022-11-01,,,,,,,,,,0.5,,,,,,0.5,,,,4.5,,,
Sangli,2022-04-01,,,,0.7333333333333333,,,,1.0,,0.43333333333333335,,,,,,,,,,7.366666666666666,,2.166666666666667,
Sangli,2022-05-01,,,,,,,,1.0,,0.7903225806451613,,,,,,,,,,8.548387096774194,,2.4516129032258065,
Sangli,2022-06-01,,,,,,,,1.0,,0.9833333333333333,,,,,,,,,,9.183333333333334,,3.516666666666667,
Sangli,2022-07-01,,,,,,,,1.0,,0.3548387096774194,,,,,,,,,,8.903225806451612,,4.32258064516129,
Sangli,2022-08-01,1.0,,,,,,,1.032258064516129,,,,,,,,,,,,9.564516129032258,,7.306451612903226,
Sangli,2022-09-01,1.0,,,0.26666666666666666,,,,1.0,,,,,,,,,,,,10.866666666666667,,9.4,
Sangli,2022-10-01,0.3225806451612903,,,,,,,1.0,,,,,,,,,,,,10.67741935483871,,8.225806451612904,
Sangli,2022-11-01,1.0666666666666667,,,,,,,2.0,,,,,,,,,,,,24.46666666666667,,18.233333333333334,
Simba,2022-04-01,0.8666666666666667,4.3,,76.85000000000001,,1.0,,,13.433333333333334,12.5,,,,28.616666666666667,,2.966666666666667,,2.1,,18.766666666666666,10.266666666666667,111.2,
Simba,2022-05-01,0.741965806350538,4.016072484794585,,70.87102027642351,,1.0,,,13.96774039417644,12.048377832159595,,,,28.7259547600806,,3.2580472141679993,,2.161282011246465,,16.48379568436705,8.806463147733522,100.25759966095092,
Simba,2022-06-01,0.23333333333333334,4.033333333333333,,74.43333333333334,,1.0,,,14.183333333333334,13.066666666666666,,,,34.35,,5.8999999999999995,,3.2333333333333334,,20.099999999999998,9.5,141.70000000000002,
Simba,2022-07-01,,4.274193548387096,,86.09677419354838,,1.0,,,14.112903225806452,14.225806451612904,,,,41.774193548387096,,2.0483870967741935,,2.903225806451613,,16.241935483870968,8.016129032258064,163.11290322580646,
Simba,2022-08-01,,4.064516129032258,,79.46774193548387,,1.064516129032258,,,16.532258064516128,13.887096774193548,,,,39.83870967741935,,2.129032258064516,,2.1774193548387095,,14.935483870967742,9.580645161290322,129.0,
Simba,2022-09-01,0.5333333333333333,3.1,,69.56666666666668,,1.0333333333333334,,,16.233333333333334,14.600000000000001,,,,38.0,,2.1833333333333336,,1.0666666666666667,,14.766666666666666,8.533333333333333,131.13333333333333,
Simba,2022-10-01,0.5161290322580645,2.854838709677419,,74.41935483870968,1.032258064516129,,,,16.451612903225808,14.806451612903224,,,,46.53225806451613,,2.370967741935484,,1.096774193548387,,14.483870967741936,9.241935483870968,157.69354838709677,
Simba,2022-11-01,0.0,2.716666666666667,,67.01666666666667,,1.4333333333333336,,,13.233333333333334,14.766666666666666,,,,46.233333333333334,,2.25,,1.0666666666666667,,14.833333333333332,8.6,156.91666666666669,
Surat,2022-04-01,1.0,,,2.0,,,,1.0,,2.0,,,,2.083333333333333,,1.0,,,,10.066666666666666,,2.4,
Surat,2022-05-01,1.0,,,1.4516129032258065,,,,1.032258064516129,,2.0,,,,2.806451612903226,,1.032258064516129,,,,8.983870967741936,,1.5161290322580645,
Surat,2022-06-01,1.0,,,1.0,,,,0.9833333333333333,,1.8333333333333335,,,,2.966666666666667,,1.0,,,,10.383333333333333,,1.0666666666666667,
Surat,2022-07-01,1.0,,,1.7419354838709677,,,,0.8709677419354839,,1.0,,,,3.6935483870967745,,0.967741935483871,,,,8.967741935483872,0.9032258064516129,1.6451612903225805,
Surat,2022-08-01,1.0,,,1.6774193548387095,,,,1.1612903225806452,,1.0,,,,3.3225806451612905,,1.0,,,,10.096774193548388,1.032258064516129,0.3225806451612903,
Surat,2022-09-01,0.9333333333333333,,,2.0,,,,0.3333333333333333,,1.0,,,,3.3666666666666667,,0.9666666666666667,,,,7.616666666666667,1.0,1.7333333333333334,
Surat,2022-10-01,1.0,1.4516129032258065,,1.838709677419355,,,,,,1.0,,,,1.935483870967742,,1.0,,,,7.887096774193548,1.0,4.096774193548387,
Surat,2022-11-01,1.0,2.7,,2.0,,,,,,0.0,,,,2.033333333333333,,1.0,,,,7.166666666666666,2.033333333333333,5.4,
VPIM,2022-04-01,1.0,,,17.666666666666668,,,20.933333333333334,4.266666666666667,6.966666666666667,8.233333333333334,1.2,,,11.8,,2.0666666666666664,,2.966666666666667,,23.53333333333333,1.0333333333333334,51.666666666666664,
VPIM,2022-05-01,1.0,,,14.903162474968273,,,19.812077437259635,4.354855320820319,7.483858145969253,8.887096774193548,1.1818181818181819,,,11.564455645092599,,3.7017059368000664,,2.967741935483871,,24.681593420413456,1.016131421744325,56.50010179392434,
VPIM,2022-06-01,2.0,,,15.533333333333335,,,19.048148148148147,4.300000000000001,5.666666666666667,8.2,1.0,,,10.833333333333334,,2.1,,2.9166666666666665,,26.533333333333335,1.0666666666666667,59.766666666666666,
VPIM,2022-07-01,1.2258064516129032,,,14.806295950148222,,,17.910059946320423,3.372569433438936,4.55684134788344,7.387096774193548,1.1400691007563732,,,9.247119570006651,,1.444928747653604,,2.870967741935484,,15.08078198977998,1.0565161138555634,57.680751635255746,
VPIM,2022-08-01,1.0,,,14.870967741935484,,,14.440860215053764,2.967741935483871,6.806451612903226,7.580645161290323,1.0,,,10.483870967741936,,1.4193548387096775,,2.935483870967742,,8.693548387096774,1.0,39.70967741935484,
VPIM,2022-09-01,1.0,,,15.033333333333333,,,12.78888888888889,4.066666666666666,5.733333333333333,7.75,1.0,,,13.266666666666667,,1.0,,2.2,,8.833333333333332,1.0,39.06666666666666,
VPIM,2022-10-01,0.7096774193548387,,,15.102150537634408,,,12.544802867383513,3.6415770609318994,5.435483870967742,6.709677419354839,1.2222222222222223,,,11.67741935483871,,0.8709677419354839,,1.8548387096774195,,9.560931899641577,1.0,36.774193548387096,
VPIM,2022-11-01,1.0,,,10.311111111111112,,,9.727777777777778,3.1444444444444444,4.1,5.866666666666667,1.1111111111111112,,,10.450000000000001,,,,1.9333333333333333,,7.505555555555556,0.9666666666666667,32.61666666666667,
Varanasi,2022-04-01,1.0,,,2.033333333333333,,,,1.0333333333333334,,,,,,2.7333333333333334,,1.0333333333333334,,,,12.833333333333334,0.8,3.1000000000000005,
Varanasi,2022-05-01,0.0,,,1.903225806451613,,,,0.8709677419354839,,,,,,2.806451612903226,,1.0,,,,12.177419354838708,1.0,3.0,
Varanasi,2022-06-01,,,,2.033333333333333,,,,0.8,,,,,,3.0,,0.1,,,,13.066666666666666,1.0,3.066666666666667,
Varanasi,2022-07-01,,,,,,,,3.0,,,,,,3.0,,,,,,16.032258064516128,1.032258064516129,3.0,
Varanasi,2022-08-01,,,,,,,,3.258064516129032,,,,,,3.129032258064516,,,,,,14.903225806451612,1.096774193548387,3.193548387096774,
Varanasi,2022-09-01,,,,2.0,,,,1.0666666666666667,,,,,,2.0,,,,1.0,,14.333333333333334,1.0333333333333334,4.133333333333334,
Varanasi,2022-10-01,,,,1.870967741935484,,,,1.032258064516129,,,,,,2.064516129032258,,,1.0,,,14.451612903225804,1.032258064516129,4.096774193548387,
Varanasi,2022-11-01,,,,1.8,,,,1.0666666666666667,,,,,,1.9333333333333333,,,,0.0,,14.533333333333333,1.0666666666666667,4.066666666666666,
Venk,2022-04-01,1.0,,,3.9333333333333336,,,5.833333333333333,4.0,0.95,1.0,,,,4.933333333333334,,,,1.0,,30.766666666666666,2.0,17.416666666666664,
Venk,2022-05-01,1.0,,,3.935483870967742,,,5.67741935483871,3.9516129032258065,0.25806451612903225,1.0,,,,4.983870967741936,,,,1.0,,30.629032258064516,2.0,15.919354838709678,
Venk,2022-06-01,0.8666666666666667,,,3.466666666666667,,,5.033333333333333,3.4333333333333336,,0.8666666666666667,,,,4.300000000000001,,,,0.8666666666666667,,27.25,1.0666666666666667,15.05,
Venk,2022-07-01,0.8387096774193549,,,2.5161290322580645,,,1.6774193548387097,1.6774193548387097,,0.8387096774193549,,,,1.6774193548387097,,,,0.8387096774193549,,16.741935483870968,0.8387096774193549,2.4193548387096775,
Venk,2022-08-01,0.8387096774193549,,,3.3548387096774195,,,4.919354838709678,3.3548387096774195,,0.8387096774193549,,,,4.0,,,,0.6129032258064516,,26.08064516129032,0.8387096774193549,13.080645161290322,
Venk,2022-09-01,1.0,,,3.75,,,5.634615384615385,4.0,,1.0,,,,4.769230769230769,,,,1.0,,30.384615384615383,1.0,13.5,
Venk,2022-10-01,0.8846153846153846,,,4.620967741935484,,,5.480769230769231,3.730769230769231,,1.3846153846153846,,,,5.0,,,,0.8846153846153846,,28.807692307692307,1.0384615384615385,15.692307692307693,
Venk,2022-11-01,0.8666666666666667,,,4.233333333333333,,,5.1000000000000005,3.466666666666667,0.7833333333333333,1.7333333333333334,,,,4.166666666666667,,,,0.8,,22.866666666666667,0.8666666666666667,10.7,
Vijaywada,2022-05-01,,,,,,,,,,,,,,,,,,,,7.225806451612903,,,
Vijaywada,2022-06-01,,,,,,,,,,,,,,,,,,,,7.1,,,
Vijaywada,2022-07-01,,,,,,,,,,,,,,,,,,,,6.0,,,
Vijaywada,2022-08-01,,,,,,,,,,,,,,,,,,,,4.161290322580645,,,
Vijaywada,2022-09-01,0.6333333333333333,,,0.6333333333333333,,,,1.2333333333333334,,,,,,2.4,,,,,,5.8999999999999995,0.6,1.6,
Vizag,2022-04-01,2.0,,,3.7666666666666666,,,,2.0,,1.0,,,,2.8666666666666667,,,,,,10.933333333333334,0.9,3.5,
Vizag,2022-05-01,2.0,,,2.967741935483871,,,,2.0,,0.9032258064516129,,,,2.967741935483871,,,,,,11.0,1.0,3.838709677419355,
Vizag,2022-06-01,1.0,,,4.966666666666667,,,,2.0,,1.0,,,,1.0,,1.0,,1.0,,10.933333333333334,1.0,3.0,
Vizag,2022-07-01,1.935483870967742,,,2.741935483870968,,,,1.4193548387096775,,1.0,,,,1.6129032258064515,,,,1.0,,10.580645161290322,1.0,3.935483870967742,
Vizag,2022-08-01,0.967741935483871,,,3.870967741935484,,,,,,1.0,,,,,,1.0,,1.0,,10.258064516129032,1.0,7.419354838709678,
Vizag,2022-09-01,0.9666666666666667,,,2.0,,,,0.3,,1.0,,,,1.0,,1.0,,,,10.0,1.0,6.433333333333334,1.0
