n_distributor_id,dist_name,tagdt,dispatch_dtime,first_cutoff,second_cutoff,cutoff,acno,c_name,amount
33723,Kalinga Pharmatech,2022-07-29,2022-07-29 00:00:00,2022-07-29 12:00:00,2022-07-29 16:30:00,F,2535,DURGA DEVI MEDIPOINT,647.05
33723,Kalinga Pharmatech,2022-07-29,2022-07-29 00:00:00,2022-07-29 12:00:00,2022-07-29 16:30:00,F,1349,PRAMILA MEDICINE STORE,932.49
33723,Kalinga Pharmatech,2022-07-29,2022-07-29 00:00:00,2022-07-29 12:00:00,2022-07-29 16:30:00,F,1387,MAHAVIR MEDICAL STORE,391.07
33723,Kalinga Pharmatech,2022-07-29,2022-07-29 11:11:00,2022-07-29 12:00:00,2022-07-29 16:30:00,F,80126029,SHIVOM MEDICINE STORE,137.88
33723,Kalinga Pharmatech,2022-07-29,2022-07-29 11:11:00,2022-07-29 12:00:00,2022-07-29 16:30:00,F,80124164,AROGYAM MEDICINE STORE,425.59
33723,Kalinga Pharmatech,2022-07-29,2022-07-29 11:30:00,2022-07-29 12:00:00,2022-07-29 16:30:00,F,80125846,DK PHARMATECH,261.03
33723,Kalinga Pharmatech,2022-07-29,2022-07-29 11:30:00,2022-07-29 12:00:00,2022-07-29 16:30:00,F,2692,SURAKSHYA MEDICINE STORE,2559.36
33723,Kalinga Pharmatech,2022-07-29,2022-07-29 11:30:00,2022-07-29 12:00:00,2022-07-29 16:30:00,F,1746,BASUDEV MEDICAL STORE,374.13
33723,Kalinga Pharmatech,2022-07-29,2022-07-29 11:30:00,2022-07-29 12:00:00,2022-07-29 16:30:00,F,1751,MAA DURGA MEDICAL HALL,838.08
33723,Kalinga Pharmatech,2022-07-29,2022-07-29 11:30:00,2022-07-29 12:00:00,2022-07-29 16:30:00,F,80124291,SUBHASHREE PHARMS,3873.94
33723,Kalinga Pharmatech,2022-07-29,2022-07-29 11:30:00,2022-07-29 12:00:00,2022-07-29 16:30:00,F,80124815,DIYA MEDICINE STORE,1162.11
33723,Kalinga Pharmatech,2022-07-29,2022-07-29 11:30:00,2022-07-29 12:00:00,2022-07-29 16:30:00,F,2614,AIR MED,1238.62
33723,Kalinga Pharmatech,2022-07-29,2022-07-29 11:30:00,2022-07-29 12:00:00,2022-07-29 16:30:00,F,80125744,SAI SWASTIK MEDICAL STORE,3050.79
33723,Kalinga Pharmatech,2022-07-29,2022-07-29 11:30:00,2022-07-29 12:00:00,2022-07-29 16:30:00,F,80125355,KHUSI  MEDICINE STORE,194.82
33723,Kalinga Pharmatech,2022-07-29,2022-07-29 11:30:00,2022-07-29 12:00:00,2022-07-29 16:30:00,F,80125471,BEST CARE PHARMA CHEMIST &DRUGIST,1008.79
33723,Kalinga Pharmatech,2022-07-29,2022-07-29 11:30:00,2022-07-29 12:00:00,2022-07-29 16:30:00,F,80124233,ROSE MEDICAL HALL,506.99
33723,Kalinga Pharmatech,2022-07-29,2022-07-29 11:30:00,2022-07-29 12:00:00,2022-07-29 16:30:00,F,1587,NEO PHARMA,355.78
33723,Kalinga Pharmatech,2022-07-29,2022-07-29 11:30:00,2022-07-29 12:00:00,2022-07-29 16:30:00,F,80124341,SUBHALAXMI MEDICINE STORE,324.83
33723,Kalinga Pharmatech,2022-07-29,2022-07-29 11:30:00,2022-07-29 12:00:00,2022-07-29 16:30:00,F,80124248,J.J MEDICINES,1247.09
33723,Kalinga Pharmatech,2022-07-29,2022-07-29 11:30:00,2022-07-29 12:00:00,2022-07-29 16:30:00,F,80124293,V CARE PHARMA,7839.02
33723,Kalinga Pharmatech,2022-07-29,2022-07-29 11:30:00,2022-07-29 12:00:00,2022-07-29 16:30:00,F,2685,TARINI MEDICINE STORE,250.6
33723,Kalinga Pharmatech,2022-07-29,2022-07-29 11:30:00,2022-07-29 12:00:00,2022-07-29 16:30:00,F,2729,MAA TARINI MEDICINE STORE - GOPALPUR,128.1
33723,Kalinga Pharmatech,2022-07-29,2022-07-29 11:30:00,2022-07-29 12:00:00,2022-07-29 16:30:00,F,80124264,DISHA MEDICARE,1358.67
33723,Kalinga Pharmatech,2022-07-29,2022-07-29 11:30:00,2022-07-29 12:00:00,2022-07-29 16:30:00,F,80124045,HEALTH CARE,731.42
33723,Kalinga Pharmatech,2022-07-29,2022-07-29 11:30:00,2022-07-29 12:00:00,2022-07-29 16:30:00,F,2696,KASTURI MEDICINE,452.1
33723,Kalinga Pharmatech,2022-07-29,2022-07-29 11:30:00,2022-07-29 12:00:00,2022-07-29 16:30:00,F,80124034,S.K.DRUG HOUSE,1609.09
33723,Kalinga Pharmatech,2022-07-29,2022-07-29 11:30:00,2022-07-29 12:00:00,2022-07-29 16:30:00,F,80124985,SMART MEDICINES,207.86
33723,Kalinga Pharmatech,2022-07-29,2022-07-29 11:30:00,2022-07-29 12:00:00,2022-07-29 16:30:00,F,80124035,BHAVANI MEDICAL STORE,601.97
33723,Kalinga Pharmatech,2022-07-29,2022-07-29 11:30:00,2022-07-29 12:00:00,2022-07-29 16:30:00,F,80124363,PRABHU MEDICARE,2517.84
33723,Kalinga Pharmatech,2022-07-29,2022-07-29 11:30:00,2022-07-29 12:00:00,2022-07-29 16:30:00,F,3047,LAXMI MEDICALS,841.8
33723,Kalinga Pharmatech,2022-07-29,2022-07-29 11:30:00,2022-07-29 12:00:00,2022-07-29 16:30:00,F,3056,OMM MEDICINE STORE,1269.11
33723,Kalinga Pharmatech,2022-07-29,2022-07-29 11:30:00,2022-07-29 12:00:00,2022-07-29 16:30:00,F,80125179,LAXMI NARAYAN MEDICINE STORE,1445.77
33723,Kalinga Pharmatech,2022-07-29,2022-07-29 11:30:00,2022-07-29 12:00:00,2022-07-29 16:30:00,F,80124862,SRIMA MEDICINE STORE,235.22
33723,Kalinga Pharmatech,2022-07-29,2022-07-29 11:30:00,2022-07-29 12:00:00,2022-07-29 16:30:00,F,2860,DIVINE PLUS MEDICINE STORE,1005.12
33723,Kalinga Pharmatech,2022-07-29,2022-07-29 11:30:00,2022-07-29 12:00:00,2022-07-29 16:30:00,F,2873,MEDGROWKART,1812.52
33723,Kalinga Pharmatech,2022-07-29,2022-07-29 11:30:00,2022-07-29 12:00:00,2022-07-29 16:30:00,F,80124166,DOCTORCABIN PHARMA,2272.43
33723,Kalinga Pharmatech,2022-07-29,2022-07-29 11:30:00,2022-07-29 12:00:00,2022-07-29 16:30:00,F,1474,SHREE PHARMA,323.39
33723,Kalinga Pharmatech,2022-07-29,2022-07-29 11:30:00,2022-07-29 12:00:00,2022-07-29 16:30:00,F,2985,PADMANAVA MEDICINE STORE,2827.52
33723,Kalinga Pharmatech,2022-07-29,2022-07-29 11:30:00,2022-07-29 12:00:00,2022-07-29 16:30:00,F,80125578,SHREERAM MEDICINE STORE(KHURDA),1717.43
33723,Kalinga Pharmatech,2022-07-29,2022-07-29 11:30:00,2022-07-29 12:00:00,2022-07-29 16:30:00,F,80124177,MJ MEDICINE HOUSE,367.34
33723,Kalinga Pharmatech,2022-07-29,2022-07-29 11:30:00,2022-07-29 12:00:00,2022-07-29 16:30:00,F,3167,RADHARAMAN DRUGS,2802.26
33723,Kalinga Pharmatech,2022-07-29,2022-07-29 11:30:00,2022-07-29 12:00:00,2022-07-29 16:30:00,F,1411,MEDYZINE,3366.6
33723,Kalinga Pharmatech,2022-07-29,2022-07-29 11:30:00,2022-07-29 12:00:00,2022-07-29 16:30:00,F,80124101,PATRA PHARMA,3537.67
33723,Kalinga Pharmatech,2022-07-29,2022-07-29 11:30:00,2022-07-29 12:00:00,2022-07-29 16:30:00,F,80125170,THE MEDICINE PO,689.98
33723,Kalinga Pharmatech,2022-07-29,2022-07-29 11:30:00,2022-07-29 12:00:00,2022-07-29 16:30:00,F,1873,A.G. MEDICALS,756.5
33723,Kalinga Pharmatech,2022-07-29,2022-07-29 11:30:00,2022-07-29 12:00:00,2022-07-29 16:30:00,F,80123986,DIAL HEALTH CARE INDIA PRIVATE LIMITED,38344.38
33723,Kalinga Pharmatech,2022-07-29,2022-07-29 11:30:00,2022-07-29 12:00:00,2022-07-29 16:30:00,F,2799,MAA SINGHBAHINI MEDICINES,672.21
33723,Kalinga Pharmatech,2022-07-29,2022-07-29 11:30:00,2022-07-29 12:00:00,2022-07-29 16:30:00,F,80124916,CARIS MEDICINE STORE,1055.55
33723,Kalinga Pharmatech,2022-07-29,2022-07-29 11:31:00,2022-07-29 12:00:00,2022-07-29 16:30:00,F,80124059,SARASWATI DRUG HOUSE,303.2
33723,Kalinga Pharmatech,2022-07-29,2022-07-29 11:31:00,2022-07-29 12:00:00,2022-07-29 16:30:00,F,2240,MAA DURGA MEDICINE STORE,1811.9
33723,Kalinga Pharmatech,2022-07-29,2022-07-29 11:31:00,2022-07-29 12:00:00,2022-07-29 16:30:00,F,80124178,SAI SANDHYA MEDICINE STORE,171.83
33723,Kalinga Pharmatech,2022-07-29,2022-07-29 11:31:00,2022-07-29 12:00:00,2022-07-29 16:30:00,F,80124066,MAA SANTOSHI MEDCINES,986.81
33723,Kalinga Pharmatech,2022-07-29,2022-07-29 11:31:00,2022-07-29 12:00:00,2022-07-29 16:30:00,F,1066,MAA PARBATI MEDICARE,1997.83
33723,Kalinga Pharmatech,2022-07-29,2022-07-29 11:31:00,2022-07-29 12:00:00,2022-07-29 16:30:00,F,80124484,MED D PHARMA,1633.4
33723,Kalinga Pharmatech,2022-07-29,2022-07-29 11:31:00,2022-07-29 12:00:00,2022-07-29 16:30:00,F,80124072,ARADHYA DRUG HOUSE,567.81
33723,Kalinga Pharmatech,2022-07-29,2022-07-29 11:31:00,2022-07-29 12:00:00,2022-07-29 16:30:00,F,80124351,LIFE CARE DRUG HOUSE,555.29
33723,Kalinga Pharmatech,2022-07-29,2022-07-29 11:31:00,2022-07-29 12:00:00,2022-07-29 16:30:00,F,80124182,ARATI PHARMA-BARANGA,270.69
33723,Kalinga Pharmatech,2022-07-29,2022-07-29 11:31:00,2022-07-29 12:00:00,2022-07-29 16:30:00,F,1304,MAA MEDICINE STORE,1382.52
33723,Kalinga Pharmatech,2022-07-29,2022-07-29 11:31:00,2022-07-29 12:00:00,2022-07-29 16:30:00,F,2528,SRIYANKA MEDICINE STORE,4347.62
33723,Kalinga Pharmatech,2022-07-29,2022-07-29 11:31:00,2022-07-29 12:00:00,2022-07-29 16:30:00,F,80125175,LIVEWELL PHARMA,1117.55
33723,Kalinga Pharmatech,2022-07-29,2022-07-29 11:31:00,2022-07-29 12:00:00,2022-07-29 16:30:00,F,2483,MEDILINK HEALTH CARE,2967.3
33723,Kalinga Pharmatech,2022-07-29,2022-07-29 11:31:00,2022-07-29 12:00:00,2022-07-29 16:30:00,F,80125484,CURE MEDICAL STORE,1100.93
33723,Kalinga Pharmatech,2022-07-29,2022-07-29 11:31:00,2022-07-29 12:00:00,2022-07-29 16:30:00,F,80124165,JYOSHNA MEDIPOINT,169.75
33723,Kalinga Pharmatech,2022-07-29,2022-07-29 11:31:00,2022-07-29 12:00:00,2022-07-29 16:30:00,F,80124127,MANASI MEDICINES,121.81
33723,Kalinga Pharmatech,2022-07-29,2022-07-29 11:31:00,2022-07-29 12:00:00,2022-07-29 16:30:00,F,2395,SANJAY MEDICARE,931.2
33723,Kalinga Pharmatech,2022-07-29,2022-07-29 11:31:00,2022-07-29 12:00:00,2022-07-29 16:30:00,F,1091,MAHADEV MEDICAL HALL,1418.55
33723,Kalinga Pharmatech,2022-07-29,2022-07-29 11:31:00,2022-07-29 12:00:00,2022-07-29 16:30:00,F,80124010,DIVINE HEALTH CARE,543.78
33723,Kalinga Pharmatech,2022-07-29,2022-07-29 11:31:00,2022-07-29 12:00:00,2022-07-29 16:30:00,F,1298,ADITYA DRUG HOUSE,2567.36
33723,Kalinga Pharmatech,2022-07-29,2022-07-29 11:31:00,2022-07-29 12:00:00,2022-07-29 16:30:00,F,80124128,SAI SANJEEBANI MEDICINE STORE,371.47
33723,Kalinga Pharmatech,2022-07-29,2022-07-29 11:31:00,2022-07-29 12:00:00,2022-07-29 16:30:00,F,2524,SAISHREE MEDICAL HALL,2351.26
33723,Kalinga Pharmatech,2022-07-29,2022-07-29 11:31:00,2022-07-29 12:00:00,2022-07-29 16:30:00,F,1256,LIFELINE MEDICINE STORE (P),419.88
33723,Kalinga Pharmatech,2022-07-29,2022-07-29 15:54:00,2022-07-29 12:00:00,2022-07-29 16:30:00,S,80125483,SANJUKTA  HEALTH CARE,814.98
33723,Kalinga Pharmatech,2022-07-29,2022-07-29 15:54:00,2022-07-29 12:00:00,2022-07-29 16:30:00,S,80125698,LIFE MEDICAL HALL,556.16
33723,Kalinga Pharmatech,2022-07-29,2022-07-29 15:54:00,2022-07-29 12:00:00,2022-07-29 16:30:00,S,80125943,MAA MEDICINES(SALIPUR),1523.58
33723,Kalinga Pharmatech,2022-07-29,2022-07-29 15:54:00,2022-07-29 12:00:00,2022-07-29 16:30:00,S,2773,LAXMINURSHINGHA MEDICINES(SALIPUR),1569.17
33723,Kalinga Pharmatech,2022-07-29,2022-07-29 16:02:00,2022-07-29 12:00:00,2022-07-29 16:30:00,S,80125013,SHIVAM HEALTHCARE,1996.43
33723,Kalinga Pharmatech,2022-07-29,2022-07-29 16:02:00,2022-07-29 12:00:00,2022-07-29 16:30:00,S,80125569,TRUE HOPE MEDICINES,388.54
33723,Kalinga Pharmatech,2022-07-29,2022-07-29 16:02:00,2022-07-29 12:00:00,2022-07-29 16:30:00,S,80124817,NEW MD MEDICINE STORE,6597.62
33723,Kalinga Pharmatech,2022-07-29,2022-07-29 16:02:00,2022-07-29 12:00:00,2022-07-29 16:30:00,S,80124811,OMM MAA TARINI MEDICINE STORE,1695.94
33723,Kalinga Pharmatech,2022-07-29,2022-07-29 16:02:00,2022-07-29 12:00:00,2022-07-29 16:30:00,S,80124685,DAKHINAKALI MEDICINES,194.0
33723,Kalinga Pharmatech,2022-07-29,2022-07-29 16:02:00,2022-07-29 12:00:00,2022-07-29 16:30:00,S,80124441,SRI SIDDHI BINAYAK MEDICINE STORE,2397.19
33723,Kalinga Pharmatech,2022-07-29,2022-07-29 16:02:00,2022-07-29 12:00:00,2022-07-29 16:30:00,S,80125141,NIRANJAN PHARMACEUTICALS,483.51
33723,Kalinga Pharmatech,2022-07-29,2022-07-29 16:02:00,2022-07-29 12:00:00,2022-07-29 16:30:00,S,80124925,PRADHAN DRUG HOUSE,2867.09
33723,Kalinga Pharmatech,2022-07-29,2022-07-29 16:02:00,2022-07-29 12:00:00,2022-07-29 16:30:00,S,80124058,OMM MAA BARUNEI DRUG HOUSE,3811.83
33723,Kalinga Pharmatech,2022-07-29,2022-07-29 16:02:00,2022-07-29 12:00:00,2022-07-29 16:30:00,S,80124830,SATYA SAI MEDICINE STORE,2483.64
33723,Kalinga Pharmatech,2022-07-29,2022-07-29 16:02:00,2022-07-29 12:00:00,2022-07-29 16:30:00,S,80124656,SARALA MEDICINE STORE,992.41
33723,Kalinga Pharmatech,2022-07-29,2022-07-29 16:02:00,2022-07-29 12:00:00,2022-07-29 16:30:00,S,80124579,KALYANI MEDICINE STORE,1897.71
33723,Kalinga Pharmatech,2022-07-29,2022-07-29 16:02:00,2022-07-29 12:00:00,2022-07-29 16:30:00,S,80124723,SAI NANDAMANI MEDICAL STORE,1030.92
33723,Kalinga Pharmatech,2022-07-29,2022-07-29 16:02:00,2022-07-29 12:00:00,2022-07-29 16:30:00,S,80124902,SUSHRUSHA MEDICAL HALL,912.18
33723,Kalinga Pharmatech,2022-07-29,2022-07-29 16:02:00,2022-07-29 12:00:00,2022-07-29 16:30:00,S,80124529,B.K MEDICALS,1627.38
33723,Kalinga Pharmatech,2022-07-29,2022-07-29 16:02:00,2022-07-29 12:00:00,2022-07-29 16:30:00,S,80125021,HANUMANJI MEDICINE STORE,381.36
33723,Kalinga Pharmatech,2022-07-29,2022-07-29 16:02:00,2022-07-29 12:00:00,2022-07-29 16:30:00,S,80124588,OMM SRI SAI MEDICINE STORE,1560.94
33723,Kalinga Pharmatech,2022-07-29,2022-07-29 16:02:00,2022-07-29 12:00:00,2022-07-29 16:30:00,S,80124846,OWEN DRUG HOUSE,1184.76
33723,Kalinga Pharmatech,2022-07-29,2022-07-29 16:02:00,2022-07-29 12:00:00,2022-07-29 16:30:00,S,80124724,KRISHNA HEALTH CARE,2837.39
33723,Kalinga Pharmatech,2022-07-29,2022-07-29 16:02:00,2022-07-29 12:00:00,2022-07-29 16:30:00,S,80125628,SHREE SAI MEDICINE STORE(JATANI),738.61
33723,Kalinga Pharmatech,2022-07-29,2022-07-29 16:02:00,2022-07-29 12:00:00,2022-07-29 16:30:00,S,80124761,CHARAK MEDICINES,117.78
33723,Kalinga Pharmatech,2022-07-29,2022-07-29 16:02:00,2022-07-29 12:00:00,2022-07-29 16:30:00,S,80124604,CHANDAN MEDICINE STORE,1824.04
33723,Kalinga Pharmatech,2022-07-29,2022-07-29 16:02:00,2022-07-29 12:00:00,2022-07-29 16:30:00,S,80124844,OMM SAI MEDICALS,2469.69
33723,Kalinga Pharmatech,2022-07-29,2022-07-29 16:02:00,2022-07-29 12:00:00,2022-07-29 16:30:00,S,80124591,SHREETIJA MEDICINE STORE,537.86
33723,Kalinga Pharmatech,2022-07-29,2022-07-29 16:02:00,2022-07-29 12:00:00,2022-07-29 16:30:00,S,80124481,SAI KRUPA MEDICINE STORE,1141.85
33723,Kalinga Pharmatech,2022-07-29,2022-07-29 16:02:00,2022-07-29 12:00:00,2022-07-29 16:30:00,S,80124901,SHREE JAGANNATH MEDICINE STORE,2746.25
33723,Kalinga Pharmatech,2022-07-29,2022-07-29 16:02:00,2022-07-29 12:00:00,2022-07-29 16:30:00,S,80124505,JAGANNATH MED STORE,512.04
33723,Kalinga Pharmatech,2022-07-29,2022-07-29 16:02:00,2022-07-29 12:00:00,2022-07-29 16:30:00,S,80125088,SHREE JAGANNATH MEDICINE STORE,975.68
33723,Kalinga Pharmatech,2022-07-29,2022-07-29 16:02:00,2022-07-29 12:00:00,2022-07-29 16:30:00,S,80125077,JAY MAA TARINI MEDICINE STORE,805.92
33723,Kalinga Pharmatech,2022-07-29,2022-07-29 16:02:00,2022-07-29 12:00:00,2022-07-29 16:30:00,S,80124471,W.N. ENTERPRISERS,5531.61
33723,Kalinga Pharmatech,2022-07-29,2022-07-29 16:02:00,2022-07-29 12:00:00,2022-07-29 16:30:00,S,80124559,SANTOSHI MEDICAL STORE,506.47
33723,Kalinga Pharmatech,2022-07-29,2022-07-29 16:02:00,2022-07-29 12:00:00,2022-07-29 16:30:00,S,80124690,GAURI MEDICINE STORE,10044.87
33723,Kalinga Pharmatech,2022-07-29,2022-07-29 16:02:00,2022-07-29 12:00:00,2022-07-29 16:30:00,S,80124679,SUDHANSHU MEDICINE STORE,4585.51
33723,Kalinga Pharmatech,2022-07-29,2022-07-29 16:02:00,2022-07-29 12:00:00,2022-07-29 16:30:00,S,80124736,LABANYA MEDICAL STORE,476.68
33723,Kalinga Pharmatech,2022-07-29,2022-07-29 16:02:00,2022-07-29 12:00:00,2022-07-29 16:30:00,S,80125609,JAGANNATH HEALTH CARE,836.75
33723,Kalinga Pharmatech,2022-07-29,2022-07-29 16:02:00,2022-07-29 12:00:00,2022-07-29 16:30:00,S,80125065,MANORAMA MEDICINE STORE,592.32
33723,Kalinga Pharmatech,2022-07-29,2022-07-29 16:02:00,2022-07-29 12:00:00,2022-07-29 16:30:00,S,80124934,MAA KHANDUANI MEDICINE STORE,144.81
33723,Kalinga Pharmatech,2022-07-29,2022-07-29 16:02:00,2022-07-29 12:00:00,2022-07-29 16:30:00,S,80125118,MAA BHAGBABATI  MEDICINE STORE,3382.4
33723,Kalinga Pharmatech,2022-07-29,2022-07-29 16:02:00,2022-07-29 12:00:00,2022-07-29 16:30:00,S,80125712,LATIFAN CARE,1413.49
33723,Kalinga Pharmatech,2022-07-29,2022-07-29 16:02:00,2022-07-29 12:00:00,2022-07-29 16:30:00,S,80125113,MAA MEDICINE STORE,3589.64
33723,Kalinga Pharmatech,2022-07-29,2022-07-29 16:02:00,2022-07-29 12:00:00,2022-07-29 16:30:00,S,80124727,SRI SAI NIRMAL MEDICINE STORE,3335.32
33723,Kalinga Pharmatech,2022-07-29,2022-07-29 16:02:00,2022-07-29 12:00:00,2022-07-29 16:30:00,S,80124412,URMILA DRUG HOUSE,1082.43
33723,Kalinga Pharmatech,2022-07-29,2022-07-29 16:02:00,2022-07-29 12:00:00,2022-07-29 16:30:00,S,80125775,BALAJI DRUG HOUSE,2065.09
33723,Kalinga Pharmatech,2022-07-29,2022-07-29 16:02:00,2022-07-29 12:00:00,2022-07-29 16:30:00,S,80124847,MAA PULAKAI MEDICARE,219.72
33723,Kalinga Pharmatech,2022-07-29,2022-07-29 16:02:00,2022-07-29 12:00:00,2022-07-29 16:30:00,S,80124544,MAA TARINI MEDICINE STORE,4174.34
33723,Kalinga Pharmatech,2022-07-29,2022-07-29 16:02:00,2022-07-29 12:00:00,2022-07-29 16:30:00,S,80124836,SANJUKTA DRUG HOUSE,301.71
33723,Kalinga Pharmatech,2022-07-29,2022-07-29 16:02:00,2022-07-29 12:00:00,2022-07-29 16:30:00,S,80124459,DHIREN MEDICINES,1604.61
33723,Kalinga Pharmatech,2022-07-29,2022-07-29 16:02:00,2022-07-29 12:00:00,2022-07-29 16:30:00,S,80125071,PIHU MEDICINE STORE,938.2
33723,Kalinga Pharmatech,2022-07-29,2022-07-29 16:02:00,2022-07-29 12:00:00,2022-07-29 16:30:00,S,80125035,HARISHANKAR MEDICAL STORE,2655.02
33723,Kalinga Pharmatech,2022-07-29,2022-07-29 16:02:00,2022-07-29 12:00:00,2022-07-29 16:30:00,S,80125167,MANGARAJ MEDICAL STORE,165.21
33723,Kalinga Pharmatech,2022-07-29,2022-07-29 16:02:00,2022-07-29 12:00:00,2022-07-29 16:30:00,S,80124410,SHREE BASUDEVA MEDICINE STORE,240.1
33723,Kalinga Pharmatech,2022-07-29,2022-07-29 16:02:00,2022-07-29 12:00:00,2022-07-29 16:30:00,S,80124712,SHREE JEE MEDICALS,686.59
33723,Kalinga Pharmatech,2022-07-29,2022-07-29 16:02:00,2022-07-29 12:00:00,2022-07-29 16:30:00,S,80124652,LIFE MEDICAL STORE,1155.69
33723,Kalinga Pharmatech,2022-07-29,2022-07-29 16:02:00,2022-07-29 12:00:00,2022-07-29 16:30:00,S,80124460,PATTANAYAK MEDICINE STORE,1366.32
33723,Kalinga Pharmatech,2022-07-29,2022-07-29 16:02:00,2022-07-29 12:00:00,2022-07-29 16:30:00,S,80125122,ASHIRBAD MEDICINE STORE,799.56
33723,Kalinga Pharmatech,2022-07-29,2022-07-29 16:02:00,2022-07-29 12:00:00,2022-07-29 16:30:00,S,80125947,MATRUKRUPA DRUG HOUSE,1889.76
33723,Kalinga Pharmatech,2022-07-29,2022-07-29 16:02:00,2022-07-29 12:00:00,2022-07-29 16:30:00,S,80124004,SANJUKTA MEDICINE STORE,753.83
33723,Kalinga Pharmatech,2022-07-29,2022-07-29 16:02:00,2022-07-29 12:00:00,2022-07-29 16:30:00,S,80124448,DAS MEDICALS,351.21
33723,Kalinga Pharmatech,2022-07-29,2022-07-29 16:02:00,2022-07-29 12:00:00,2022-07-29 16:30:00,S,80124451,NILAKANTHA MEDICINE STORE,1963.28
33723,Kalinga Pharmatech,2022-07-29,2022-07-29 16:02:00,2022-07-29 12:00:00,2022-07-29 16:30:00,S,80124927,ASHISH PHARMA,1314.18
33723,Kalinga Pharmatech,2022-07-29,2022-07-29 16:02:00,2022-07-29 12:00:00,2022-07-29 16:30:00,S,80124564,GRAND MEDICINES,346.09
33723,Kalinga Pharmatech,2022-07-29,2022-07-29 16:02:00,2022-07-29 12:00:00,2022-07-29 16:30:00,S,80125057,LIFE-CARE MEDICINE STORE,2313.8
33723,Kalinga Pharmatech,2022-07-29,2022-07-29 16:02:00,2022-07-29 12:00:00,2022-07-29 16:30:00,S,80124966,GAURISANKAR MEDICINE STORE,1593.32
33723,Kalinga Pharmatech,2022-07-29,2022-07-29 16:02:00,2022-07-29 12:00:00,2022-07-29 16:30:00,S,80124832,DEVI PRASAD MEDICINE STORE,2324.76
33723,Kalinga Pharmatech,2022-07-29,2022-07-29 16:02:00,2022-07-29 12:00:00,2022-07-29 16:30:00,S,80125565,ADLITE MEDICARE,291.37
33723,Kalinga Pharmatech,2022-07-29,2022-07-29 16:02:00,2022-07-29 12:00:00,2022-07-29 16:30:00,S,80125576,LIFE MEDICAL STORE(PIPILI),922.81
33723,Kalinga Pharmatech,2022-07-29,2022-07-29 16:02:00,2022-07-29 12:00:00,2022-07-29 16:30:00,S,80125643,JAGANNATH MEDICINE STORE(PURI),1313.28
33723,Kalinga Pharmatech,2022-07-29,2022-07-29 16:02:00,2022-07-29 12:00:00,2022-07-29 16:30:00,S,80124601,SHREE SAI MEDICINE STORE,1276.7
33723,Kalinga Pharmatech,2022-07-29,2022-07-29 16:02:00,2022-07-29 12:00:00,2022-07-29 16:30:00,S,80124733,KRISHNA MEDICINE STORE,266.36
33723,Kalinga Pharmatech,2022-07-29,2022-07-29 16:02:00,2022-07-29 12:00:00,2022-07-29 16:30:00,S,80125621,PINKU MEDICINE STORE,501.63
33723,Kalinga Pharmatech,2022-07-29,2022-07-29 16:02:00,2022-07-29 12:00:00,2022-07-29 16:30:00,S,80125939,SUMAN MEDICINE STORE,1119.83
33723,Kalinga Pharmatech,2022-07-29,2022-07-29 16:02:00,2022-07-29 12:00:00,2022-07-29 16:30:00,S,80124644,MOHANTY MEDICINES,1043.68
33723,Kalinga Pharmatech,2022-07-29,2022-07-29 16:02:00,2022-07-29 12:00:00,2022-07-29 16:30:00,S,80124463,MUNA MEDICAL HALL,1481.72
33723,Kalinga Pharmatech,2022-07-29,2022-07-29 16:02:00,2022-07-29 12:00:00,2022-07-29 16:30:00,S,80124843,ADISHAKTI DRUG HOUSE,666.14
33723,Kalinga Pharmatech,2022-07-29,2022-07-29 16:02:00,2022-07-29 12:00:00,2022-07-29 16:30:00,S,80124647,BHARATI MEDICINES,3125.51
33723,Kalinga Pharmatech,2022-07-29,2022-07-29 16:02:00,2022-07-29 12:00:00,2022-07-29 16:30:00,S,80124457,MAMATA MEDICAL STORE,309.93
33723,Kalinga Pharmatech,2022-07-29,2022-07-29 16:02:00,2022-07-29 12:00:00,2022-07-29 16:30:00,S,80125137,TUKUNA MEDICINE STORE,138.57
33723,Kalinga Pharmatech,2022-07-29,2022-07-29 16:02:00,2022-07-29 12:00:00,2022-07-29 16:30:00,S,80125059,RAJALAXMI MEDICINE STORE,260.44
33723,Kalinga Pharmatech,2022-07-29,2022-07-29 16:02:00,2022-07-29 12:00:00,2022-07-29 16:30:00,S,80125144,BISHNUPRIYA MEDICAL STORE,14120.87
33723,Kalinga Pharmatech,2022-07-29,2022-07-29 16:02:00,2022-07-29 12:00:00,2022-07-29 16:30:00,S,80125097,UTTARAYANI MED STORE,976.85
33723,Kalinga Pharmatech,2022-07-29,2022-07-29 16:02:00,2022-07-29 12:00:00,2022-07-29 16:30:00,S,80125962,LIFE LINE PHARMA,1864.47
33723,Kalinga Pharmatech,2022-07-29,2022-07-29 16:02:00,2022-07-29 12:00:00,2022-07-29 16:30:00,S,80124434,KALINGA DRUG HOUSE,832.05
33723,Kalinga Pharmatech,2022-07-29,2022-07-29 16:02:00,2022-07-29 12:00:00,2022-07-29 16:30:00,S,80125390,PRUSTY MEDICAL STORE(PURI),7552.19
33723,Kalinga Pharmatech,2022-07-29,2022-07-29 16:02:00,2022-07-29 12:00:00,2022-07-29 16:30:00,S,80124730,JYOTI MEDICINE STORE,1705.16
33723,Kalinga Pharmatech,2022-07-29,2022-07-29 16:02:00,2022-07-29 12:00:00,2022-07-29 16:30:00,S,80125606,SRI PHARMA,1651.15
33723,Kalinga Pharmatech,2022-07-29,2022-07-29 16:02:00,2022-07-29 12:00:00,2022-07-29 16:30:00,S,80126058,SNEHA MEDICURE,1383.68
33723,Kalinga Pharmatech,2022-07-29,2022-07-29 16:02:00,2022-07-29 12:00:00,2022-07-29 16:30:00,S,80124358,LIFE CARE MEDICINE STORE,693.3
33723,Kalinga Pharmatech,2022-07-29,2022-07-29 16:02:00,2022-07-29 12:00:00,2022-07-29 16:30:00,S,80124752,ALARNATH MEDICAL STORE,3426.69
33723,Kalinga Pharmatech,2022-07-29,2022-07-29 16:02:00,2022-07-29 12:00:00,2022-07-29 16:30:00,S,80125761,ARATATRANA GADIBRAHMHA MEDICAL STORE,2283.42
33723,Kalinga Pharmatech,2022-07-29,2022-07-29 16:02:00,2022-07-29 12:00:00,2022-07-29 16:30:00,S,80125114,SIDHI MEDICAL STORE,350.22
33723,Kalinga Pharmatech,2022-07-29,2022-07-29 16:02:00,2022-07-29 12:00:00,2022-07-29 16:30:00,S,80125105,BAJARANGI  DRUGS POINT,381.22
33723,Kalinga Pharmatech,2022-07-29,2022-07-29 16:02:00,2022-07-29 12:00:00,2022-07-29 16:30:00,S,80124687,A.K. MEDICUS,6657.1
33723,Kalinga Pharmatech,2022-07-29,2022-07-29 16:02:00,2022-07-29 12:00:00,2022-07-29 16:30:00,S,80124527,TAPASWINI MEDICAL STORE,7586.01
33723,Kalinga Pharmatech,2022-07-29,2022-07-29 16:02:00,2022-07-29 12:00:00,2022-07-29 16:30:00,S,80124462,MAHAVIR MEDICINE STORE,299.32
33723,Kalinga Pharmatech,2022-07-29,2022-07-29 16:02:00,2022-07-29 12:00:00,2022-07-29 16:30:00,S,80125081,PRADHAN MEDICINE STORE,136.06
33723,Kalinga Pharmatech,2022-07-29,2022-07-29 16:02:00,2022-07-29 12:00:00,2022-07-29 16:30:00,S,80124525,ASHOK MEDICAL STORE,135.11
33723,Kalinga Pharmatech,2022-07-29,2022-07-29 17:41:00,2022-07-29 12:00:00,2022-07-29 16:30:00,S,80125523,OMM MEDICAL STORE(BALASORE),240.07
33723,Kalinga Pharmatech,2022-07-29,2022-07-29 17:41:00,2022-07-29 12:00:00,2022-07-29 16:30:00,S,80126071,LAXMI JANARDAN MEDICINE STORE,6777.4
33723,Kalinga Pharmatech,2022-07-29,2022-07-29 17:41:00,2022-07-29 12:00:00,2022-07-29 16:30:00,S,80126086,ASHWINI MEDICAL STORE,28.75
33723,Kalinga Pharmatech,2022-07-29,2022-07-29 17:41:00,2022-07-29 12:00:00,2022-07-29 16:30:00,S,80125400,BHABANI SHANKAR MEDICAL STORE,28.75
33723,Kalinga Pharmatech,2022-07-29,2022-07-29 17:41:00,2022-07-29 12:00:00,2022-07-29 16:30:00,S,80125707,HARI OMM MEDICAL STORE,331.88
33723,Kalinga Pharmatech,2022-07-29,2022-07-29 17:41:00,2022-07-29 12:00:00,2022-07-29 16:30:00,S,80125810,SHREE MAHAVIR MEDISHOP,1036.15
33723,Kalinga Pharmatech,2022-07-29,2022-07-29 17:41:00,2022-07-29 12:00:00,2022-07-29 16:30:00,S,80126088,MAA TARINI MEDICINE STORE,3130.4
33723,Kalinga Pharmatech,2022-07-29,2022-07-29 17:41:00,2022-07-29 12:00:00,2022-07-29 16:30:00,S,80126047,SRI RAM MEDICAL STORE(BALASORE),28.75
33723,Kalinga Pharmatech,2022-07-29,2022-07-29 17:41:00,2022-07-29 12:00:00,2022-07-29 16:30:00,S,80125186,MAA MANGALA MED.STORE,28.75
33723,Kalinga Pharmatech,2022-07-29,2022-07-29 17:41:00,2022-07-29 12:00:00,2022-07-29 16:30:00,S,80125377,SRI JAGABALIA MEDICAL STORE,871.96
33723,Kalinga Pharmatech,2022-07-29,2022-07-29 17:41:00,2022-07-29 12:00:00,2022-07-29 16:30:00,S,80125395,RADHA GOPINATHA MEDICAL,257.8
33723,Kalinga Pharmatech,2022-07-29,2022-07-29 17:41:00,2022-07-29 12:00:00,2022-07-29 16:30:00,S,80125682,SHIVASHAKTI MEDICAL STORE,1056.95
33723,Kalinga Pharmatech,2022-07-29,2022-07-29 17:41:00,2022-07-29 12:00:00,2022-07-29 16:30:00,S,80125415,AMBIKA MEDICAL STORE,28.75
33723,Kalinga Pharmatech,2022-07-29,2022-07-29 17:41:00,2022-07-29 12:00:00,2022-07-29 16:30:00,S,80126091,JAY JAGANNATH MEDICAL STORE,6399.04
33723,Kalinga Pharmatech,2022-07-29,2022-07-29 17:41:00,2022-07-29 12:00:00,2022-07-29 16:30:00,S,80126044,TWIN MEDICAL STORE,28.75
33723,Kalinga Pharmatech,2022-07-29,2022-07-29 17:41:00,2022-07-29 12:00:00,2022-07-29 16:30:00,S,80125539,SREE MADHUSUDAN MEDICINE STORE,1746.37
33723,Kalinga Pharmatech,2022-07-29,2022-07-29 17:41:00,2022-07-29 12:00:00,2022-07-29 16:30:00,S,80125642,LIFEGUARD MEDICAL STORE,204.75
33723,Kalinga Pharmatech,2022-07-29,2022-07-29 17:41:00,2022-07-29 12:00:00,2022-07-29 16:30:00,S,80125459,SHANVI MEDICINE STORE,1100.9
33723,Kalinga Pharmatech,2022-07-29,2022-07-29 17:41:00,2022-07-29 12:00:00,2022-07-29 16:30:00,S,80125635,SHREE SAI MEDICAL STORE,417.86
33723,Kalinga Pharmatech,2022-07-29,2022-07-29 17:41:00,2022-07-29 12:00:00,2022-07-29 16:30:00,S,80125502,BABA RAJA BHAIRAB MEDICAL STORE,205.77
33723,Kalinga Pharmatech,2022-07-29,2022-07-29 17:41:00,2022-07-29 12:00:00,2022-07-29 16:30:00,S,80125958,HEALTHYLIFE MEDICINE STORE,338.48
33723,Kalinga Pharmatech,2022-07-29,2022-07-29 17:41:00,2022-07-29 12:00:00,2022-07-29 16:30:00,S,80125380,SRI RAGHUNATH MEDICAL STORE,115.0
33723,Kalinga Pharmatech,2022-07-29,2022-07-29 17:41:00,2022-07-29 12:00:00,2022-07-29 16:30:00,S,80125299,MANGALA MEDICAL STORE,1078.93
33723,Kalinga Pharmatech,2022-07-29,2022-07-29 17:41:00,2022-07-29 12:00:00,2022-07-29 16:30:00,S,80125365,SHREE MAHALAXMI MEDICAL,4157.84
33723,Kalinga Pharmatech,2022-07-29,2022-07-29 17:41:00,2022-07-29 12:00:00,2022-07-29 16:30:00,S,80125226,KK MEDICINE STORE,1090.24
33723,Kalinga Pharmatech,2022-07-29,2022-07-29 17:41:00,2022-07-29 12:00:00,2022-07-29 16:30:00,S,80125392,SHREE GUNDICHA MEDICAL STORE,28.75
33723,Kalinga Pharmatech,2022-07-29,2022-07-29 17:41:00,2022-07-29 12:00:00,2022-07-29 16:30:00,S,80126038,GURUKRUPA MEDICINE STORE(BALASORE),496.78
33723,Kalinga Pharmatech,2022-07-29,2022-07-29 17:41:00,2022-07-29 12:00:00,2022-07-29 16:30:00,S,80125367,SANJULATA MEDICAL STORE,797.91
33723,Kalinga Pharmatech,2022-07-29,2022-07-29 17:41:00,2022-07-29 12:00:00,2022-07-29 16:30:00,S,80125496,PATRA MEDICINE HALL,498.93
33723,Kalinga Pharmatech,2022-07-29,2022-07-29 17:41:00,2022-07-29 12:00:00,2022-07-29 16:30:00,S,80125397,KANAK MEDICAL STORE,1865.22
33723,Kalinga Pharmatech,2022-07-29,2022-07-29 17:41:00,2022-07-29 12:00:00,2022-07-29 16:30:00,S,80125369,SAIRAM MEDICINE,28.75
33723,Kalinga Pharmatech,2022-07-29,2022-07-29 17:41:00,2022-07-29 12:00:00,2022-07-29 16:30:00,S,80126050,PRADHANMEDICAL STORE(BALASORE,28.75
33723,Kalinga Pharmatech,2022-07-29,2022-07-29 17:41:00,2022-07-29 12:00:00,2022-07-29 16:30:00,S,80125347,MAA MANGALA MEDICAL STORE,1095.06
33723,Kalinga Pharmatech,2022-07-29,2022-07-29 17:41:00,2022-07-29 12:00:00,2022-07-29 16:30:00,S,80125614,SAI MEDICAL STORE(BALASORE),721.9
33723,Kalinga Pharmatech,2022-07-29,2022-07-29 17:41:00,2022-07-29 12:00:00,2022-07-29 16:30:00,S,80125335,JAY JAGANNATH MEDICAL STORE,2275.33
33723,Kalinga Pharmatech,2022-07-29,2022-07-29 17:41:00,2022-07-29 12:00:00,2022-07-29 16:30:00,S,80125659,MAA MEDICAL STORE(BALASORE),1004.63
33723,Kalinga Pharmatech,2022-07-29,2022-07-29 17:41:00,2022-07-29 12:00:00,2022-07-29 16:30:00,S,80126083,GEETANJALI  MEDICINE STORE,3169.16
33723,Kalinga Pharmatech,2022-07-29,2022-07-29 17:41:00,2022-07-29 12:00:00,2022-07-29 16:30:00,S,80126034,DIXIT MEDICAL STORE,28.75
33723,Kalinga Pharmatech,2022-07-29,2022-07-29 17:41:00,2022-07-29 12:00:00,2022-07-29 16:30:00,S,80125954,BHARTI MEDICINE STORE,681.95
33723,Kalinga Pharmatech,2022-07-29,2022-07-29 17:41:00,2022-07-29 12:00:00,2022-07-29 16:30:00,S,80125770,LIFE & CARE MEDICINE STORE,288.04
33723,Kalinga Pharmatech,2022-07-29,2022-07-29 17:41:00,2022-07-29 12:00:00,2022-07-29 16:30:00,S,80125408,MAA DURGA  MEDICAL STORE,2506.38
33723,Kalinga Pharmatech,2022-07-29,2022-07-29 17:54:00,2022-07-29 12:00:00,2022-07-29 16:30:00,S,80123987,DIAL HEALTH CARE INDIA PRIVATE LIMITED,113838.35
33723,Kalinga Pharmatech,2022-07-29,2022-07-29 17:54:00,2022-07-29 12:00:00,2022-07-29 16:30:00,S,80123985,DIAL HEALTH CARE INDIA PRIVATE LIMITED,29596.42
33723,Kalinga Pharmatech,2022-07-29,2022-07-29 17:54:00,2022-07-29 12:00:00,2022-07-29 16:30:00,S,80123964,AVIGHNA MEDICARE PRIVATE LIMITED,17191.85
33723,Kalinga Pharmatech,2022-07-29,2022-07-29 18:03:00,2022-07-29 12:00:00,2022-07-29 16:30:00,S,80126094,ALEKHA MAHIMA MEDICINE STORE(KEONJHAR),1862.15
33723,Kalinga Pharmatech,2022-07-29,2022-07-29 18:03:00,2022-07-29 12:00:00,2022-07-29 16:30:00,S,80125883,SHREE JAGANNATH MEDICINE STORE(JAJPUR),1154.71
33723,Kalinga Pharmatech,2022-07-29,2022-07-29 18:03:00,2022-07-29 12:00:00,2022-07-29 16:30:00,S,80125817,OMM MEDICINE STORE(JAJPUR),461.9
33723,Kalinga Pharmatech,2022-07-29,2022-07-29 18:03:00,2022-07-29 12:00:00,2022-07-29 16:30:00,S,80125806,JYOTI MEDICINES,398.34
33723,Kalinga Pharmatech,2022-07-29,2022-07-29 18:03:00,2022-07-29 12:00:00,2022-07-29 16:30:00,S,80125912,JAY JAGANNATH MEDICINE STORE(JAJPUR),507.26
33723,Kalinga Pharmatech,2022-07-29,2022-07-29 18:03:00,2022-07-29 12:00:00,2022-07-29 16:30:00,S,80125986,SAI SHREE MEDICAL STORE,450.14
33723,Kalinga Pharmatech,2022-07-29,2022-07-29 18:03:00,2022-07-29 12:00:00,2022-07-29 16:30:00,S,80125676,SADHU GOURESWAR MEDICAL STORE,2542.84
33723,Kalinga Pharmatech,2022-07-29,2022-07-29 18:03:00,2022-07-29 12:00:00,2022-07-29 16:30:00,S,80125745,SIVA GANESH MEDICINE SHOP,787.55
33723,Kalinga Pharmatech,2022-07-29,2022-07-29 18:03:00,2022-07-29 12:00:00,2022-07-29 16:30:00,S,80125530,GAYATREE MEDICALS,567.86
33723,Kalinga Pharmatech,2022-07-29,2022-07-29 18:03:00,2022-07-29 12:00:00,2022-07-29 16:30:00,S,80125759,LATIKA MEDICINE STORE,5764.93
33723,Kalinga Pharmatech,2022-07-29,2022-07-29 18:03:00,2022-07-29 12:00:00,2022-07-29 16:30:00,S,80125963,SANJUKTA DRUG AND CHEMIST,493.83
33723,Kalinga Pharmatech,2022-07-29,2022-07-29 18:03:00,2022-07-29 12:00:00,2022-07-29 16:30:00,S,80126076,LIFE CARE DRUG HOUSE,1389.05
33723,Kalinga Pharmatech,2022-07-29,2022-07-29 18:03:00,2022-07-29 12:00:00,2022-07-29 16:30:00,S,80125862,SAI MEDICINE STORE(JAJPUR),1878.61
33723,Kalinga Pharmatech,2022-07-29,2022-07-29 18:03:00,2022-07-29 12:00:00,2022-07-29 16:30:00,S,80125431,SHREE JAGANNATH MEDICAL STORE,302.0
33723,Kalinga Pharmatech,2022-07-29,2022-07-29 18:03:00,2022-07-29 12:00:00,2022-07-29 16:30:00,S,80125222,KANCHAN MEDICINE STORE,223.59
33723,Kalinga Pharmatech,2022-07-29,2022-07-29 18:03:00,2022-07-29 12:00:00,2022-07-29 16:30:00,S,80125371,BALARAM MEDICINE STORE,1956.2
33723,Kalinga Pharmatech,2022-07-29,2022-07-29 18:03:00,2022-07-29 12:00:00,2022-07-29 16:30:00,S,80125872,JAGAKALIA MEDICINE AND COSMETIC,1246.96
33723,Kalinga Pharmatech,2022-07-29,2022-07-29 18:03:00,2022-07-29 12:00:00,2022-07-29 16:30:00,S,80125842,NEW RADHA MEDICINE STORE,5182.33
33723,Kalinga Pharmatech,2022-07-29,2022-07-29 18:03:00,2022-07-29 12:00:00,2022-07-29 16:30:00,S,80126013,PAPUTAPU MEDICINE STORE,385.65
33723,Kalinga Pharmatech,2022-07-29,2022-07-29 18:03:00,2022-07-29 12:00:00,2022-07-29 16:30:00,S,80126015,CHAKADOLA LIFE LINE MEDICINES,4739.23
33723,Kalinga Pharmatech,2022-07-29,2022-07-29 18:03:00,2022-07-29 12:00:00,2022-07-29 16:30:00,S,80125735,GUPTA MEDICINE PLUS,10245.66
33723,Kalinga Pharmatech,2022-07-29,2022-07-29 18:03:00,2022-07-29 12:00:00,2022-07-29 16:30:00,S,80125536,LAXMI MEDICINE STORE,5064.25
33723,Kalinga Pharmatech,2022-07-29,2022-07-29 18:03:00,2022-07-29 12:00:00,2022-07-29 16:30:00,S,80125856,RELIANCE MEDICINE STORE,342.97
33723,Kalinga Pharmatech,2022-07-29,2022-07-29 18:03:00,2022-07-29 12:00:00,2022-07-29 16:30:00,S,80125896,SHREE GANESH MEDICINE STORE(JAJPUR),923.1
33723,Kalinga Pharmatech,2022-07-29,2022-07-29 18:03:00,2022-07-29 12:00:00,2022-07-29 16:30:00,S,80125604,PHARMACON MEDICINE STORE,1186.59
33723,Kalinga Pharmatech,2022-07-29,2022-07-29 18:03:00,2022-07-29 12:00:00,2022-07-29 16:30:00,S,80125771,NEW LIFE MEDICINE STORE(JAJPUR),2856.75
33723,Kalinga Pharmatech,2022-07-29,2022-07-29 18:03:00,2022-07-29 12:00:00,2022-07-29 16:30:00,S,80125960,KUMUDINI MEDICINE STORE,3022.35
33723,Kalinga Pharmatech,2022-07-29,2022-07-29 18:03:00,2022-07-29 12:00:00,2022-07-29 16:30:00,S,80125206,MAHAVIR MEDICAL STORE,406.64
33723,Kalinga Pharmatech,2022-07-29,2022-07-29 18:03:00,2022-07-29 12:00:00,2022-07-29 16:30:00,S,80126090,SWASTI DEEPI MEDICINE STORE(KEONJHAR),537.09
33723,Kalinga Pharmatech,2022-07-29,2022-07-29 18:03:00,2022-07-29 12:00:00,2022-07-29 16:30:00,S,80125176,SABITRI MEDICAL STORE,1599.27
33723,Kalinga Pharmatech,2022-07-29,2022-07-29 18:03:00,2022-07-29 12:00:00,2022-07-29 16:30:00,S,80125509,TOTAL CARE MEDICINE STORE,978.32
33723,Kalinga Pharmatech,2022-07-29,2022-07-29 18:03:00,2022-07-29 12:00:00,2022-07-29 16:30:00,S,80125839,UNIQUE MEDICINE STORE(JAJPUR),1731.17
33723,Kalinga Pharmatech,2022-07-29,2022-07-29 18:03:00,2022-07-29 12:00:00,2022-07-29 16:30:00,S,80125706,SHREE JAGADAMBA MEDICAL STORE,3638.81
33723,Kalinga Pharmatech,2022-07-29,2022-07-29 18:03:00,2022-07-29 12:00:00,2022-07-29 16:30:00,S,80125480,MAA TARINI MEDICINE STORE(BHADRAK),1940.54
33723,Kalinga Pharmatech,2022-07-29,2022-07-29 18:03:00,2022-07-29 12:00:00,2022-07-29 16:30:00,S,80125237,SAMAL MEDICINE STORE,552.0
33723,Kalinga Pharmatech,2022-07-29,2022-07-29 18:03:00,2022-07-29 12:00:00,2022-07-29 16:30:00,S,80125363,MAHAVEER MEDICINE STORE,192.02
33723,Kalinga Pharmatech,2022-07-29,2022-07-29 18:03:00,2022-07-29 12:00:00,2022-07-29 16:30:00,S,80126024,BAPI MEDICINE STORE,7669.28
33723,Kalinga Pharmatech,2022-07-29,2022-07-29 18:03:00,2022-07-29 12:00:00,2022-07-29 16:30:00,S,80126089,SHREE GANESH MEDICINE STORE,923.16
33723,Kalinga Pharmatech,2022-07-29,2022-07-29 18:03:00,2022-07-29 12:00:00,2022-07-29 16:30:00,S,80125826,GOPAL  MEDICINE STORE,1415.13
33723,Kalinga Pharmatech,2022-07-29,2022-07-29 18:03:00,2022-07-29 12:00:00,2022-07-29 16:30:00,S,80125683,DHAL MEDICINE STORE,816.13
33723,Kalinga Pharmatech,2022-07-29,2022-07-29 18:03:00,2022-07-29 12:00:00,2022-07-29 16:30:00,S,80125967,KANISHKA HEALTH CARE,1459.88
33723,Kalinga Pharmatech,2022-07-29,2022-07-29 18:03:00,2022-07-29 12:00:00,2022-07-29 16:30:00,S,80125760,MEDLIFE PHARMA(JAJPUR),99.33
33723,Kalinga Pharmatech,2022-07-29,2022-07-29 18:03:00,2022-07-29 12:00:00,2022-07-29 16:30:00,S,80125719,ARNAPURNA MEDICINE STORE,196.95
33723,Kalinga Pharmatech,2022-07-29,2022-07-29 18:03:00,2022-07-29 12:00:00,2022-07-29 16:30:00,S,80125776,FATHMA ATIKA MEDICAL STORE,804.09
33723,Kalinga Pharmatech,2022-07-29,2022-07-29 18:03:00,2022-07-29 12:00:00,2022-07-29 16:30:00,S,80125812,SAI KRUPA MEDICINE STORE(JAJPUR),761.93
33723,Kalinga Pharmatech,2022-07-29,2022-07-29 18:03:00,2022-07-29 12:00:00,2022-07-29 16:30:00,S,80125858,MORDEN MEDICINES,4172.23
33723,Kalinga Pharmatech,2022-07-29,2022-07-29 18:03:00,2022-07-29 12:00:00,2022-07-29 16:30:00,S,80125386,SAI MEDICINE STORE,1447.31
33723,Kalinga Pharmatech,2022-07-29,2022-07-29 18:03:00,2022-07-29 12:00:00,2022-07-29 16:30:00,S,80125909,SINHA MEDICINE STORE,297.87
33723,Kalinga Pharmatech,2022-07-29,2022-07-29 18:03:00,2022-07-29 12:00:00,2022-07-29 16:30:00,S,80125438,DIVINE MEDICAL STORE,2364.89
33723,Kalinga Pharmatech,2022-07-29,2022-07-29 18:03:00,2022-07-29 12:00:00,2022-07-29 16:30:00,S,80125610,KAR MEDICINE  STORE,561.78
33723,Kalinga Pharmatech,2022-07-29,2022-07-29 18:03:00,2022-07-29 12:00:00,2022-07-29 16:30:00,S,80125549,SUJATA MEDICINE STORE,292.39
33723,Kalinga Pharmatech,2022-07-29,2022-07-29 18:03:00,2022-07-29 12:00:00,2022-07-29 16:30:00,S,80125218,LIFE LINE MEDICINE STORE,403.31
33723,Kalinga Pharmatech,2022-07-29,2022-07-29 18:03:00,2022-07-29 12:00:00,2022-07-29 16:30:00,S,80125754,PURNIMA MEDICINE STORE(JAJPUR),95.11
33723,Kalinga Pharmatech,2022-07-29,2022-07-29 18:03:00,2022-07-29 12:00:00,2022-07-29 16:30:00,S,80125965,SAFAR DRUG HOUSE,196.37
33723,Kalinga Pharmatech,2022-07-29,2022-07-29 18:03:00,2022-07-29 12:00:00,2022-07-29 16:30:00,S,80125629,SAIRAM MEDICINE STORE(JAJPUR),379.65
33723,Kalinga Pharmatech,2022-07-29,2022-07-29 18:03:00,2022-07-29 12:00:00,2022-07-29 16:30:00,S,80125519,SHAIKH MEDICAL STORE,4596.4
33723,Kalinga Pharmatech,2022-07-29,2022-07-29 18:03:00,2022-07-29 12:00:00,2022-07-29 16:30:00,S,80125656,BASUDEV MEDICINE STORE,545.11
33723,Kalinga Pharmatech,2022-07-29,2022-07-29 18:03:00,2022-07-29 12:00:00,2022-07-29 16:30:00,S,80126010,AM CURE MEDICINE STORE,727.14
33723,Kalinga Pharmatech,2022-07-29,2022-07-29 18:03:00,2022-07-29 12:00:00,2022-07-29 16:30:00,S,80125702,CHANDAN MEDICINE STORE(JAJPUR),230.12
33723,Kalinga Pharmatech,2022-07-29,2022-07-29 18:03:00,2022-07-29 12:00:00,2022-07-29 16:30:00,S,80125623,KAR MEDICINE STORE(JAJPUR),132.76
33723,Kalinga Pharmatech,2022-07-29,2022-07-29 18:03:00,2022-07-29 12:00:00,2022-07-29 16:30:00,S,80126087,SAI SHRADHA MEDICINE STORE,489.02
33723,Kalinga Pharmatech,2022-07-29,2022-07-29 18:03:00,2022-07-29 12:00:00,2022-07-29 16:30:00,S,80125876,SAI DURGA MEDICAL STORE,2447.26
33723,Kalinga Pharmatech,2022-07-29,2022-07-29 18:03:00,2022-07-29 12:00:00,2022-07-29 16:30:00,S,80126003,SAI RAM MEDICAL STORE(JAJPUR),370.81
33723,Kalinga Pharmatech,2022-07-29,2022-07-29 18:03:00,2022-07-29 12:00:00,2022-07-29 16:30:00,S,80126046,RAGHUNATH MEDICINE STORE,951.5
33723,Kalinga Pharmatech,2022-07-29,2022-07-29 18:03:00,2022-07-29 12:00:00,2022-07-29 16:30:00,S,80125493,GOOD HEALTH MEDICINE STORE,1684.86
33723,Kalinga Pharmatech,2022-07-29,2022-07-29 18:03:00,2022-07-29 12:00:00,2022-07-29 16:30:00,S,80125728,KCP DRUG HOUSE,192.62
33723,Kalinga Pharmatech,2022-07-29,2022-07-29 18:03:00,2022-07-29 12:00:00,2022-07-29 16:30:00,S,80126032,MAA MANGALA MEDICINES,1063.49
33723,Kalinga Pharmatech,2022-07-29,2022-07-29 18:03:00,2022-07-29 12:00:00,2022-07-29 16:30:00,S,80125834,PAPU MEDICINE STORE,606.95
33723,Kalinga Pharmatech,2022-07-29,2022-07-29 18:03:00,2022-07-29 12:00:00,2022-07-29 16:30:00,S,80125185,JENA MEDICARE,1529.22
33723,Kalinga Pharmatech,2022-07-29,2022-07-29 18:03:00,2022-07-29 12:00:00,2022-07-29 16:30:00,S,80125910,OMM MAA HEALTHCARE,1873.87
33723,Kalinga Pharmatech,2022-07-29,2022-07-29 18:03:00,2022-07-29 12:00:00,2022-07-29 16:30:00,S,80125992,RAJA MEDICINE STORE(JAJPUR),3367.16
33723,Kalinga Pharmatech,2022-07-29,2022-07-29 18:03:00,2022-07-29 12:00:00,2022-07-29 16:30:00,S,80125349,RIYAN MEDICINE STORE,2349.54
33723,Kalinga Pharmatech,2022-07-29,2022-07-29 18:03:00,2022-07-29 12:00:00,2022-07-29 16:30:00,S,80126028,MEDIGO HEALTH CARE,199.22
33723,Kalinga Pharmatech,2022-07-29,2022-07-29 18:03:00,2022-07-29 12:00:00,2022-07-29 16:30:00,S,80125906,LIFE CARE MEDICINE STORE(JAJPUR),1077.07
33723,Kalinga Pharmatech,2022-07-29,2022-07-29 18:03:00,2022-07-29 12:00:00,2022-07-29 16:30:00,S,80125450,HARAGOURI MEDICINE STORE,3482.14
33723,Kalinga Pharmatech,2022-07-29,2022-07-29 18:03:00,2022-07-29 12:00:00,2022-07-29 16:30:00,S,80125422,GAYATRI MEDICAL STORE,773.15
33723,Kalinga Pharmatech,2022-07-29,2022-07-29 18:03:00,2022-07-29 12:00:00,2022-07-29 16:30:00,S,80126097,GAYATRI MEDICINE STORE(KEONJHAR),282.62
33723,Kalinga Pharmatech,2022-07-29,2022-07-29 18:03:00,2022-07-29 12:00:00,2022-07-29 16:30:00,S,80125968,RAGHUNATH MEDICAL  STORE(KEONJHAR),232.61
33723,Kalinga Pharmatech,2022-07-29,2022-07-29 18:46:00,2022-07-29 12:00:00,2022-07-29 16:30:00,S,3056,OMM MEDICINE STORE,615.82
33723,Kalinga Pharmatech,2022-07-29,2022-07-29 18:46:00,2022-07-29 12:00:00,2022-07-29 16:30:00,S,80125342,AIR MED PHARMA,342.23
33723,Kalinga Pharmatech,2022-07-29,2022-07-29 18:46:00,2022-07-29 12:00:00,2022-07-29 16:30:00,S,80124180,JAY JAGANNATH MEDICAL STORE,309.71
33723,Kalinga Pharmatech,2022-07-29,2022-07-29 18:46:00,2022-07-29 12:00:00,2022-07-29 16:30:00,S,2692,SURAKSHYA MEDICINE STORE,1156.97
33723,Kalinga Pharmatech,2022-07-29,2022-07-29 18:46:00,2022-07-29 12:00:00,2022-07-29 16:30:00,S,80124584,S.S MEDICINE STORE,759.56
33723,Kalinga Pharmatech,2022-07-29,2022-07-29 18:46:00,2022-07-29 12:00:00,2022-07-29 16:30:00,S,2709,MAHALAXMI MEDICINE STORE,353.02
33723,Kalinga Pharmatech,2022-07-29,2022-07-29 18:46:00,2022-07-29 12:00:00,2022-07-29 16:30:00,S,80125456,SHRI JAGANNATH MEDICINE STORE,2246.7
33723,Kalinga Pharmatech,2022-07-29,2022-07-29 18:46:00,2022-07-29 12:00:00,2022-07-29 16:30:00,S,2694,SARALA MEDICINE STORE,2995.95
33723,Kalinga Pharmatech,2022-07-29,2022-07-29 18:46:00,2022-07-29 12:00:00,2022-07-29 16:30:00,S,2350,SHREE SAI MED POINT,1046.44
33723,Kalinga Pharmatech,2022-07-29,2022-07-29 18:46:00,2022-07-29 12:00:00,2022-07-29 16:30:00,S,80124286,SHREE GANESH MEDICINE STORE,909.42
33723,Kalinga Pharmatech,2022-07-29,2022-07-29 18:46:00,2022-07-29 12:00:00,2022-07-29 16:30:00,S,2453,LIFE CARE,2536.77
33723,Kalinga Pharmatech,2022-07-29,2022-07-29 18:47:00,2022-07-29 12:00:00,2022-07-29 16:30:00,S,80124182,ARATI PHARMA-BARANGA,367.03
33723,Kalinga Pharmatech,2022-07-29,2022-07-29 18:47:00,2022-07-29 12:00:00,2022-07-29 16:30:00,S,2507,CARE PLUS MEDICINES,848.6
33723,Kalinga Pharmatech,2022-07-29,2022-07-29 18:47:00,2022-07-29 12:00:00,2022-07-29 16:30:00,S,2395,SANJAY MEDICARE,930.71
33723,Kalinga Pharmatech,2022-07-29,2022-07-29 18:47:00,2022-07-29 12:00:00,2022-07-29 16:30:00,S,80124066,MAA SANTOSHI MEDCINES,441.85
33723,Kalinga Pharmatech,2022-07-29,2022-07-29 18:47:00,2022-07-29 12:00:00,2022-07-29 16:30:00,S,80123996,SAILAJA MEDISHOP,5338.08
33723,Kalinga Pharmatech,2022-07-29,2022-07-29 18:47:00,2022-07-29 12:00:00,2022-07-29 16:30:00,S,2219,BABA AKHANDALAMANI MEDICINE STORE,496.64
33723,Kalinga Pharmatech,2022-07-29,2022-07-29 18:47:00,2022-07-29 12:00:00,2022-07-29 16:30:00,S,80124278,LAXMI MEDICARE,215.58
33723,Kalinga Pharmatech,2022-07-29,2022-07-29 18:47:00,2022-07-29 12:00:00,2022-07-29 16:30:00,S,2292,JANATA MEDICINE,355.83
33723,Kalinga Pharmatech,2022-07-29,2022-07-29 18:47:00,2022-07-29 12:00:00,2022-07-29 16:30:00,S,2528,SRIYANKA MEDICINE STORE,1606.52
33723,Kalinga Pharmatech,2022-07-29,2022-07-29 18:47:00,2022-07-29 12:00:00,2022-07-29 16:30:00,S,80124178,SAI SANDHYA MEDICINE STORE,692.93
33723,Kalinga Pharmatech,2022-07-29,2022-07-29 18:47:00,2022-07-29 12:00:00,2022-07-29 16:30:00,S,80124849,KONARK PHARMACEUTICALS,394.6
33723,Kalinga Pharmatech,2022-07-29,2022-07-29 18:48:00,2022-07-29 12:00:00,2022-07-29 16:30:00,S,80125677,SHREE JAGANNATH MEDICINE STORE,4762.33
33723,Kalinga Pharmatech,2022-07-29,2022-07-29 18:48:00,2022-07-29 12:00:00,2022-07-29 16:30:00,S,80124137,ROSE MEDICARE,319.05
33723,Kalinga Pharmatech,2022-07-29,2022-07-29 18:48:00,2022-07-29 12:00:00,2022-07-29 16:30:00,S,80124268,CARE AND CURE DRUG HOUSE,795.38
33723,Kalinga Pharmatech,2022-07-29,2022-07-29 18:48:00,2022-07-29 12:00:00,2022-07-29 16:30:00,S,3275,ROSE MEDICARE,181.39
33723,Kalinga Pharmatech,2022-07-29,2022-07-29 18:48:00,2022-07-29 12:00:00,2022-07-29 16:30:00,S,3167,RADHARAMAN DRUGS,876.28
33723,Kalinga Pharmatech,2022-07-29,2022-07-29 18:48:00,2022-07-29 12:00:00,2022-07-29 16:30:00,S,80125846,DK PHARMATECH,665.46
33723,Kalinga Pharmatech,2022-07-29,2022-07-29 18:48:00,2022-07-29 12:00:00,2022-07-29 16:30:00,S,80124363,PRABHU MEDICARE,1641.51
33723,Kalinga Pharmatech,2022-07-29,2022-07-29 18:48:00,2022-07-29 12:00:00,2022-07-29 16:30:00,S,80124293,V CARE PHARMA,106.7
33723,Kalinga Pharmatech,2022-07-29,2022-07-29 18:48:00,2022-07-29 12:00:00,2022-07-29 16:30:00,S,80126100,MAA SANTOSHI DRUGS,481.47
33723,Kalinga Pharmatech,2022-07-29,2022-07-29 18:48:00,2022-07-29 12:00:00,2022-07-29 16:30:00,S,80124101,PATRA PHARMA,1986.59
33723,Kalinga Pharmatech,2022-07-29,2022-07-29 18:48:00,2022-07-29 12:00:00,2022-07-29 16:30:00,S,1341,KAYSARI MEDICAL STORE,1408.78
33723,Kalinga Pharmatech,2022-07-29,2022-07-29 18:48:00,2022-07-29 12:00:00,2022-07-29 16:30:00,S,80125845,MEDICARE PLUS,3815.52
33723,Kalinga Pharmatech,2022-07-29,2022-07-29 18:48:00,2022-07-29 12:00:00,2022-07-29 16:30:00,S,1475,SHIVSAI MEDICINE STORE,540.44
33723,Kalinga Pharmatech,2022-07-29,2022-07-29 18:48:00,2022-07-29 12:00:00,2022-07-29 16:30:00,S,80124364,MAHALAXMI MEDICINE STORE(DUMUDUMA),5052.42
33723,Kalinga Pharmatech,2022-07-29,2022-07-29 18:49:00,2022-07-29 12:00:00,2022-07-29 16:30:00,S,80124156,SARALA MEDICINE STORE,1078.32
33723,Kalinga Pharmatech,2022-07-29,2022-07-29 18:49:00,2022-07-29 12:00:00,2022-07-29 16:30:00,S,80124246,PRATEEK MEDICINE STORE,2132.42
33723,Kalinga Pharmatech,2022-07-29,2022-07-29 18:49:00,2022-07-29 12:00:00,2022-07-29 16:30:00,S,1765,ANANT BALIA DRUG HOUSE,1035.09
33723,Kalinga Pharmatech,2022-07-29,2022-07-29 18:49:00,2022-07-29 12:00:00,2022-07-29 16:30:00,S,1455,MAA PARVATI MEDICINES,225.96
33723,Kalinga Pharmatech,2022-07-29,2022-07-29 18:49:00,2022-07-29 12:00:00,2022-07-29 16:30:00,S,3372,MATRUKRUPA MEDICARE,756.35
33723,Kalinga Pharmatech,2022-07-29,2022-07-29 18:49:00,2022-07-29 12:00:00,2022-07-29 16:30:00,S,80124257,SAI RAM DRUG HOUSE,469.44
33723,Kalinga Pharmatech,2022-07-29,2022-07-29 18:49:00,2022-07-29 12:00:00,2022-07-29 16:30:00,S,1095,TARA CARE,467.63
33723,Kalinga Pharmatech,2022-07-29,2022-07-29 18:49:00,2022-07-29 12:00:00,2022-07-29 16:30:00,S,1738,MISHRA DRUG HOUSE,511.46
33723,Kalinga Pharmatech,2022-07-29,2022-07-29 18:49:00,2022-07-29 12:00:00,2022-07-29 16:30:00,S,2499,DURGA MEDICAL STORE,3266.71
33723,Kalinga Pharmatech,2022-07-29,2022-07-29 18:50:00,2022-07-29 12:00:00,2022-07-29 16:30:00,S,2985,PADMANAVA MEDICINE STORE,238.79
33723,Kalinga Pharmatech,2022-07-29,2022-07-29 18:50:00,2022-07-29 12:00:00,2022-07-29 16:30:00,S,1551,LAXMI MEDICINE STORE,2114.56
33723,Kalinga Pharmatech,2022-07-29,2022-07-29 18:50:00,2022-07-29 12:00:00,2022-07-29 16:30:00,S,3073,MEDI POINT,1470.6
33723,Kalinga Pharmatech,2022-07-29,2022-07-29 18:50:00,2022-07-29 12:00:00,2022-07-29 16:30:00,S,80124341,SUBHALAXMI MEDICINE STORE,1169.35
33723,Kalinga Pharmatech,2022-07-29,2022-07-29 18:50:00,2022-07-29 12:00:00,2022-07-29 16:30:00,S,3047,LAXMI MEDICALS,888.25
33723,Kalinga Pharmatech,2022-07-29,2022-07-29 18:50:00,2022-07-29 12:00:00,2022-07-29 16:30:00,S,3002,JAGANNATH MEDICINE STORE,263.28
33723,Kalinga Pharmatech,2022-07-29,2022-07-29 18:50:00,2022-07-29 12:00:00,2022-07-29 16:30:00,S,80125179,LAXMI NARAYAN MEDICINE STORE,108.54
33723,Kalinga Pharmatech,2022-07-29,2022-07-29 18:51:00,2022-07-29 12:00:00,2022-07-29 16:30:00,S,1071,MADANI DRUG HOUSE,593.22
33723,Kalinga Pharmatech,2022-07-29,2022-07-29 18:51:00,2022-07-29 12:00:00,2022-07-29 16:30:00,S,80124035,BHAVANI MEDICAL STORE,1274.5
33723,Kalinga Pharmatech,2022-07-29,2022-07-29 18:51:00,2022-07-29 12:00:00,2022-07-29 16:30:00,S,1068,RATNAMANI MEDICARE,493.52
33723,Kalinga Pharmatech,2022-07-29,2022-07-29 18:51:00,2022-07-29 12:00:00,2022-07-29 16:30:00,S,1896,SUBHAM MEDICINES,275.81
33723,Kalinga Pharmatech,2022-07-29,2022-07-29 18:51:00,2022-07-29 12:00:00,2022-07-29 16:30:00,S,80125376,"CLINIC & CURE PHARMA,PALASUNI",884.65
33723,Kalinga Pharmatech,2022-07-29,2022-07-29 18:51:00,2022-07-29 12:00:00,2022-07-29 16:30:00,S,80125808,SAI AROGYAM PLUS,954.34
33723,Kalinga Pharmatech,2022-07-29,2022-07-29 18:51:00,2022-07-29 12:00:00,2022-07-29 16:30:00,S,80124261,DURGA MEDICINE STORE,444.8
33723,Kalinga Pharmatech,2022-07-29,2022-07-29 18:51:00,2022-07-29 12:00:00,2022-07-29 16:30:00,S,3169,ROSE MEDICINES,1761.43
33723,Kalinga Pharmatech,2022-07-29,2022-07-29 18:51:00,2022-07-29 12:00:00,2022-07-29 16:30:00,S,80124815,DIYA MEDICINE STORE,175.28
33723,Kalinga Pharmatech,2022-07-29,2022-07-29 18:51:00,2022-07-29 12:00:00,2022-07-29 16:30:00,S,80125017,PRATIVA MEDI CLINIC,3332.08
33723,Kalinga Pharmatech,2022-07-29,2022-07-29 18:51:00,2022-07-29 12:00:00,2022-07-29 16:30:00,S,1182,JAYADURGA MEDICINE STORE,742.93
33723,Kalinga Pharmatech,2022-07-29,2022-07-29 18:51:00,2022-07-29 12:00:00,2022-07-29 16:30:00,S,80125650,RASHMI MEDICAL STORE,360.49
33723,Kalinga Pharmatech,2022-07-29,2022-07-29 18:52:00,2022-07-29 12:00:00,2022-07-29 16:30:00,S,1974,DURGA MEDICINE STORE,559.15
33723,Kalinga Pharmatech,2022-07-29,2022-07-29 18:52:00,2022-07-29 12:00:00,2022-07-29 16:30:00,S,2483,MEDILINK HEALTH CARE,473.91
33723,Kalinga Pharmatech,2022-07-29,2022-07-29 18:52:00,2022-07-29 12:00:00,2022-07-29 16:30:00,S,80124006,SHRI KRISHNA MEDICAL HALL,493.13
33723,Kalinga Pharmatech,2022-07-29,2022-07-29 18:52:00,2022-07-29 12:00:00,2022-07-29 16:30:00,S,80124128,SAI SANJEEBANI MEDICINE STORE,123.22
33723,Kalinga Pharmatech,2022-07-29,2022-07-29 18:52:00,2022-07-29 12:00:00,2022-07-29 16:30:00,S,80124165,JYOSHNA MEDIPOINT,150.97
33723,Kalinga Pharmatech,2022-07-29,2022-07-29 18:52:00,2022-07-29 12:00:00,2022-07-29 16:30:00,S,80125014,SHREE MEDICOS,3177.51
33723,Kalinga Pharmatech,2022-07-29,2022-07-29 18:53:00,2022-07-29 12:00:00,2022-07-29 16:30:00,S,1428,JASMIN MEDICINE STORE,584.31
33723,Kalinga Pharmatech,2022-07-29,2022-07-29 18:53:00,2022-07-29 12:00:00,2022-07-29 16:30:00,S,1304,MAA MEDICINE STORE,176.68
33723,Kalinga Pharmatech,2022-07-29,2022-07-29 18:53:00,2022-07-29 12:00:00,2022-07-29 16:30:00,S,80124181,DAS & DAS MEDICAL STORE,186.71
33723,Kalinga Pharmatech,2022-07-29,2022-07-29 18:53:00,2022-07-29 12:00:00,2022-07-29 16:30:00,S,80125145,MEDINEXT HEALTHCARE,234.18
33723,Kalinga Pharmatech,2022-07-29,2022-07-29 18:53:00,2022-07-29 12:00:00,2022-07-29 16:30:00,S,80124059,SARASWATI DRUG HOUSE,449.69
33723,Kalinga Pharmatech,2022-07-29,2022-07-29 18:53:00,2022-07-29 12:00:00,2022-07-29 16:30:00,S,80124055,SHREE JAGANNATH DRUG HOUSE,251.19
